Employee_ID,Age,Experience_Years,Education,Department,Job_Level,Performance_Rating,Projects_Completed,Certifications,Weekly_Work_Hours,Remote_Work,City_Tier,Job_Satisfaction,Salary_LPA,Salary_Status
10001,59,34,Bachelor,Marketing,9,3.7,30,13,38.1,No,Tier 2,5,2.5,High
10002,49,29,Bachelor,HR,9,3.2,25,10,48.3,No,Tier 2,1,2.5,High
10003,35,10,Bachelor,IT,4,3.1,13,4,41.7,No,Tier 1,2,1.51,Low
10004,28,3,Master,Operations,1,3.1,7,3,41.8,No,Tier 1,4,0.93,Low
10005,41,18,Master,IT,5,2.6,18,7,47.2,No,Tier 1,5,2.19,High
10006,59,36,Diploma,Sales,10,3.2,34,13,34.6,Yes,Tier 3,2,2.5,High
10007,39,16,Bachelor,Finance,6,2.3,16,9,42.8,No,Tier 2,5,2.08,Low
10008,43,23,Bachelor,Marketing,6,4.3,19,8,42.9,Yes,Tier 1,4,2.47,High
10009,31,5,Master,Operations,2,4.6,7,0,41.6,Yes,Tier 1,1,1.26,Low
10010,31,8,Bachelor,Operations,4,2.0,10,3,40.3,No,Tier 2,4,1.33,Low
10011,44,17,Bachelor,HR,5,3.2,19,7,39.4,Yes,Tier 1,3,2.06,Low
10012,56,36,Diploma,IT,10,3.2,32,13,44.4,Yes,Tier 3,5,2.5,High
10013,60,37,Bachelor,HR,10,3.4,31,14,37.9,Yes,Tier 2,2,2.5,High
10014,44,20,Diploma,Finance,7,4.2,21,7,43.8,No,Tier 1,2,2.35,High
10015,23,0,Bachelor,Finance,1,3.2,4,0,40.2,No,Tier 2,4,0.81,Low
10016,42,15,Diploma,HR,4,3.4,19,6,40.6,No,Tier 1,4,1.75,Low
10017,22,0,Master,Marketing,2,5.0,3,1,44.0,No,Tier 3,4,0.91,Low
10018,44,23,Diploma,Finance,6,3.4,19,12,40.5,Yes,Tier 1,2,2.43,High
10019,50,25,Bachelor,HR,8,4.6,26,12,49.3,Yes,Tier 3,1,2.5,High
10020,58,33,Master,IT,9,3.8,28,10,42.3,Yes,Tier 2,2,2.5,High
10021,22,0,Diploma,HR,2,3.1,4,0,48.2,Yes,Tier 3,1,0.69,Low
10022,41,15,Bachelor,HR,5,3.0,15,6,39.2,Yes,Tier 1,4,1.95,Low
10023,53,31,Bachelor,Sales,8,3.5,28,14,39.1,Yes,Tier 1,3,2.5,High
10024,32,6,High School,Finance,2,2.8,7,4,34.7,Yes,Tier 2,2,0.9,Low
10025,42,19,Master,Marketing,5,2.9,14,8,40.5,No,Tier 2,4,2.05,Low
10026,45,20,High School,Marketing,6,3.2,16,8,41.8,No,Tier 1,2,2.21,High
10027,47,20,Bachelor,Sales,7,3.7,22,9,43.4,No,Tier 1,4,2.43,High
10028,48,27,Bachelor,Operations,8,4.7,26,11,46.5,No,Tier 1,2,2.5,High
10029,36,9,Bachelor,Marketing,3,3.2,15,7,46.1,Yes,Tier 2,5,1.47,Low
10030,35,8,Master,HR,3,3.8,7,2,48.7,No,Tier 1,2,1.44,Low
10031,23,0,Bachelor,Sales,2,2.4,3,2,38.6,Yes,Tier 1,5,0.89,Low
10032,57,31,High School,IT,8,4.2,31,11,43.2,No,Tier 1,1,2.5,High
10033,27,6,Master,Finance,2,2.4,6,4,38.0,No,Tier 1,2,1.19,Low
10034,41,21,Bachelor,Finance,6,4.0,19,9,45.1,No,Tier 1,1,2.33,High
10035,29,5,Master,Finance,2,3.4,6,4,52.0,No,Tier 3,3,1.3,Low
10036,59,34,Master,HR,10,3.4,29,14,37.0,No,Tier 1,5,2.5,High
10037,38,15,Master,IT,5,3.3,16,8,46.4,No,Tier 3,2,2.0,Low
10038,24,4,Bachelor,Sales,2,2.7,2,5,48.2,Yes,Tier 1,1,1.07,Low
10039,45,21,Bachelor,Sales,7,2.7,24,9,38.5,No,Tier 1,4,2.39,High
10040,34,11,Master,Finance,3,4.0,9,5,45.2,Yes,Tier 1,1,1.62,Low
10041,29,2,Bachelor,IT,1,3.5,1,1,41.2,No,Tier 2,2,0.72,Low
10042,46,24,Diploma,IT,7,3.3,22,10,42.4,Yes,Tier 2,3,2.5,High
10043,22,0,Master,IT,2,3.8,2,3,41.0,Yes,Tier 2,5,0.98,Low
10044,40,19,Master,Marketing,6,3.6,18,6,41.9,No,Tier 1,4,2.3,High
10045,48,27,Bachelor,Marketing,8,3.0,25,12,48.8,Yes,Tier 3,1,2.5,High
10046,27,5,High School,Finance,3,5.0,9,3,42.6,No,Tier 3,2,1.08,Low
10047,28,8,Bachelor,IT,4,4.0,14,3,40.0,Yes,Tier 1,2,1.53,Low
10048,55,31,Master,Operations,8,3.6,26,11,43.3,No,Tier 2,5,2.5,High
10049,34,11,Master,IT,3,3.2,14,4,32.4,No,Tier 2,4,1.54,Low
10050,37,16,Diploma,Sales,6,4.1,18,6,38.9,No,Tier 1,1,1.92,Low
10051,56,36,High School,Sales,10,3.0,25,14,49.2,Yes,Tier 1,1,2.5,High
10052,60,38,Master,Finance,10,2.9,31,15,42.3,Yes,Tier 2,1,2.5,High
10053,24,0,Bachelor,Operations,1,4.6,1,4,40.6,No,Tier 3,5,0.75,Low
10054,22,0,Bachelor,IT,2,3.5,4,1,43.9,Yes,Tier 1,5,0.97,Low
10055,26,0,PhD,Operations,1,3.0,4,2,46.7,Yes,Tier 2,4,0.9,Low
10056,24,0,High School,Finance,1,3.5,4,1,49.6,No,Tier 3,1,0.58,Low
10057,49,28,Bachelor,Sales,9,4.1,25,11,40.7,No,Tier 1,1,2.5,High
10058,38,11,High School,Sales,3,3.9,11,3,40.9,Yes,Tier 1,4,1.41,Low
10059,46,19,Bachelor,Marketing,5,4.1,18,6,41.9,Yes,Tier 2,4,2.08,Low
10060,54,32,Master,Finance,10,2.7,28,13,48.1,Yes,Tier 1,4,2.5,High
10061,30,7,Bachelor,Finance,2,4.1,11,2,43.3,No,Tier 1,2,1.27,Low
10062,56,29,PhD,IT,9,3.4,24,12,53.8,Yes,Tier 1,4,2.5,High
10063,34,8,Bachelor,IT,3,3.6,7,3,42.2,No,Tier 1,3,1.47,Low
10064,51,24,Bachelor,Marketing,8,4.3,23,7,51.8,Yes,Tier 3,5,2.5,High
10065,35,9,Diploma,HR,4,4.0,9,1,38.5,Yes,Tier 2,4,1.19,Low
10066,28,4,Bachelor,Operations,2,3.7,3,5,36.1,No,Tier 1,2,1.03,Low
10067,34,13,Bachelor,HR,5,2.2,15,4,42.5,Yes,Tier 2,3,1.64,Low
10068,43,22,High School,HR,6,3.5,19,9,48.7,No,Tier 3,2,2.17,High
10069,60,37,Bachelor,Finance,10,3.0,30,14,40.6,No,Tier 1,2,2.5,High
10070,41,14,Bachelor,Operations,5,4.0,14,5,39.9,Yes,Tier 1,2,1.88,Low
10071,36,9,Master,Finance,3,4.1,8,4,48.1,No,Tier 3,2,1.5,Low
10072,38,13,Master,Operations,5,3.3,13,6,46.5,Yes,Tier 3,1,1.88,Low
10073,44,24,Master,Sales,7,3.1,21,10,39.0,Yes,Tier 1,5,2.5,High
10074,46,22,High School,Finance,6,4.5,19,8,38.7,Yes,Tier 1,1,2.31,High
10075,45,24,Diploma,Finance,8,3.1,21,10,47.1,No,Tier 1,3,2.5,High
10076,49,25,Master,Finance,7,2.7,25,10,34.8,Yes,Tier 1,1,2.5,High
10077,35,14,Bachelor,Marketing,4,3.0,15,5,48.4,No,Tier 2,3,1.74,Low
10078,21,0,High School,Finance,1,3.1,1,3,46.5,No,Tier 1,4,0.68,Low
10079,45,23,Master,IT,6,2.9,24,9,31.6,Yes,Tier 1,3,2.39,High
10080,27,1,Master,IT,1,4.0,5,0,43.1,No,Tier 2,1,0.94,Low
10081,29,8,Bachelor,Operations,3,2.1,11,5,33.1,No,Tier 3,1,1.18,Low
10082,44,20,High School,Sales,6,2.9,21,7,37.0,No,Tier 1,3,2.22,High
10083,21,0,Master,Marketing,1,3.5,3,1,40.5,No,Tier 1,1,0.78,Low
10084,28,8,Bachelor,Operations,4,3.6,11,4,36.7,No,Tier 3,3,1.37,Low
10085,44,22,Master,IT,6,4.6,19,8,54.1,Yes,Tier 2,2,2.5,High
10086,31,9,Master,Marketing,3,4.5,12,7,47.3,No,Tier 1,5,1.6,Low
10087,37,17,Master,Marketing,6,2.5,17,5,49.8,No,Tier 1,3,2.17,High
10088,28,4,Bachelor,Sales,3,2.3,3,3,42.3,No,Tier 1,2,1.09,Low
10089,55,28,Diploma,Marketing,9,3.5,28,11,43.2,No,Tier 2,2,2.5,High
10090,55,32,Master,Finance,9,3.1,28,12,50.9,No,Tier 1,2,2.5,High
10091,53,33,Bachelor,Marketing,10,2.7,29,12,45.2,No,Tier 1,2,2.5,High
10092,25,1,Master,Sales,2,3.5,3,1,46.1,No,Tier 1,3,1.0,Low
10093,59,39,Diploma,Operations,10,3.6,33,14,38.4,Yes,Tier 1,1,2.5,High
10094,48,28,Diploma,Sales,8,3.0,26,10,38.4,No,Tier 2,2,2.5,High
10095,27,6,Master,Sales,3,3.1,5,5,44.3,Yes,Tier 1,4,1.35,Low
10096,29,5,Master,IT,3,3.0,3,3,44.9,Yes,Tier 1,2,1.4,Low
10097,28,5,Master,Finance,2,3.2,4,6,38.0,Yes,Tier 3,1,1.15,Low
10098,32,6,Master,IT,2,3.9,9,4,44.8,Yes,Tier 2,1,1.28,Low
10099,54,33,Bachelor,Operations,9,2.8,29,9,36.9,Yes,Tier 1,5,2.5,High
10100,53,33,Master,HR,9,3.1,32,14,43.1,No,Tier 2,5,2.5,High
10101,43,17,Master,Operations,5,3.2,16,7,35.8,Yes,Tier 1,2,1.97,Low
10102,44,19,Bachelor,Finance,6,3.5,20,6,49.6,No,Tier 2,2,2.3,High
10103,57,31,Bachelor,Marketing,8,3.7,26,13,41.4,Yes,Tier 2,5,2.5,High
10104,55,35,Diploma,Sales,9,4.8,30,13,39.5,Yes,Tier 2,2,2.5,High
10105,60,40,Bachelor,HR,10,3.9,35,14,37.3,Yes,Tier 2,4,2.5,High
10106,42,15,Master,Finance,4,3.9,15,7,36.8,Yes,Tier 1,3,2.02,Low
10107,47,23,Bachelor,IT,6,3.3,21,11,45.2,No,Tier 2,5,2.45,High
10108,55,31,Diploma,Sales,9,2.9,26,12,48.0,No,Tier 1,5,2.5,High
10109,21,0,Bachelor,Operations,1,3.2,1,2,47.5,Yes,Tier 1,1,0.8,Low
10110,55,32,Diploma,IT,10,3.0,30,11,50.0,No,Tier 3,2,2.5,High
10111,57,36,Diploma,Finance,10,3.8,33,15,51.7,No,Tier 2,5,2.5,High
10112,34,12,Bachelor,Finance,5,2.4,11,6,47.8,Yes,Tier 3,5,1.7,Low
10113,23,3,Master,Operations,2,3.9,6,2,40.5,Yes,Tier 1,4,1.04,Low
10114,21,0,Bachelor,HR,1,3.4,3,1,43.8,No,Tier 2,2,0.71,Low
10115,25,0,Diploma,Operations,1,4.0,6,3,31.7,Yes,Tier 1,3,0.73,Low
10116,46,26,High School,Marketing,7,3.0,21,10,46.2,No,Tier 2,4,2.5,High
10117,34,14,Master,IT,4,2.9,14,7,43.7,No,Tier 1,3,1.9,Low
10118,59,38,Bachelor,HR,10,3.2,33,14,51.0,No,Tier 1,1,2.5,High
10119,47,22,Master,Sales,7,3.2,21,10,39.3,Yes,Tier 1,5,2.5,High
10120,29,4,Master,Marketing,2,4.0,10,3,45.6,No,Tier 2,4,1.2,Low
10121,35,10,Master,HR,3,4.0,11,4,38.0,Yes,Tier 1,3,1.52,Low
10122,35,14,Bachelor,IT,5,4.7,16,6,42.4,No,Tier 3,2,1.88,Low
10123,46,26,Master,Finance,7,3.2,23,8,34.8,No,Tier 1,1,2.5,High
10124,33,12,Bachelor,Sales,5,1.3,15,5,49.8,Yes,Tier 1,1,1.68,Low
10125,52,28,PhD,Operations,8,3.2,27,9,48.3,No,Tier 1,5,2.5,High
10126,59,35,Bachelor,IT,10,3.6,30,16,40.6,Yes,Tier 3,5,2.5,High
10127,52,31,Bachelor,Marketing,8,4.0,27,10,44.3,Yes,Tier 1,3,2.5,High
10128,24,0,Bachelor,Marketing,2,3.7,4,5,43.2,No,Tier 1,3,0.96,Low
10129,50,23,Diploma,Finance,7,3.2,20,10,39.9,No,Tier 2,1,2.44,High
10130,57,37,Master,Finance,10,4.6,33,13,43.6,No,Tier 1,3,2.5,High
10131,43,22,Diploma,Sales,6,2.8,20,10,40.8,Yes,Tier 2,5,2.29,High
10132,59,38,Bachelor,Operations,10,3.3,34,13,47.9,No,Tier 1,1,2.5,High
10133,35,14,Bachelor,Sales,5,2.8,14,4,41.9,Yes,Tier 2,1,1.78,Low
10134,49,22,Master,Finance,7,3.5,19,9,55.0,No,Tier 1,2,2.5,High
10135,56,29,Master,Finance,9,4.5,29,12,42.6,No,Tier 2,2,2.5,High
10136,33,11,Master,Marketing,3,3.4,12,7,43.6,No,Tier 2,3,1.59,Low
10137,52,28,Master,Finance,8,3.4,25,11,45.6,No,Tier 2,3,2.5,High
10138,27,1,Diploma,HR,2,2.4,5,1,47.2,No,Tier 2,5,0.91,Low
10139,42,17,High School,IT,5,3.3,12,9,43.4,No,Tier 3,5,1.88,Low
10140,48,25,Master,Finance,8,4.2,28,11,45.5,No,Tier 1,2,2.5,High
10141,22,0,Bachelor,Sales,1,3.3,3,2,43.9,No,Tier 1,1,0.84,Low
10142,26,0,Bachelor,Operations,1,3.3,1,3,39.1,No,Tier 2,4,0.77,Low
10143,48,21,High School,Operations,7,4.2,23,11,37.8,No,Tier 2,4,2.33,High
10144,48,23,Bachelor,Operations,6,3.3,20,9,46.5,No,Tier 1,3,2.46,High
10145,40,17,High School,HR,5,4.3,19,6,50.6,Yes,Tier 2,4,1.91,Low
10146,50,28,Master,Sales,8,2.7,26,10,34.8,Yes,Tier 1,4,2.5,High
10147,31,10,Diploma,HR,3,3.9,7,3,35.8,No,Tier 2,2,1.25,Low
10148,48,26,Bachelor,Finance,7,4.6,24,11,35.8,No,Tier 3,1,2.5,High
10149,45,18,High School,IT,6,4.2,18,6,46.9,No,Tier 2,5,2.12,High
10150,59,37,Master,Operations,10,2.3,35,15,47.3,Yes,Tier 1,2,2.5,High
10151,53,27,Bachelor,Sales,8,3.1,26,10,38.1,Yes,Tier 2,5,2.5,High
10152,21,1,Master,Operations,1,3.3,1,3,54.0,No,Tier 2,2,0.98,Low
10153,47,20,Master,HR,6,4.2,22,5,41.1,No,Tier 1,2,2.37,High
10154,33,6,Bachelor,Marketing,3,2.6,7,3,50.2,Yes,Tier 2,4,1.26,Low
10155,23,0,Master,Finance,2,2.8,7,0,47.0,No,Tier 3,5,0.87,Low
10156,59,35,PhD,IT,9,2.5,30,15,38.2,No,Tier 1,2,2.5,High
10157,26,3,Master,Finance,1,3.0,5,5,40.9,Yes,Tier 1,4,1.02,Low
10158,28,7,Master,Marketing,3,2.7,7,1,38.6,Yes,Tier 1,3,1.35,Low
10159,47,21,Diploma,IT,7,4.5,19,10,36.3,Yes,Tier 2,5,2.44,High
10160,29,6,Bachelor,Marketing,3,3.1,6,5,41.7,Yes,Tier 3,2,1.25,Low
10161,57,32,High School,Finance,10,3.9,32,13,37.0,No,Tier 2,3,2.5,High
10162,53,30,High School,HR,8,3.5,24,12,42.1,Yes,Tier 1,4,2.5,High
10163,44,19,PhD,Finance,5,3.5,20,8,52.7,Yes,Tier 2,2,2.4,High
10164,35,9,Bachelor,Finance,3,3.1,12,6,46.5,No,Tier 2,4,1.57,Low
10165,52,25,Master,Finance,7,4.0,26,9,40.2,No,Tier 2,4,2.5,High
10166,52,25,Master,Sales,7,3.6,23,11,39.8,No,Tier 1,4,2.5,High
10167,44,20,Master,Marketing,7,3.6,16,8,41.0,Yes,Tier 2,5,2.43,High
10168,32,6,PhD,Marketing,3,3.1,7,4,53.4,No,Tier 1,3,1.43,Low
10169,59,34,Diploma,Operations,10,3.2,32,14,37.6,No,Tier 1,3,2.5,High
10170,22,0,High School,Marketing,1,3.9,3,0,43.0,No,Tier 2,1,0.55,Low
10171,23,0,Bachelor,Operations,2,3.6,4,0,45.3,No,Tier 3,2,0.8,Low
10172,57,32,Diploma,Sales,9,3.6,32,12,49.1,No,Tier 1,4,2.5,High
10173,37,15,High School,HR,4,3.0,16,8,41.3,No,Tier 3,2,1.54,Low
10174,22,0,Bachelor,Operations,1,4.8,3,0,38.2,No,Tier 1,3,0.78,Low
10175,22,2,Master,Finance,2,3.2,1,2,44.4,Yes,Tier 2,3,1.02,Low
10176,48,21,Bachelor,HR,6,3.5,18,8,49.6,Yes,Tier 1,4,2.37,High
10177,43,22,Bachelor,Sales,6,3.4,20,8,41.6,Yes,Tier 1,5,2.41,High
10178,57,34,Master,Marketing,10,4.8,25,13,38.8,Yes,Tier 2,4,2.5,High
10179,52,31,Diploma,Operations,8,3.3,25,13,43.6,Yes,Tier 2,4,2.5,High
10180,53,33,High School,Finance,10,3.3,29,12,34.9,No,Tier 2,1,2.5,High
10181,21,0,Master,IT,1,3.6,3,3,41.9,Yes,Tier 2,5,0.9,Low
10182,39,18,Bachelor,IT,6,3.0,19,8,48.9,No,Tier 2,2,2.24,High
10183,22,2,Master,HR,1,3.6,4,2,47.4,No,Tier 3,5,0.88,Low
10184,46,19,High School,Marketing,5,5.0,19,8,42.3,Yes,Tier 2,4,2.08,Low
10185,52,27,Master,IT,8,3.7,24,13,51.3,No,Tier 1,4,2.5,High
10186,26,4,Bachelor,HR,2,3.7,6,4,52.5,Yes,Tier 1,4,1.22,Low
10187,52,25,Bachelor,Sales,8,3.0,24,9,46.3,No,Tier 1,4,2.5,High
10188,24,1,Bachelor,HR,1,4.6,7,2,35.7,No,Tier 2,4,0.78,Low
10189,31,11,Master,HR,4,4.8,11,5,33.6,Yes,Tier 1,5,1.66,Low
10190,37,16,Bachelor,HR,5,4.1,16,8,49.9,No,Tier 1,4,2.1,High
10191,58,35,Bachelor,Finance,9,3.9,33,13,44.2,No,Tier 1,3,2.5,High
10192,44,22,PhD,HR,6,3.3,17,11,51.2,Yes,Tier 2,3,2.5,High
10193,25,0,Master,Operations,2,3.8,8,1,36.3,No,Tier 1,1,0.85,Low
10194,54,28,Bachelor,HR,9,3.0,28,9,42.2,No,Tier 1,2,2.5,High
10195,26,3,Master,Finance,2,2.8,1,3,48.1,Yes,Tier 2,3,1.02,Low
10196,42,16,Bachelor,Finance,6,2.5,17,6,39.4,No,Tier 2,1,1.94,Low
10197,31,11,Diploma,Sales,4,3.8,10,3,48.1,Yes,Tier 1,5,1.58,Low
10198,36,14,Bachelor,Marketing,4,2.6,13,5,42.4,No,Tier 2,2,1.63,Low
10199,53,32,Master,IT,9,3.2,29,12,43.1,Yes,Tier 1,4,2.5,High
10200,29,7,Master,IT,2,3.5,11,5,37.1,No,Tier 3,4,1.29,Low
10201,26,4,Bachelor,HR,2,4.1,5,1,44.3,No,Tier 1,5,1.09,Low
10202,36,12,Bachelor,Sales,4,3.1,11,6,54.0,Yes,Tier 3,2,1.61,Low
10203,49,27,Diploma,HR,8,4.2,26,13,44.9,Yes,Tier 3,3,2.5,High
10204,23,1,PhD,IT,1,4.1,5,2,39.0,Yes,Tier 2,2,0.97,Low
10205,40,13,PhD,Finance,5,2.8,11,6,50.0,No,Tier 1,1,1.99,Low
10206,56,33,Bachelor,Marketing,9,4.2,34,13,39.2,Yes,Tier 2,5,2.5,High
10207,39,18,Master,Sales,6,3.3,16,8,51.6,No,Tier 1,3,2.28,High
10208,46,19,Master,Finance,6,3.2,21,10,36.6,No,Tier 3,2,2.27,High
10209,23,0,Bachelor,Marketing,2,3.3,4,1,44.4,No,Tier 2,2,0.78,Low
10210,39,16,High School,Sales,5,3.5,17,8,50.6,Yes,Tier 3,3,1.94,Low
10211,40,17,Bachelor,Sales,5,3.2,15,8,38.7,Yes,Tier 2,1,1.93,Low
10212,52,32,Master,IT,9,3.0,24,12,43.4,No,Tier 2,1,2.5,High
10213,27,4,Master,Finance,2,3.0,6,3,48.8,No,Tier 2,2,1.13,Low
10214,53,29,Bachelor,Sales,9,3.6,26,11,31.7,No,Tier 1,4,2.5,High
10215,60,36,PhD,Operations,10,3.4,29,12,47.6,No,Tier 2,3,2.5,High
10216,59,32,Diploma,Sales,10,3.8,31,12,42.6,Yes,Tier 2,1,2.5,High
10217,38,12,Bachelor,Marketing,5,3.5,12,7,50.2,No,Tier 3,1,1.68,Low
10218,60,40,Master,IT,10,3.6,33,16,38.9,Yes,Tier 2,1,2.5,High
10219,21,0,Master,HR,2,3.9,4,1,36.1,No,Tier 3,5,0.8,Low
10220,31,5,Bachelor,IT,2,4.4,9,3,40.3,No,Tier 3,4,1.21,Low
10221,48,21,Bachelor,HR,7,4.4,18,10,40.2,Yes,Tier 2,1,2.48,High
10222,45,20,Diploma,Finance,7,4.4,22,9,42.0,No,Tier 1,4,2.38,High
10223,43,16,Bachelor,Finance,6,4.1,21,8,40.7,No,Tier 2,2,2.11,High
10224,51,30,Bachelor,Sales,8,4.9,24,12,33.0,No,Tier 1,2,2.5,High
10225,50,29,Diploma,Operations,8,3.8,26,11,42.5,Yes,Tier 1,5,2.5,High
10226,55,32,Master,Finance,10,3.7,29,12,44.2,Yes,Tier 1,4,2.5,High
10227,27,4,Bachelor,Sales,3,5.0,12,1,42.0,Yes,Tier 3,3,1.23,Low
10228,36,11,Master,IT,4,1.7,10,6,44.4,Yes,Tier 1,5,1.71,Low
10229,46,23,Master,Finance,6,3.4,19,9,43.4,No,Tier 2,1,2.48,High
10230,22,1,Diploma,IT,1,4.3,1,0,36.1,No,Tier 3,2,0.62,Low
10231,21,0,High School,IT,1,4.1,6,1,41.5,Yes,Tier 2,2,0.7,Low
10232,32,5,Master,Operations,3,5.0,5,4,43.6,No,Tier 2,3,1.23,Low
10233,25,3,Bachelor,Finance,1,3.6,3,0,41.8,No,Tier 2,5,0.91,Low
10234,57,33,Master,IT,10,3.2,30,11,35.5,Yes,Tier 1,4,2.5,High
10235,52,30,Master,Operations,8,3.3,28,12,49.1,Yes,Tier 1,2,2.5,High
10236,29,7,Master,Operations,3,3.7,11,6,38.1,Yes,Tier 3,1,1.42,Low
10237,55,34,PhD,Finance,10,4.6,30,14,36.8,No,Tier 1,3,2.5,High
10238,39,17,Bachelor,Operations,5,4.6,17,9,43.2,No,Tier 2,3,2.12,High
10239,36,9,Bachelor,Finance,4,3.5,10,5,41.4,No,Tier 2,3,1.53,Low
10240,23,0,Bachelor,Finance,2,3.7,1,1,46.0,Yes,Tier 1,1,0.83,Low
10241,40,20,Diploma,HR,7,3.1,19,9,47.4,No,Tier 3,3,2.26,High
10242,44,21,Bachelor,IT,6,3.2,20,7,46.6,Yes,Tier 2,4,2.28,High
10243,53,33,Bachelor,Marketing,10,4.2,28,11,43.0,No,Tier 1,4,2.5,High
10244,44,18,Master,Finance,5,4.5,13,6,45.8,No,Tier 3,5,2.09,Low
10245,31,4,Bachelor,IT,2,3.0,3,4,35.2,Yes,Tier 2,5,1.01,Low
10246,28,1,Bachelor,Operations,2,3.7,4,1,48.5,No,Tier 2,4,0.95,Low
10247,56,32,Bachelor,Sales,9,3.3,31,13,41.0,No,Tier 2,1,2.5,High
10248,58,31,High School,Finance,9,4.1,32,12,52.8,No,Tier 1,5,2.5,High
10249,60,37,High School,Operations,10,3.2,32,15,48.6,Yes,Tier 2,3,2.5,High
10250,40,13,Bachelor,Operations,5,2.2,12,5,42.0,No,Tier 1,4,1.71,Low
10251,55,33,High School,Operations,9,4.2,28,12,43.1,No,Tier 2,2,2.5,High
10252,45,21,Bachelor,Operations,7,3.3,17,9,48.9,No,Tier 2,1,2.34,High
10253,55,32,Master,Operations,10,3.4,31,12,31.7,Yes,Tier 3,1,2.5,High
10254,45,20,Master,Finance,7,3.8,24,5,42.2,No,Tier 2,4,2.43,High
10255,49,24,Master,Marketing,8,3.7,20,8,51.5,Yes,Tier 1,2,2.5,High
10256,38,13,Diploma,HR,4,3.8,10,4,47.2,No,Tier 3,1,1.55,Low
10257,38,13,Master,Operations,4,2.4,16,5,38.8,Yes,Tier 2,5,1.74,Low
10258,22,0,Master,Operations,2,3.9,4,2,44.6,Yes,Tier 2,2,0.92,Low
10259,55,28,Diploma,HR,8,2.3,26,11,38.1,No,Tier 1,3,2.5,High
10260,36,16,Master,Finance,6,4.0,20,7,41.3,Yes,Tier 3,5,2.19,High
10261,56,33,Bachelor,IT,10,4.2,26,15,44.7,No,Tier 3,2,2.5,High
10262,53,31,Master,Sales,8,2.6,24,13,45.5,No,Tier 2,4,2.5,High
10263,24,0,PhD,Sales,1,3.7,3,2,46.6,Yes,Tier 3,1,0.91,Low
10264,53,27,High School,IT,8,4.2,25,9,49.2,Yes,Tier 1,5,2.5,High
10265,34,7,Master,Finance,2,3.2,8,4,37.0,No,Tier 3,4,1.21,Low
10266,41,21,Bachelor,Sales,7,3.9,26,9,43.1,Yes,Tier 2,2,2.5,High
10267,40,14,PhD,HR,4,1.7,13,6,38.7,No,Tier 1,3,1.73,Low
10268,28,4,Bachelor,IT,2,4.2,5,5,41.0,No,Tier 2,1,1.1,Low
10269,27,1,Master,Marketing,1,3.5,4,2,39.2,No,Tier 2,1,0.87,Low
10270,23,0,High School,Finance,1,3.3,5,0,45.5,No,Tier 1,5,0.68,Low
10271,37,13,Bachelor,IT,4,4.1,12,5,48.3,Yes,Tier 1,4,1.88,Low
10272,53,28,High School,Sales,9,4.6,25,14,48.5,No,Tier 1,2,2.5,High
10273,32,8,PhD,Finance,3,3.8,12,4,37.5,No,Tier 1,2,1.58,Low
10274,42,21,Master,HR,6,4.5,22,6,42.4,No,Tier 1,4,2.38,High
10275,42,19,Master,Finance,6,2.5,19,7,37.3,No,Tier 1,1,2.27,High
10276,50,27,PhD,Finance,8,3.9,31,8,37.2,No,Tier 1,4,2.5,High
10277,58,33,High School,HR,10,3.4,34,14,39.7,No,Tier 3,2,2.5,High
10278,58,37,Bachelor,Operations,10,3.0,29,11,44.7,Yes,Tier 2,4,2.5,High
10279,28,2,High School,HR,1,2.2,1,0,45.6,No,Tier 1,1,0.62,Low
10280,47,25,Diploma,Finance,8,3.9,25,10,46.3,Yes,Tier 3,5,2.5,High
10281,47,21,Diploma,HR,7,4.1,23,10,46.0,Yes,Tier 2,1,2.33,High
10282,54,27,Bachelor,Operations,8,4.4,24,10,38.8,Yes,Tier 2,3,2.5,High
10283,41,19,Bachelor,IT,6,4.3,17,6,48.9,Yes,Tier 2,3,2.33,High
10284,50,26,Diploma,HR,7,3.0,22,10,47.0,Yes,Tier 1,4,2.5,High
10285,53,33,Diploma,HR,9,4.3,26,12,40.9,No,Tier 1,1,2.5,High
10286,48,26,Diploma,Finance,7,4.4,27,12,41.1,Yes,Tier 1,1,2.5,High
10287,53,33,PhD,IT,9,3.3,28,14,39.7,No,Tier 2,2,2.5,High
10288,25,2,Master,Marketing,1,3.5,5,2,36.5,Yes,Tier 2,5,0.9,Low
10289,39,19,PhD,Marketing,6,2.9,14,9,46.3,Yes,Tier 2,1,2.28,High
10290,24,1,Bachelor,Sales,1,4.5,6,2,47.1,Yes,Tier 1,4,0.97,Low
10291,55,34,Bachelor,HR,10,2.5,32,14,38.4,Yes,Tier 2,2,2.5,High
10292,37,16,Master,HR,6,3.8,12,8,36.8,Yes,Tier 2,2,2.1,High
10293,48,23,Bachelor,IT,7,3.1,22,10,38.3,No,Tier 3,4,2.5,High
10294,50,25,Bachelor,Operations,7,2.8,23,11,43.6,No,Tier 1,4,2.5,High
10295,49,25,Diploma,Marketing,8,2.3,22,10,36.1,Yes,Tier 3,1,2.47,High
10296,26,4,Diploma,Sales,2,3.4,1,2,48.6,Yes,Tier 3,1,0.84,Low
10297,55,31,Bachelor,IT,9,2.7,26,12,48.3,Yes,Tier 2,2,2.5,High
10298,57,34,Bachelor,HR,9,3.5,31,12,45.1,No,Tier 2,2,2.5,High
10299,44,20,Master,Marketing,7,4.7,18,9,47.0,No,Tier 1,5,2.5,High
10300,49,29,High School,Sales,8,3.6,26,11,43.3,Yes,Tier 3,2,2.5,High
10301,51,28,Diploma,Finance,9,4.8,29,11,45.3,Yes,Tier 1,4,2.5,High
10302,55,30,Master,Marketing,9,2.9,27,10,36.5,No,Tier 2,4,2.5,High
10303,53,32,Diploma,Sales,10,2.7,23,13,50.0,Yes,Tier 1,5,2.5,High
10304,41,16,Bachelor,IT,6,2.8,15,5,40.6,No,Tier 1,3,2.04,Low
10305,52,30,Master,Finance,8,3.5,27,13,42.4,Yes,Tier 2,3,2.5,High
10306,43,20,Diploma,Sales,6,5.0,17,9,55.4,No,Tier 3,4,2.31,High
10307,53,30,High School,Sales,8,2.4,29,12,41.9,No,Tier 2,3,2.5,High
10308,23,3,Bachelor,HR,2,3.9,2,3,46.7,No,Tier 3,3,1.04,Low
10309,38,16,Bachelor,Operations,6,3.0,15,7,45.6,No,Tier 2,5,2.04,Low
10310,45,24,Bachelor,Marketing,8,3.4,19,9,36.3,Yes,Tier 1,2,2.5,High
10311,51,25,Master,HR,8,2.7,22,10,38.0,No,Tier 1,2,2.5,High
10312,23,0,Diploma,Finance,2,4.1,5,4,53.2,Yes,Tier 2,3,0.96,Low
10313,60,37,Bachelor,Operations,10,3.5,32,14,45.9,No,Tier 1,1,2.5,High
10314,44,24,Bachelor,Sales,7,4.2,22,8,42.9,No,Tier 2,5,2.5,High
10315,52,28,Diploma,HR,8,3.6,25,9,40.3,Yes,Tier 1,3,2.5,High
10316,42,15,Bachelor,Operations,4,2.2,15,5,44.6,Yes,Tier 1,1,1.76,Low
10317,43,22,Bachelor,Marketing,6,4.2,22,8,45.1,No,Tier 2,1,2.43,High
10318,22,0,Bachelor,Finance,1,2.2,5,3,44.1,No,Tier 2,5,0.7,Low
10319,47,25,High School,IT,7,2.3,27,9,48.3,No,Tier 1,2,2.5,High
10320,22,0,Bachelor,HR,1,2.9,3,3,38.7,Yes,Tier 1,4,0.73,Low
10321,46,23,Bachelor,Finance,6,2.9,17,9,38.0,Yes,Tier 1,1,2.36,High
10322,37,12,Master,IT,5,4.4,15,6,48.2,Yes,Tier 1,4,2.1,High
10323,60,39,High School,HR,10,3.4,38,15,53.6,No,Tier 2,4,2.5,High
10324,53,26,Bachelor,Finance,8,4.3,30,11,47.2,No,Tier 2,5,2.5,High
10325,29,5,Bachelor,Finance,3,3.1,11,3,49.5,No,Tier 1,2,1.31,Low
10326,59,36,Master,Operations,10,3.7,31,11,42.6,No,Tier 1,5,2.5,High
10327,49,22,Bachelor,HR,7,3.8,21,8,44.3,No,Tier 1,1,2.39,High
10328,46,25,Master,Finance,8,4.0,22,9,44.3,No,Tier 1,2,2.5,High
10329,55,30,Master,Sales,8,3.2,26,12,42.7,No,Tier 2,3,2.5,High
10330,45,25,Master,HR,7,3.3,23,10,50.1,No,Tier 1,2,2.5,High
10331,44,20,Bachelor,Finance,7,3.3,22,8,48.6,Yes,Tier 1,5,2.5,High
10332,33,11,Bachelor,Operations,3,2.4,8,7,41.0,No,Tier 2,5,1.41,Low
10333,27,4,Master,IT,2,3.4,4,2,34.8,Yes,Tier 1,4,1.08,Low
10334,56,35,PhD,IT,9,3.3,34,10,42.7,Yes,Tier 2,3,2.5,High
10335,40,20,Master,Sales,6,3.9,23,8,37.2,No,Tier 2,2,2.25,High
10336,21,0,Bachelor,HR,1,3.6,1,3,43.1,No,Tier 1,3,0.73,Low
10337,28,2,Diploma,Operations,2,4.4,9,3,37.6,No,Tier 2,4,0.91,Low
10338,36,15,Bachelor,Finance,4,3.5,17,6,49.3,Yes,Tier 2,3,1.87,Low
10339,34,13,Master,Finance,5,3.1,13,6,46.4,No,Tier 2,3,1.84,Low
10340,32,10,Bachelor,IT,4,3.5,5,7,46.3,No,Tier 2,2,1.55,Low
10341,43,23,Bachelor,Operations,7,4.0,17,8,48.4,Yes,Tier 3,3,2.5,High
10342,35,9,Master,Sales,3,2.3,9,5,45.0,No,Tier 3,4,1.41,Low
10343,48,21,Bachelor,IT,7,3.0,22,9,45.7,Yes,Tier 2,1,2.48,High
10344,54,27,Master,IT,8,3.0,27,11,50.2,No,Tier 3,1,2.5,High
10345,22,0,Bachelor,Sales,2,3.8,2,1,42.3,No,Tier 1,5,0.89,Low
10346,52,32,Bachelor,HR,10,3.8,28,12,46.0,Yes,Tier 2,1,2.5,High
10347,43,19,Bachelor,Finance,5,3.6,18,7,37.7,Yes,Tier 1,2,2.08,Low
10348,42,19,Master,HR,6,1.9,18,8,43.4,Yes,Tier 1,5,2.25,High
10349,45,23,Diploma,Operations,7,2.4,22,10,54.3,Yes,Tier 2,1,2.5,High
10350,42,17,Diploma,Marketing,6,3.3,17,10,47.1,Yes,Tier 2,1,2.17,High
10351,42,16,PhD,Marketing,6,3.2,12,5,42.6,Yes,Tier 1,5,2.24,High
10352,26,4,Diploma,Marketing,2,3.5,6,5,44.3,Yes,Tier 2,2,1.03,Low
10353,35,13,Bachelor,Sales,5,3.2,13,6,42.9,Yes,Tier 2,5,1.86,Low
10354,57,37,Bachelor,IT,10,4.5,35,14,44.2,Yes,Tier 1,2,2.5,High
10355,53,30,Bachelor,HR,9,2.0,25,13,41.0,Yes,Tier 1,2,2.5,High
10356,28,4,Bachelor,Finance,3,3.7,7,4,45.5,No,Tier 1,4,1.22,Low
10357,25,0,Diploma,Marketing,2,4.0,4,3,45.7,No,Tier 1,1,0.85,Low
10358,59,38,Bachelor,HR,10,4.0,33,16,43.0,Yes,Tier 2,1,2.5,High
10359,24,3,Bachelor,Marketing,1,4.0,1,2,43.7,No,Tier 1,3,0.92,Low
10360,26,4,Master,Marketing,3,4.1,9,4,44.7,No,Tier 1,5,1.34,Low
10361,52,25,Diploma,Finance,7,3.1,25,9,40.4,No,Tier 2,4,2.5,High
10362,50,23,Bachelor,Operations,6,2.8,22,9,45.4,Yes,Tier 2,1,2.37,High
10363,55,32,Diploma,Operations,10,2.2,29,12,46.9,No,Tier 1,3,2.5,High
10364,60,34,Bachelor,Operations,9,3.3,26,12,50.3,Yes,Tier 1,4,2.5,High
10365,36,10,Diploma,Sales,4,3.0,13,5,44.6,Yes,Tier 1,2,1.55,Low
10366,33,8,Diploma,IT,3,4.3,13,5,40.2,Yes,Tier 2,1,1.47,Low
10367,50,30,Master,Sales,9,3.3,24,12,42.5,Yes,Tier 3,5,2.5,High
10368,39,16,Bachelor,HR,5,2.8,19,6,37.3,No,Tier 2,4,1.82,Low
10369,37,14,Master,Sales,4,2.7,17,5,46.6,No,Tier 1,3,1.87,Low
10370,39,19,PhD,HR,6,4.8,15,7,32.7,No,Tier 2,5,2.25,High
10371,48,21,Bachelor,HR,6,3.5,19,9,48.1,Yes,Tier 1,2,2.37,High
10372,46,20,Diploma,IT,6,3.0,16,6,48.7,Yes,Tier 1,5,2.25,High
10373,57,31,Bachelor,Finance,8,3.6,28,11,30.0,Yes,Tier 1,3,2.5,High
10374,46,19,Master,IT,5,4.7,19,7,49.4,Yes,Tier 2,2,2.28,High
10375,43,17,Bachelor,Operations,5,3.2,13,8,48.1,No,Tier 2,3,2.11,High
10376,29,7,High School,Operations,3,3.9,10,4,41.5,No,Tier 2,1,1.18,Low
10377,32,9,Bachelor,Sales,3,4.3,12,6,37.0,No,Tier 2,3,1.44,Low
10378,21,0,Master,HR,1,2.3,5,2,38.8,No,Tier 1,5,0.86,Low
10379,21,1,Master,Marketing,2,3.1,5,1,39.2,Yes,Tier 1,1,0.91,Low
10380,54,28,Diploma,Marketing,9,4.2,22,10,49.6,Yes,Tier 2,1,2.5,High
10381,52,27,Master,HR,8,3.0,24,9,40.8,No,Tier 2,4,2.5,High
10382,45,19,Diploma,IT,5,3.8,19,11,47.5,Yes,Tier 2,5,2.21,High
10383,60,34,Diploma,Finance,9,3.0,34,14,42.4,No,Tier 1,5,2.5,High
10384,21,0,Master,IT,1,3.2,3,2,43.3,No,Tier 2,2,0.74,Low
10385,36,14,Diploma,HR,4,3.1,15,5,35.1,Yes,Tier 1,3,1.6,Low
10386,59,39,Bachelor,HR,10,3.9,32,14,37.3,No,Tier 2,3,2.5,High
10387,25,1,High School,Finance,2,3.6,1,1,49.5,No,Tier 2,5,0.81,Low
10388,42,18,Master,Sales,5,3.6,14,8,42.2,Yes,Tier 3,3,2.06,Low
10389,49,24,Master,Sales,7,5.0,21,8,44.5,No,Tier 1,5,2.5,High
10390,23,0,Bachelor,Finance,1,4.6,8,1,52.0,Yes,Tier 2,1,0.85,Low
10391,32,7,Master,Sales,2,2.2,8,3,42.4,No,Tier 2,3,1.25,Low
10392,46,23,Diploma,Marketing,7,3.2,22,9,42.1,Yes,Tier 1,3,2.48,High
10393,36,13,Bachelor,Sales,5,5.0,15,6,49.0,Yes,Tier 1,5,2.02,Low
10394,57,37,Bachelor,Sales,10,3.1,30,14,43.1,No,Tier 2,5,2.5,High
10395,42,16,High School,Sales,6,4.9,15,9,44.6,Yes,Tier 1,2,1.97,Low
10396,49,29,Bachelor,Marketing,8,3.2,28,12,48.0,No,Tier 1,3,2.5,High
10397,34,12,Master,Sales,4,3.3,14,5,43.0,No,Tier 3,4,1.67,Low
10398,48,25,High School,Operations,8,4.1,18,10,46.9,Yes,Tier 2,5,2.5,High
10399,25,1,Bachelor,Marketing,1,3.4,5,1,42.4,No,Tier 1,4,0.84,Low
10400,50,24,Diploma,Finance,8,3.8,21,9,47.9,No,Tier 2,1,2.5,High
10401,25,4,Diploma,IT,2,4.5,5,3,45.1,Yes,Tier 2,1,0.96,Low
10402,32,10,Master,Finance,4,4.0,12,6,41.9,No,Tier 3,4,1.62,Low
10403,36,16,Bachelor,IT,5,3.6,20,6,43.4,No,Tier 2,1,1.95,Low
10404,46,21,Bachelor,Finance,7,4.6,19,7,30.8,No,Tier 3,4,2.34,High
10405,46,24,Master,Operations,7,4.1,25,10,49.0,No,Tier 1,2,2.5,High
10406,41,19,Diploma,IT,5,3.0,15,8,36.7,No,Tier 2,2,1.97,Low
10407,59,33,Bachelor,IT,10,4.8,30,12,37.7,No,Tier 1,1,2.5,High
10408,56,34,Bachelor,HR,9,3.9,29,14,40.8,No,Tier 1,4,2.5,High
10409,53,31,Bachelor,IT,9,3.4,29,13,34.0,Yes,Tier 2,4,2.5,High
10410,50,29,PhD,IT,9,2.2,25,10,45.3,No,Tier 1,4,2.5,High
10411,57,30,Master,HR,8,2.6,24,13,44.8,Yes,Tier 2,1,2.5,High
10412,43,18,Bachelor,Sales,5,4.6,15,9,40.6,No,Tier 3,4,2.11,High
10413,30,5,Master,Sales,2,4.6,3,6,39.6,No,Tier 1,5,1.35,Low
10414,25,0,Diploma,HR,1,3.6,1,4,39.5,No,Tier 1,4,0.76,Low
10415,56,33,High School,Marketing,10,2.3,31,11,46.1,Yes,Tier 2,5,2.5,High
10416,54,30,Diploma,IT,8,2.8,26,13,35.0,No,Tier 3,2,2.5,High
10417,51,24,Bachelor,IT,7,2.4,23,11,41.0,Yes,Tier 2,5,2.5,High
10418,30,5,Bachelor,HR,2,2.4,12,3,35.4,No,Tier 2,2,1.01,Low
10419,39,17,Bachelor,HR,6,4.8,16,8,46.8,No,Tier 1,1,2.19,High
10420,52,30,Master,Marketing,8,4.8,29,9,41.3,No,Tier 1,2,2.5,High
10421,21,0,Bachelor,Operations,2,2.8,3,0,45.7,Yes,Tier 2,2,0.83,Low
10422,25,0,Bachelor,Sales,1,3.5,10,0,49.2,No,Tier 1,4,0.89,Low
10423,24,0,High School,Finance,2,2.7,1,2,49.3,No,Tier 3,3,0.71,Low
10424,36,14,High School,Operations,4,3.5,12,7,37.9,No,Tier 2,2,1.59,Low
10425,44,21,Bachelor,Sales,6,4.6,21,8,44.5,No,Tier 2,5,2.43,High
10426,36,16,Bachelor,IT,6,4.2,14,9,48.6,Yes,Tier 2,1,2.09,Low
10427,22,2,Master,Operations,1,4.0,6,3,46.5,Yes,Tier 2,5,1.01,Low
10428,48,21,Diploma,HR,6,3.4,20,7,47.0,No,Tier 2,1,2.22,High
10429,52,25,High School,Marketing,7,4.3,25,10,34.1,No,Tier 3,5,2.47,High
10430,47,22,Bachelor,Sales,7,3.9,18,8,46.4,No,Tier 3,2,2.42,High
10431,40,19,Diploma,Marketing,5,3.8,19,8,39.0,Yes,Tier 3,3,2.04,Low
10432,44,19,High School,Sales,6,3.4,19,8,46.3,No,Tier 3,2,2.03,Low
10433,32,6,Master,Operations,3,3.7,8,2,46.2,Yes,Tier 2,4,1.37,Low
10434,55,30,Diploma,IT,9,3.7,27,14,45.9,No,Tier 2,5,2.5,High
10435,53,26,Bachelor,Finance,7,3.1,27,10,42.4,No,Tier 1,3,2.5,High
10436,53,33,Bachelor,Marketing,10,3.0,25,12,49.6,No,Tier 1,5,2.5,High
10437,57,35,Diploma,Marketing,10,2.9,31,13,45.6,No,Tier 1,4,2.5,High
10438,32,7,Bachelor,Finance,2,2.9,6,6,44.6,Yes,Tier 1,4,1.29,Low
10439,23,1,Master,Marketing,2,3.4,6,3,38.3,Yes,Tier 1,4,0.97,Low
10440,21,0,Bachelor,Marketing,2,3.3,1,1,45.0,Yes,Tier 1,2,0.85,Low
10441,53,32,Master,Sales,9,3.1,22,11,52.9,Yes,Tier 3,2,2.5,High
10442,60,38,Diploma,Sales,10,3.0,35,13,36.0,No,Tier 3,3,2.5,High
10443,30,10,Master,Finance,4,3.7,10,4,46.7,Yes,Tier 1,4,1.72,Low
10444,49,26,Diploma,IT,7,4.4,25,11,47.3,No,Tier 1,2,2.5,High
10445,33,10,Master,Operations,3,3.5,15,6,51.6,Yes,Tier 3,1,1.62,Low
10446,32,8,Bachelor,Operations,3,3.5,10,3,46.6,No,Tier 3,1,1.36,Low
10447,51,25,Master,Marketing,8,2.9,23,11,43.1,No,Tier 3,2,2.5,High
10448,22,0,Bachelor,IT,2,3.4,3,0,45.1,Yes,Tier 3,3,0.81,Low
10449,55,29,High School,Finance,8,4.3,23,10,41.7,Yes,Tier 3,5,2.5,High
10450,43,23,High School,Finance,7,4.2,21,7,49.1,Yes,Tier 1,4,2.46,High
10451,37,15,Master,Sales,4,4.1,20,5,35.3,No,Tier 1,2,1.98,Low
10452,46,23,Bachelor,Marketing,6,4.1,20,8,40.6,No,Tier 2,3,2.41,High
10453,28,2,Master,HR,1,3.8,4,2,45.2,Yes,Tier 1,5,1.08,Low
10454,49,29,Diploma,Finance,8,3.8,29,10,48.9,No,Tier 3,3,2.5,High
10455,46,23,Bachelor,Marketing,6,3.7,18,11,42.9,Yes,Tier 2,5,2.45,High
10456,30,8,High School,IT,4,3.2,11,3,39.1,No,Tier 2,1,1.28,Low
10457,46,20,PhD,Sales,7,3.6,15,8,41.9,Yes,Tier 1,5,2.5,High
10458,54,31,Master,Operations,9,3.6,29,13,41.2,No,Tier 2,1,2.5,High
10459,27,2,PhD,IT,2,3.9,5,2,41.4,No,Tier 2,4,1.08,Low
10460,24,0,Bachelor,Finance,1,3.6,5,1,40.8,No,Tier 3,2,0.74,Low
10461,31,6,Bachelor,Finance,2,4.9,5,4,40.8,Yes,Tier 1,1,1.3,Low
10462,49,25,Master,IT,8,2.7,22,9,34.4,Yes,Tier 3,3,2.5,High
10463,56,32,Bachelor,Finance,10,4.0,30,11,44.5,No,Tier 3,5,2.5,High
10464,45,22,Master,Marketing,6,3.5,19,10,46.4,No,Tier 2,3,2.44,High
10465,41,14,PhD,Finance,4,3.5,16,5,50.5,Yes,Tier 2,1,1.91,Low
10466,56,36,Master,Sales,10,3.0,32,15,47.3,No,Tier 2,3,2.5,High
10467,30,5,Master,Marketing,3,4.2,6,4,47.0,Yes,Tier 1,5,1.42,Low
10468,57,37,Bachelor,HR,10,3.9,32,14,44.5,Yes,Tier 1,2,2.5,High
10469,29,2,Bachelor,Finance,1,4.0,5,3,34.2,No,Tier 3,3,0.78,Low
10470,44,24,PhD,Finance,8,3.6,22,9,44.4,No,Tier 2,4,2.5,High
10471,55,28,High School,Sales,9,3.3,27,12,43.6,Yes,Tier 1,5,2.5,High
10472,55,32,Master,Sales,10,3.5,28,13,48.1,No,Tier 2,5,2.5,High
10473,56,36,Master,Operations,10,3.8,30,13,45.8,No,Tier 1,4,2.5,High
10474,38,13,Bachelor,IT,4,2.2,16,5,42.4,Yes,Tier 1,1,1.63,Low
10475,59,37,PhD,IT,10,4.1,32,14,52.8,No,Tier 2,4,2.5,High
10476,52,28,Bachelor,IT,8,5.0,24,13,47.2,No,Tier 1,1,2.5,High
10477,44,22,Bachelor,Sales,6,3.8,14,9,44.7,Yes,Tier 1,2,2.49,High
10478,43,23,High School,IT,6,3.3,19,9,45.3,No,Tier 2,1,2.28,High
10479,52,30,Bachelor,IT,9,3.4,25,13,43.3,Yes,Tier 2,2,2.5,High
10480,57,32,Bachelor,HR,10,4.0,27,12,43.1,No,Tier 1,2,2.5,High
10481,32,7,Bachelor,IT,2,3.3,7,5,32.1,No,Tier 1,4,1.16,Low
10482,33,13,Master,Finance,4,4.1,16,8,38.4,Yes,Tier 1,2,1.89,Low
10483,43,20,PhD,Operations,6,3.4,17,6,40.3,No,Tier 1,1,2.37,High
10484,45,23,Diploma,Sales,6,4.6,20,9,45.3,No,Tier 1,3,2.34,High
10485,55,32,Bachelor,Marketing,10,4.6,29,12,34.7,Yes,Tier 1,5,2.5,High
10486,50,27,Master,Operations,8,3.3,22,9,40.4,No,Tier 1,5,2.5,High
10487,37,10,High School,HR,3,3.4,15,3,39.8,Yes,Tier 3,1,1.26,Low
10488,40,19,High School,Sales,5,3.5,20,6,43.6,No,Tier 1,3,2.0,Low
10489,45,25,Diploma,Sales,8,3.5,20,10,45.3,No,Tier 1,2,2.5,High
10490,42,18,Bachelor,Finance,5,2.9,20,7,39.8,No,Tier 1,1,2.05,Low
10491,33,8,Diploma,Operations,4,2.8,12,3,40.1,No,Tier 1,2,1.28,Low
10492,39,14,PhD,Operations,4,4.3,11,6,39.6,No,Tier 2,4,1.85,Low
10493,56,36,Bachelor,IT,10,4.2,29,13,41.0,No,Tier 1,3,2.5,High
10494,32,5,Bachelor,Finance,2,4.2,5,5,42.7,No,Tier 1,5,1.23,Low
10495,39,13,Diploma,IT,4,3.5,10,5,49.6,No,Tier 1,1,1.69,Low
10496,32,6,Bachelor,IT,3,4.7,6,5,37.9,No,Tier 2,5,1.3,Low
10497,29,3,Master,Sales,2,3.5,4,2,51.8,Yes,Tier 1,2,1.17,Low
10498,27,0,Master,Operations,1,4.1,4,1,36.8,No,Tier 2,2,0.8,Low
10499,48,24,Master,IT,7,2.6,22,9,47.8,No,Tier 1,4,2.5,High
10500,34,9,Bachelor,HR,4,3.4,10,6,40.6,No,Tier 1,2,1.54,Low
10501,51,31,Master,HR,9,3.4,27,13,38.4,No,Tier 2,2,2.5,High
10502,39,12,Master,Operations,4,3.5,9,5,49.6,Yes,Tier 2,5,1.75,Low
10503,36,11,Master,HR,3,2.6,13,5,43.4,Yes,Tier 2,5,1.59,Low
10504,25,2,High School,Sales,2,4.0,6,0,43.2,Yes,Tier 1,1,0.81,Low
10505,55,33,High School,Finance,10,4.2,28,11,41.6,No,Tier 2,1,2.5,High
10506,32,10,Diploma,Marketing,4,3.0,8,4,40.1,No,Tier 1,2,1.42,Low
10507,45,18,Master,IT,6,2.8,21,7,42.1,No,Tier 2,3,2.17,High
10508,41,16,Bachelor,Marketing,6,3.0,16,8,30.0,No,Tier 2,1,1.93,Low
10509,56,35,Bachelor,Finance,9,3.8,32,11,33.7,No,Tier 1,2,2.5,High
10510,43,19,Master,Finance,5,3.1,19,6,45.0,No,Tier 2,5,2.07,Low
10511,36,10,Master,Sales,4,3.4,8,5,48.9,No,Tier 2,4,1.66,Low
10512,59,35,Master,HR,9,2.8,35,13,49.8,Yes,Tier 1,5,2.5,High
10513,59,35,Bachelor,HR,9,4.8,30,13,38.2,No,Tier 3,5,2.5,High
10514,34,7,Master,Finance,3,3.5,11,6,44.0,No,Tier 3,4,1.42,Low
10515,51,28,Bachelor,Sales,8,4.2,29,12,32.0,No,Tier 1,5,2.5,High
10516,25,1,Diploma,Sales,1,3.8,4,3,41.2,No,Tier 3,1,0.77,Low
10517,55,33,Diploma,Operations,9,3.5,26,12,47.1,No,Tier 1,5,2.5,High
10518,43,20,Bachelor,IT,7,3.4,13,8,42.9,Yes,Tier 2,4,2.36,High
10519,49,29,Bachelor,HR,9,3.0,26,11,41.3,Yes,Tier 3,2,2.5,High
10520,31,7,Master,Finance,2,3.2,9,5,42.9,No,Tier 2,2,1.35,Low
10521,38,14,Diploma,Operations,4,2.8,13,7,49.4,Yes,Tier 1,2,1.73,Low
10522,32,12,Master,Marketing,4,2.8,13,5,41.8,Yes,Tier 3,4,1.6,Low
10523,29,5,Bachelor,HR,2,4.9,8,4,43.4,Yes,Tier 1,4,1.27,Low
10524,30,10,Bachelor,IT,3,3.7,13,6,50.6,No,Tier 1,1,1.52,Low
10525,37,14,Bachelor,Sales,4,4.5,14,5,41.9,No,Tier 1,4,1.81,Low
10526,58,36,Bachelor,Finance,10,3.0,32,13,34.8,Yes,Tier 3,2,2.5,High
10527,27,7,Bachelor,HR,2,2.7,8,4,49.8,No,Tier 3,4,1.15,Low
10528,33,12,Bachelor,Marketing,4,2.9,13,3,48.1,No,Tier 1,3,1.61,Low
10529,60,33,Diploma,IT,10,3.2,28,13,31.9,Yes,Tier 3,5,2.5,High
10530,29,2,Diploma,IT,1,3.5,3,1,42.3,Yes,Tier 1,1,0.73,Low
10531,47,27,Bachelor,Operations,7,3.4,23,12,42.9,No,Tier 3,2,2.5,High
10532,22,0,Master,HR,1,3.0,3,4,49.8,No,Tier 2,2,0.85,Low
10533,25,1,Bachelor,Marketing,1,3.6,2,1,42.9,Yes,Tier 1,3,0.81,Low
10534,49,23,Master,IT,7,3.6,20,8,43.8,Yes,Tier 1,1,2.5,High
10535,57,31,Master,Finance,8,4.0,32,12,44.0,Yes,Tier 1,5,2.5,High
10536,58,31,PhD,IT,9,4.5,30,12,40.7,Yes,Tier 1,1,2.5,High
10537,39,16,Master,Marketing,5,3.3,13,8,49.5,No,Tier 2,1,2.04,Low
10538,28,3,Bachelor,Sales,1,4.3,8,3,39.0,No,Tier 1,2,0.91,Low
10539,21,0,Master,Sales,2,3.5,5,1,40.6,No,Tier 3,4,0.89,Low
10540,42,17,Master,Operations,5,2.5,16,7,43.0,No,Tier 2,5,2.05,Low
10541,37,11,Bachelor,HR,4,4.7,10,4,36.3,Yes,Tier 2,1,1.58,Low
10542,27,1,Bachelor,Marketing,2,5.0,2,3,51.8,No,Tier 1,3,1.11,Low
10543,45,25,High School,Operations,8,3.9,24,12,43.0,Yes,Tier 3,2,2.5,High
10544,24,2,Master,IT,1,3.6,2,1,47.1,No,Tier 2,4,1.01,Low
10545,56,35,Master,IT,9,3.3,34,11,38.2,No,Tier 3,4,2.5,High
10546,26,3,Diploma,Sales,1,3.2,9,2,46.6,No,Tier 3,2,0.85,Low
10547,51,27,Bachelor,Operations,7,4.3,24,9,47.0,No,Tier 1,1,2.5,High
10548,39,14,Bachelor,Sales,5,3.5,17,5,47.7,No,Tier 1,2,1.9,Low
10549,59,32,Diploma,Finance,9,4.6,28,10,52.5,No,Tier 3,4,2.5,High
10550,47,23,PhD,Sales,6,3.5,20,9,40.2,No,Tier 3,4,2.42,High
10551,30,8,Diploma,Finance,4,3.2,12,4,42.1,No,Tier 2,3,1.37,Low
10552,46,21,High School,IT,7,3.1,24,9,38.8,No,Tier 1,3,2.32,High
10553,39,16,Bachelor,Operations,5,3.0,21,6,42.5,No,Tier 2,4,1.91,Low
10554,59,39,Master,Finance,10,3.8,35,13,46.3,No,Tier 1,3,2.5,High
10555,23,0,High School,Operations,2,2.7,5,1,46.1,Yes,Tier 1,3,0.74,Low
10556,33,11,Master,Operations,4,3.0,13,4,51.2,Yes,Tier 2,3,1.65,Low
10557,48,25,Bachelor,Finance,8,4.4,27,10,45.5,No,Tier 1,4,2.5,High
10558,40,14,Diploma,HR,5,2.9,15,4,43.0,No,Tier 2,1,1.69,Low
10559,48,22,Diploma,Sales,6,4.1,23,6,37.5,Yes,Tier 3,1,2.18,High
10560,28,5,Bachelor,Finance,2,2.2,4,1,47.3,No,Tier 3,5,0.97,Low
10561,59,36,Bachelor,IT,10,4.4,31,13,42.2,Yes,Tier 3,3,2.5,High
10562,21,0,PhD,Operations,1,2.7,5,1,47.4,No,Tier 3,1,0.85,Low
10563,23,0,Master,Marketing,1,2.9,5,2,40.9,Yes,Tier 1,5,0.82,Low
10564,33,10,PhD,Finance,3,3.9,13,4,49.0,No,Tier 3,2,1.64,Low
10565,48,24,Bachelor,Sales,7,3.7,23,8,44.9,No,Tier 3,3,2.5,High
10566,45,23,PhD,Operations,7,4.1,20,11,48.0,Yes,Tier 3,1,2.5,High
10567,53,28,Bachelor,HR,8,2.7,25,12,44.9,Yes,Tier 2,1,2.5,High
10568,58,35,Bachelor,IT,9,3.3,31,14,38.4,No,Tier 1,1,2.5,High
10569,26,5,High School,HR,2,3.1,8,4,41.2,No,Tier 1,5,0.99,Low
10570,52,25,High School,Marketing,8,2.8,21,10,36.6,No,Tier 1,2,2.5,High
10571,41,20,Master,Finance,6,3.9,18,7,43.9,No,Tier 3,3,2.4,High
10572,36,14,Bachelor,Operations,4,4.1,14,6,35.7,Yes,Tier 2,1,1.74,Low
10573,41,15,Diploma,Finance,5,3.3,9,5,44.5,No,Tier 3,4,1.75,Low
10574,31,11,Bachelor,Sales,3,4.5,14,4,30.0,No,Tier 2,3,1.51,Low
10575,57,37,Bachelor,Finance,10,3.0,33,12,47.0,No,Tier 2,4,2.5,High
10576,56,29,Bachelor,IT,9,4.5,27,12,37.5,No,Tier 1,5,2.5,High
10577,55,29,Bachelor,Marketing,8,3.9,25,11,38.2,No,Tier 1,1,2.5,High
10578,39,14,Master,HR,5,2.7,16,6,49.9,No,Tier 1,3,1.93,Low
10579,40,15,Master,Marketing,4,4.8,13,6,44.6,Yes,Tier 2,3,1.96,Low
10580,38,13,Bachelor,Operations,4,3.2,12,4,47.2,Yes,Tier 1,1,1.69,Low
10581,34,14,Bachelor,Finance,4,4.3,16,6,38.0,No,Tier 2,2,1.78,Low
10582,35,14,Bachelor,Operations,5,3.6,15,6,47.8,No,Tier 1,5,1.89,Low
10583,51,31,Master,HR,9,3.7,25,13,42.3,No,Tier 3,1,2.5,High
10584,21,0,Bachelor,Operations,2,4.1,7,2,43.6,No,Tier 1,3,1.01,Low
10585,23,0,Diploma,Sales,1,4.0,1,2,50.5,Yes,Tier 2,2,0.72,Low
10586,36,11,High School,Marketing,3,3.3,11,5,37.2,No,Tier 1,3,1.29,Low
10587,43,22,Bachelor,HR,7,3.8,25,9,47.6,Yes,Tier 2,4,2.5,High
10588,31,9,Bachelor,HR,4,3.8,5,6,44.9,Yes,Tier 1,3,1.55,Low
10589,32,5,Master,HR,2,3.6,3,3,41.9,Yes,Tier 2,5,1.2,Low
10590,30,8,Diploma,IT,3,3.4,11,5,37.5,No,Tier 3,1,1.21,Low
10591,52,29,Bachelor,Marketing,8,3.6,20,11,41.9,Yes,Tier 1,3,2.5,High
10592,36,15,Master,Operations,4,4.8,10,6,38.9,No,Tier 1,4,1.81,Low
10593,28,8,Master,HR,4,3.3,12,6,48.9,Yes,Tier 2,4,1.65,Low
10594,58,38,Bachelor,Marketing,10,4.3,32,15,43.5,No,Tier 2,1,2.5,High
10595,32,8,Bachelor,HR,3,3.1,15,4,39.6,No,Tier 1,4,1.35,Low
10596,44,20,Bachelor,Sales,6,2.9,16,9,35.8,No,Tier 2,1,2.11,High
10597,48,28,PhD,Sales,8,5.0,25,9,40.7,Yes,Tier 1,5,2.5,High
10598,28,6,Diploma,Sales,2,3.9,9,3,49.2,Yes,Tier 1,1,1.2,Low
10599,48,21,PhD,Finance,6,3.9,21,7,43.6,No,Tier 1,2,2.44,High
10600,56,31,Master,HR,8,3.9,27,12,42.1,Yes,Tier 3,4,2.5,High
10601,46,24,Bachelor,Finance,8,4.4,21,9,51.5,No,Tier 2,4,2.5,High
10602,28,1,High School,Marketing,2,3.8,4,2,40.9,No,Tier 2,3,0.75,Low
10603,48,24,Bachelor,Finance,8,4.0,26,10,39.0,Yes,Tier 3,2,2.5,High
10604,48,25,Bachelor,Marketing,7,2.8,25,9,45.0,Yes,Tier 1,3,2.5,High
10605,57,30,Diploma,Marketing,9,4.1,25,11,45.1,No,Tier 2,1,2.5,High
10606,56,36,Master,Marketing,10,3.3,29,13,40.1,No,Tier 3,5,2.5,High
10607,47,23,PhD,Operations,6,3.9,20,8,39.0,Yes,Tier 1,4,2.5,High
10608,37,13,Bachelor,Finance,4,2.4,10,6,50.2,No,Tier 1,5,1.74,Low
10609,29,4,Master,Operations,2,3.9,7,3,40.8,No,Tier 3,1,1.03,Low
10610,53,33,High School,HR,10,2.0,31,13,35.7,No,Tier 3,1,2.5,High
10611,40,15,Bachelor,Finance,4,3.3,15,7,44.0,Yes,Tier 1,2,1.86,Low
10612,33,13,Diploma,HR,4,2.4,18,4,47.5,Yes,Tier 1,3,1.66,Low
10613,48,23,Bachelor,HR,7,3.9,26,8,42.0,No,Tier 1,4,2.5,High
10614,49,22,PhD,Marketing,7,3.5,21,7,45.7,Yes,Tier 1,4,2.5,High
10615,33,11,Master,Finance,4,3.0,14,5,37.8,Yes,Tier 1,5,1.74,Low
10616,55,32,High School,HR,9,4.4,26,12,46.1,No,Tier 2,2,2.5,High
10617,26,3,Bachelor,Sales,2,2.9,4,0,38.2,Yes,Tier 3,1,0.82,Low
10618,38,18,Bachelor,HR,5,1.5,21,10,44.5,Yes,Tier 1,2,2.02,Low
10619,25,4,Bachelor,Sales,2,3.8,5,0,46.8,Yes,Tier 3,4,1.02,Low
10620,45,19,Master,Finance,6,2.4,22,8,43.5,No,Tier 1,3,2.25,High
10621,22,0,Master,Operations,2,2.9,6,2,36.8,Yes,Tier 1,5,0.96,Low
10622,30,6,Bachelor,Finance,3,3.2,10,3,37.0,No,Tier 2,1,1.15,Low
10623,50,30,Bachelor,Operations,8,2.6,24,12,51.0,No,Tier 1,1,2.5,High
10624,25,0,Bachelor,Operations,1,3.2,2,0,39.2,No,Tier 1,1,0.68,Low
10625,53,28,Diploma,Finance,8,2.6,27,11,46.8,Yes,Tier 3,3,2.5,High
10626,21,0,Bachelor,HR,1,3.6,1,0,43.6,Yes,Tier 1,4,0.75,Low
10627,38,16,Bachelor,IT,5,2.7,15,8,38.0,No,Tier 2,4,2.0,Low
10628,52,27,Master,HR,7,3.5,26,11,40.3,Yes,Tier 1,2,2.5,High
10629,31,6,Master,HR,3,4.3,6,2,51.5,No,Tier 1,2,1.36,Low
10630,41,21,High School,Marketing,6,4.0,18,9,60.0,No,Tier 2,4,2.29,High
10631,46,26,Bachelor,Marketing,8,3.4,19,12,41.4,No,Tier 3,1,2.5,High
10632,45,18,Diploma,HR,6,2.9,16,6,41.1,Yes,Tier 1,3,2.01,Low
10633,42,18,Diploma,Sales,6,3.6,19,7,34.8,No,Tier 2,4,1.97,Low
10634,47,27,Master,Operations,8,3.0,22,10,34.8,Yes,Tier 3,3,2.5,High
10635,33,13,High School,Marketing,5,3.6,13,5,38.7,Yes,Tier 2,5,1.72,Low
10636,53,33,Bachelor,HR,9,2.4,29,11,40.8,No,Tier 1,1,2.5,High
10637,54,27,Diploma,IT,7,4.0,23,10,42.9,No,Tier 2,5,2.5,High
10638,55,31,Master,Sales,8,3.5,30,11,46.5,No,Tier 2,4,2.5,High
10639,21,0,Bachelor,Finance,1,4.9,7,1,44.1,No,Tier 2,2,0.85,Low
10640,41,19,Diploma,HR,6,4.3,21,7,46.5,No,Tier 2,4,2.18,High
10641,26,0,Bachelor,HR,2,3.9,1,2,39.9,Yes,Tier 1,5,0.9,Low
10642,48,22,Master,Operations,7,3.4,26,10,42.6,Yes,Tier 2,3,2.5,High
10643,37,17,PhD,Sales,5,3.0,19,5,41.2,No,Tier 2,4,2.04,Low
10644,25,0,Diploma,Marketing,1,4.1,2,1,36.7,Yes,Tier 2,2,0.66,Low
10645,51,27,Master,Marketing,7,3.4,23,12,33.1,No,Tier 3,5,2.5,High
10646,25,0,PhD,Marketing,1,4.3,6,2,39.7,Yes,Tier 3,4,0.92,Low
10647,58,36,Master,Finance,10,3.8,32,14,30.6,Yes,Tier 2,5,2.5,High
10648,23,0,Bachelor,Sales,2,3.8,1,2,37.3,Yes,Tier 2,5,0.83,Low
10649,43,21,Bachelor,Sales,6,3.9,19,8,45.7,No,Tier 2,1,2.27,High
10650,57,35,Bachelor,Marketing,9,2.9,30,13,43.9,No,Tier 2,3,2.5,High
10651,57,33,Master,Marketing,10,2.8,27,12,43.1,Yes,Tier 3,1,2.5,High
10652,30,4,Bachelor,Operations,3,2.8,9,4,48.9,Yes,Tier 2,5,1.26,Low
10653,30,5,Master,IT,3,4.2,9,3,39.4,No,Tier 1,2,1.28,Low
10654,39,15,Bachelor,IT,5,2.9,17,6,46.4,Yes,Tier 2,2,1.99,Low
10655,37,17,Master,HR,5,3.0,19,8,39.0,No,Tier 2,1,2.03,Low
10656,41,14,Master,HR,5,3.8,12,6,44.4,No,Tier 2,2,1.88,Low
10657,34,11,Diploma,Sales,4,3.3,10,5,43.8,No,Tier 2,5,1.57,Low
10658,29,7,Master,Sales,3,3.3,12,3,44.0,No,Tier 1,4,1.4,Low
10659,21,0,Bachelor,Finance,2,3.2,3,1,41.1,Yes,Tier 1,5,0.91,Low
10660,33,6,Master,Finance,2,2.0,4,3,44.6,No,Tier 1,4,1.14,Low
10661,24,0,Bachelor,IT,1,2.9,4,1,45.0,No,Tier 1,2,0.77,Low
10662,21,0,Bachelor,HR,1,4.3,5,1,35.8,No,Tier 1,3,0.81,Low
10663,60,36,Master,IT,10,3.1,33,13,47.2,Yes,Tier 3,3,2.5,High
10664,52,28,Bachelor,IT,8,2.3,23,12,36.8,No,Tier 1,5,2.5,High
10665,54,31,Master,HR,8,2.8,33,13,38.6,No,Tier 3,5,2.5,High
10666,48,24,Bachelor,Finance,8,3.7,18,8,44.2,No,Tier 1,2,2.5,High
10667,51,24,Bachelor,Operations,8,3.7,22,9,46.0,Yes,Tier 1,3,2.5,High
10668,28,8,Bachelor,Operations,4,3.3,14,3,44.1,Yes,Tier 2,3,1.44,Low
10669,59,35,Bachelor,Operations,10,3.1,32,11,44.6,No,Tier 1,5,2.5,High
10670,46,25,Bachelor,HR,7,2.6,25,10,37.3,No,Tier 3,3,2.48,High
10671,54,28,High School,Marketing,9,3.7,23,11,40.4,Yes,Tier 1,5,2.5,High
10672,23,0,Bachelor,Marketing,1,4.0,4,4,32.7,No,Tier 1,1,0.72,Low
10673,32,11,High School,Marketing,4,4.3,12,5,38.4,Yes,Tier 3,3,1.51,Low
10674,21,0,PhD,Sales,2,2.8,1,1,36.3,Yes,Tier 1,4,0.99,Low
10675,25,0,PhD,Finance,2,4.4,5,0,43.1,Yes,Tier 1,2,1.01,Low
10676,50,30,Bachelor,Finance,8,3.5,25,11,54.8,Yes,Tier 1,5,2.5,High
10677,50,28,Master,Sales,9,3.5,24,12,46.8,Yes,Tier 2,3,2.5,High
10678,37,12,Bachelor,IT,4,4.1,14,6,31.8,Yes,Tier 1,3,1.66,Low
10679,43,17,Master,Operations,5,3.1,16,11,35.4,Yes,Tier 2,5,2.06,Low
10680,35,10,Master,Marketing,4,2.1,11,3,36.5,No,Tier 3,4,1.49,Low
10681,57,33,PhD,Operations,9,4.0,29,13,34.2,No,Tier 3,3,2.5,High
10682,41,15,Bachelor,Marketing,4,3.7,19,6,41.6,No,Tier 1,1,1.94,Low
10683,34,8,Master,Operations,4,3.3,7,5,44.1,Yes,Tier 1,2,1.54,Low
10684,22,2,Bachelor,IT,2,3.9,3,4,36.5,Yes,Tier 1,5,1.02,Low
10685,31,5,PhD,Operations,3,4.0,8,4,41.9,No,Tier 2,3,1.35,Low
10686,59,36,High School,Operations,10,2.5,29,12,44.1,No,Tier 1,2,2.5,High
10687,58,37,Bachelor,HR,10,3.5,30,15,46.5,Yes,Tier 3,5,2.5,High
10688,54,33,Master,Operations,10,2.0,30,10,43.8,Yes,Tier 2,5,2.5,High
10689,58,37,Master,HR,10,3.4,35,11,44.7,No,Tier 1,5,2.5,High
10690,54,31,Diploma,Finance,9,3.3,30,12,42.8,No,Tier 2,4,2.5,High
10691,38,13,PhD,Sales,5,3.8,14,7,37.9,No,Tier 1,1,1.89,Low
10692,50,30,Diploma,Operations,8,2.8,25,12,39.0,No,Tier 1,5,2.5,High
10693,35,9,Bachelor,Finance,4,3.2,11,7,36.4,No,Tier 1,4,1.54,Low
10694,47,24,Diploma,HR,7,1.4,24,10,50.5,No,Tier 1,5,2.4,High
10695,54,33,Bachelor,Operations,10,3.9,30,12,35.7,Yes,Tier 2,5,2.5,High
10696,58,34,Bachelor,Operations,10,3.4,33,14,47.8,No,Tier 2,4,2.5,High
10697,53,31,Bachelor,IT,8,3.6,25,11,35.7,Yes,Tier 1,1,2.5,High
10698,44,18,Diploma,Finance,6,2.5,16,8,46.8,No,Tier 3,2,1.98,Low
10699,35,12,Diploma,Marketing,4,3.8,15,6,47.9,No,Tier 1,3,1.67,Low
10700,50,23,Bachelor,Marketing,7,4.6,18,8,48.8,No,Tier 1,5,2.5,High
10701,37,14,Master,IT,5,3.4,13,7,37.8,No,Tier 1,1,2.05,Low
10702,25,5,Master,HR,2,3.9,5,6,43.8,Yes,Tier 2,3,1.23,Low
10703,49,29,High School,Marketing,9,2.9,22,13,40.0,Yes,Tier 3,5,2.5,High
10704,24,1,Bachelor,Marketing,2,3.5,3,1,38.6,No,Tier 2,3,0.88,Low
10705,30,9,Diploma,Sales,3,2.5,12,7,43.2,No,Tier 3,4,1.31,Low
10706,37,15,High School,Finance,5,4.0,15,7,47.1,Yes,Tier 1,1,1.88,Low
10707,30,4,Master,HR,2,3.6,8,3,40.0,No,Tier 1,1,1.15,Low
10708,37,17,Bachelor,Operations,6,2.7,20,7,44.6,Yes,Tier 2,2,1.98,Low
10709,40,14,Diploma,Finance,4,3.0,13,7,38.5,Yes,Tier 2,2,1.67,Low
10710,44,23,Diploma,HR,7,3.5,28,9,37.8,Yes,Tier 1,3,2.46,High
10711,25,0,High School,Marketing,1,4.1,2,2,41.4,No,Tier 3,4,0.66,Low
10712,54,30,Master,Sales,8,4.5,26,11,41.7,Yes,Tier 1,3,2.5,High
10713,26,6,PhD,Finance,3,3.4,6,5,46.3,No,Tier 1,5,1.4,Low
10714,22,1,Diploma,Marketing,2,2.6,5,3,36.7,Yes,Tier 2,1,0.82,Low
10715,33,12,Diploma,HR,4,3.7,12,5,53.8,Yes,Tier 2,3,1.67,Low
10716,31,9,Master,Finance,4,4.7,10,3,34.0,No,Tier 1,3,1.51,Low
10717,43,21,Master,Operations,6,2.4,19,9,44.1,No,Tier 1,1,2.35,High
10718,36,12,Bachelor,Finance,5,2.9,12,5,41.6,Yes,Tier 2,1,1.75,Low
10719,51,30,High School,Marketing,9,3.9,27,11,39.8,Yes,Tier 2,2,2.5,High
10720,31,6,High School,Finance,2,3.6,7,3,42.1,No,Tier 2,2,1.08,Low
10721,36,15,Bachelor,Operations,4,3.1,14,5,46.4,Yes,Tier 2,1,1.7,Low
10722,28,6,Bachelor,Sales,3,3.6,10,2,47.1,No,Tier 1,3,1.26,Low
10723,24,0,High School,Sales,2,4.1,2,2,41.9,No,Tier 3,5,0.67,Low
10724,60,40,Bachelor,Marketing,10,3.4,36,15,44.7,Yes,Tier 3,3,2.5,High
10725,24,4,High School,HR,3,3.4,4,3,36.3,No,Tier 1,5,0.96,Low
10726,45,19,Master,Marketing,6,3.9,17,8,42.1,No,Tier 1,1,2.25,High
10727,23,0,Bachelor,Sales,1,3.3,1,1,45.0,Yes,Tier 1,5,0.81,Low
10728,52,30,High School,IT,9,4.2,32,12,31.6,Yes,Tier 2,2,2.5,High
10729,23,0,Bachelor,IT,2,4.8,6,3,43.4,Yes,Tier 3,1,0.98,Low
10730,47,22,Bachelor,Finance,6,2.9,22,9,42.2,No,Tier 2,4,2.35,High
10731,49,27,PhD,Operations,7,2.7,30,13,49.3,No,Tier 3,5,2.5,High
10732,52,28,Bachelor,Finance,8,3.7,27,11,43.8,Yes,Tier 1,5,2.5,High
10733,39,18,Bachelor,IT,6,2.7,17,6,45.4,Yes,Tier 2,4,2.23,High
10734,41,17,Master,Sales,5,2.7,18,8,41.6,Yes,Tier 1,4,2.15,High
10735,25,0,Bachelor,Finance,1,2.2,6,1,46.2,Yes,Tier 1,1,0.81,Low
10736,38,16,Master,Marketing,5,3.3,14,8,45.8,Yes,Tier 2,3,2.08,Low
10737,48,21,Bachelor,Operations,6,3.5,17,9,36.5,No,Tier 1,4,2.32,High
10738,42,17,Bachelor,Marketing,6,3.2,18,7,44.6,Yes,Tier 2,5,2.07,Low
10739,41,14,High School,Operations,5,4.4,13,8,48.9,Yes,Tier 2,4,1.87,Low
10740,26,5,Bachelor,Sales,3,4.4,1,3,47.9,No,Tier 3,1,1.18,Low
10741,21,1,Master,Finance,1,4.8,1,0,43.1,Yes,Tier 1,1,0.98,Low
10742,25,5,Master,Operations,2,3.5,6,4,44.6,Yes,Tier 2,5,1.24,Low
10743,32,7,Diploma,Marketing,2,4.3,9,4,47.6,Yes,Tier 3,5,1.23,Low
10744,46,23,Diploma,Finance,6,3.7,22,11,37.3,Yes,Tier 3,5,2.29,High
10745,54,32,Master,Finance,9,3.6,34,11,45.4,No,Tier 2,3,2.5,High
10746,34,12,PhD,Marketing,4,3.2,12,5,33.1,No,Tier 2,5,1.68,Low
10747,46,26,High School,IT,8,2.0,24,10,47.3,Yes,Tier 1,1,2.5,High
10748,47,21,Bachelor,Operations,7,3.9,16,10,41.1,Yes,Tier 2,1,2.38,High
10749,29,5,Bachelor,Marketing,2,4.3,7,4,42.6,Yes,Tier 2,4,1.15,Low
10750,46,20,Master,Sales,7,2.5,20,8,40.2,No,Tier 2,5,2.39,High
10751,42,21,High School,HR,6,3.5,16,9,42.8,No,Tier 2,3,2.13,High
10752,50,26,Diploma,Marketing,7,4.1,21,9,44.3,No,Tier 1,2,2.5,High
10753,37,13,Master,Finance,5,3.3,15,7,46.8,Yes,Tier 1,4,1.91,Low
10754,46,21,High School,Finance,6,4.3,18,9,49.5,Yes,Tier 2,3,2.25,High
10755,56,36,Bachelor,Marketing,10,3.4,32,16,43.2,No,Tier 1,5,2.5,High
10756,21,0,Bachelor,HR,1,3.2,4,2,34.7,No,Tier 1,3,0.66,Low
10757,28,2,Bachelor,Marketing,1,4.3,10,3,49.5,No,Tier 1,2,1.06,Low
10758,55,35,Bachelor,HR,10,2.9,30,14,35.6,Yes,Tier 1,3,2.5,High
10759,35,9,Bachelor,HR,3,3.0,15,4,40.9,No,Tier 3,2,1.32,Low
10760,42,15,Diploma,Sales,4,2.9,10,8,40.5,No,Tier 2,2,1.83,Low
10761,34,14,Bachelor,Operations,4,2.8,15,6,43.1,No,Tier 1,2,1.8,Low
10762,46,21,Master,Finance,7,3.6,19,8,36.7,Yes,Tier 2,3,2.4,High
10763,48,25,Master,Finance,7,3.2,22,10,36.4,No,Tier 1,5,2.5,High
10764,43,19,Diploma,HR,5,3.8,20,8,42.9,Yes,Tier 2,1,2.07,Low
10765,34,9,Diploma,Finance,3,2.4,10,4,39.0,No,Tier 1,1,1.25,Low
10766,44,22,Bachelor,IT,7,2.8,16,9,49.7,Yes,Tier 3,3,2.41,High
10767,22,1,Bachelor,HR,2,3.5,1,2,40.2,No,Tier 1,5,0.94,Low
10768,46,23,Bachelor,Finance,7,4.5,23,9,37.9,No,Tier 2,1,2.5,High
10769,34,12,Master,IT,5,3.7,9,6,51.4,Yes,Tier 3,2,1.86,Low
10770,27,3,High School,Sales,2,3.1,7,3,45.3,No,Tier 3,3,0.8,Low
10771,23,0,High School,Finance,1,2.5,3,1,56.6,Yes,Tier 1,3,0.67,Low
10772,43,23,Bachelor,IT,7,3.1,21,8,33.4,Yes,Tier 2,4,2.46,High
10773,38,14,Master,Marketing,5,3.5,14,6,44.0,Yes,Tier 1,4,1.98,Low
10774,58,33,Diploma,Operations,9,2.0,31,12,45.4,Yes,Tier 2,4,2.5,High
10775,55,34,Bachelor,Marketing,10,2.7,27,12,43.1,No,Tier 1,5,2.5,High
10776,35,10,Bachelor,IT,3,3.0,11,4,41.2,Yes,Tier 3,3,1.39,Low
10777,45,22,Master,HR,7,3.3,18,9,49.2,No,Tier 1,4,2.5,High
10778,57,34,Master,HR,9,3.5,31,14,45.3,No,Tier 2,3,2.5,High
10779,48,27,Bachelor,Finance,7,3.1,26,11,34.6,No,Tier 2,2,2.5,High
10780,30,3,Diploma,Marketing,2,3.8,6,4,38.7,No,Tier 3,4,0.84,Low
10781,59,37,Bachelor,HR,10,3.6,34,14,37.2,Yes,Tier 2,3,2.5,High
10782,37,15,Diploma,HR,4,3.3,13,7,42.4,No,Tier 1,5,1.76,Low
10783,59,36,Master,Marketing,10,3.9,32,15,47.7,Yes,Tier 1,5,2.5,High
10784,42,19,Master,Sales,5,3.9,18,9,41.1,No,Tier 1,5,2.33,High
10785,46,20,Master,HR,6,2.6,18,9,41.7,No,Tier 2,4,2.31,High
10786,45,25,Master,Operations,7,3.5,21,10,38.1,No,Tier 2,5,2.5,High
10787,37,11,Bachelor,IT,3,4.1,11,5,46.8,Yes,Tier 2,1,1.63,Low
10788,33,7,Diploma,Finance,2,4.2,6,4,49.2,No,Tier 1,2,1.26,Low
10789,40,13,Master,HR,5,3.7,9,5,42.8,No,Tier 2,3,1.82,Low
10790,45,23,Bachelor,Operations,6,3.3,20,6,50.9,No,Tier 2,1,2.3,High
10791,24,0,Master,Operations,2,3.8,5,2,40.3,Yes,Tier 3,4,0.94,Low
10792,30,3,Bachelor,HR,2,4.0,6,4,36.0,No,Tier 2,3,1.0,Low
10793,23,2,High School,Sales,1,3.6,1,2,47.0,Yes,Tier 1,3,0.77,Low
10794,38,16,PhD,IT,5,3.6,15,6,42.5,No,Tier 1,5,2.13,High
10795,56,36,Diploma,Finance,10,3.3,34,13,40.1,No,Tier 1,3,2.5,High
10796,42,17,PhD,HR,5,2.6,15,5,43.4,Yes,Tier 2,3,2.06,Low
10797,54,31,PhD,Finance,8,3.4,24,11,35.1,Yes,Tier 2,2,2.5,High
10798,28,5,Master,Marketing,3,3.1,13,2,34.3,No,Tier 1,4,1.27,Low
10799,60,40,Master,Operations,10,3.1,35,14,43.5,Yes,Tier 1,1,2.5,High
10800,39,12,Bachelor,Operations,5,4.4,10,4,45.2,Yes,Tier 1,5,1.72,Low
10801,57,31,Master,HR,8,4.1,28,10,50.0,No,Tier 3,2,2.5,High
10802,26,5,Bachelor,HR,2,2.4,7,2,47.4,No,Tier 1,1,1.02,Low
10803,46,19,Bachelor,Marketing,6,2.8,14,9,46.2,No,Tier 1,1,2.17,High
10804,54,31,Bachelor,Sales,8,3.3,28,11,49.4,Yes,Tier 1,2,2.5,High
10805,26,2,Bachelor,HR,2,3.1,7,1,45.4,Yes,Tier 1,5,1.06,Low
10806,57,31,Bachelor,Operations,8,3.7,27,13,41.3,No,Tier 2,4,2.5,High
10807,53,30,Bachelor,Finance,9,2.7,22,12,47.6,No,Tier 3,2,2.5,High
10808,42,18,Bachelor,IT,5,4.1,18,5,47.4,No,Tier 1,2,2.11,High
10809,41,14,Master,Finance,5,3.5,16,7,43.0,No,Tier 2,2,1.99,Low
10810,26,6,Diploma,Sales,2,3.3,6,4,37.0,Yes,Tier 1,5,1.17,Low
10811,26,6,PhD,IT,2,3.5,6,4,34.1,Yes,Tier 3,2,1.19,Low
10812,24,0,Master,Finance,2,3.2,9,1,47.2,No,Tier 1,2,1.05,Low
10813,50,27,Master,Finance,7,2.2,23,12,45.4,No,Tier 1,3,2.5,High
10814,31,9,Bachelor,Marketing,3,3.5,7,4,46.1,No,Tier 2,3,1.41,Low
10815,50,26,Master,Sales,8,3.3,24,7,47.4,No,Tier 1,3,2.5,High
10816,51,30,High School,Operations,8,2.9,28,10,38.5,No,Tier 1,3,2.5,High
10817,44,21,Master,Marketing,6,4.2,21,9,33.6,No,Tier 2,2,2.35,High
10818,29,8,High School,IT,3,3.9,3,4,45.6,Yes,Tier 2,3,1.25,Low
10819,23,0,Master,Operations,2,5.0,1,1,49.0,No,Tier 2,1,0.99,Low
10820,51,29,PhD,Marketing,9,4.0,29,10,44.8,No,Tier 2,4,2.5,High
10821,60,38,Bachelor,Sales,10,3.1,34,14,35.6,Yes,Tier 2,3,2.5,High
10822,57,31,Diploma,HR,9,2.9,25,12,44.2,No,Tier 2,5,2.5,High
10823,56,30,Master,HR,9,3.2,30,11,37.4,Yes,Tier 2,4,2.5,High
10824,44,22,Bachelor,IT,6,3.1,23,9,35.3,No,Tier 2,1,2.34,High
10825,51,26,Master,HR,7,3.6,23,10,43.0,No,Tier 1,4,2.5,High
10826,26,4,Diploma,Marketing,3,2.5,8,3,43.8,No,Tier 1,4,1.12,Low
10827,22,2,Diploma,IT,1,3.9,10,1,42.5,No,Tier 1,1,0.92,Low
10828,40,20,PhD,Operations,6,3.6,16,10,45.2,No,Tier 1,3,2.41,High
10829,48,23,Master,Sales,6,3.8,23,12,39.0,No,Tier 2,1,2.49,High
10830,31,4,Master,IT,2,2.8,11,5,43.4,No,Tier 1,5,1.21,Low
10831,24,0,Bachelor,Operations,2,3.7,5,2,40.6,Yes,Tier 1,1,0.96,Low
10832,35,8,Master,IT,4,4.3,8,2,41.7,Yes,Tier 1,2,1.59,Low
10833,26,5,Bachelor,Finance,2,2.9,8,1,44.3,No,Tier 1,2,1.11,Low
10834,50,23,Bachelor,Finance,6,2.9,25,9,48.3,No,Tier 2,4,2.48,High
10835,58,35,Master,IT,10,4.0,28,13,44.5,Yes,Tier 2,3,2.5,High
10836,22,0,Bachelor,HR,1,2.9,3,1,46.1,Yes,Tier 2,3,0.81,Low
10837,35,12,Bachelor,Finance,4,3.3,12,6,43.1,Yes,Tier 1,2,1.73,Low
10838,31,6,Bachelor,Sales,2,4.5,6,2,45.4,No,Tier 3,5,1.19,Low
10839,28,8,Master,Operations,4,2.9,10,6,48.2,No,Tier 3,1,1.41,Low
10840,46,20,Diploma,Marketing,7,4.5,19,10,52.4,Yes,Tier 2,1,2.46,High
10841,25,2,Master,Finance,1,3.3,6,1,49.1,No,Tier 3,1,0.89,Low
10842,26,6,Diploma,IT,2,2.8,11,1,42.7,Yes,Tier 2,5,1.03,Low
10843,46,22,Bachelor,HR,6,3.9,17,9,48.7,No,Tier 3,5,2.33,High
10844,24,3,Master,Marketing,1,3.6,6,4,45.7,No,Tier 3,1,0.91,Low
10845,39,15,Diploma,Operations,4,3.5,15,6,40.0,No,Tier 3,1,1.6,Low
10846,40,15,High School,Operations,4,3.0,16,7,45.8,Yes,Tier 2,5,1.71,Low
10847,53,26,Diploma,Finance,8,3.6,24,10,37.4,Yes,Tier 2,1,2.5,High
10848,40,13,Bachelor,Operations,5,2.2,11,6,45.8,No,Tier 2,5,1.76,Low
10849,32,10,Master,Operations,3,3.6,15,6,51.8,Yes,Tier 1,4,1.75,Low
10850,21,0,High School,HR,2,4.3,8,2,47.1,No,Tier 1,2,0.82,Low
10851,46,24,Master,HR,7,2.4,24,10,49.0,No,Tier 3,2,2.48,High
10852,34,10,Bachelor,HR,3,3.2,12,3,41.1,Yes,Tier 1,5,1.44,Low
10853,58,35,Bachelor,IT,10,2.9,31,16,45.4,No,Tier 2,1,2.5,High
10854,57,36,Master,Operations,10,2.5,34,12,46.5,Yes,Tier 1,2,2.5,High
10855,31,9,Bachelor,Operations,3,2.2,4,5,41.5,No,Tier 1,3,1.39,Low
10856,56,31,Bachelor,Operations,8,2.7,28,12,46.4,No,Tier 3,1,2.5,High
10857,33,8,High School,Sales,4,3.3,8,4,45.3,Yes,Tier 3,5,1.21,Low
10858,23,1,High School,HR,2,4.2,4,3,46.5,No,Tier 2,3,0.83,Low
10859,53,26,Bachelor,Marketing,7,2.5,27,9,37.8,Yes,Tier 1,5,2.5,High
10860,26,4,High School,Finance,2,3.7,6,2,49.4,No,Tier 2,1,1.0,Low
10861,30,9,Bachelor,Marketing,3,3.6,9,3,45.3,Yes,Tier 1,4,1.52,Low
10862,25,3,Bachelor,IT,2,4.6,2,4,42.4,No,Tier 1,4,1.18,Low
10863,43,22,Bachelor,IT,6,3.9,20,9,42.5,No,Tier 1,4,2.49,High
10864,30,5,Diploma,Operations,3,3.9,9,4,42.8,Yes,Tier 2,1,1.19,Low
10865,22,0,Bachelor,Marketing,1,4.0,1,2,38.9,No,Tier 1,1,0.75,Low
10866,33,9,Master,Operations,4,2.9,5,7,48.9,No,Tier 2,3,1.5,Low
10867,60,34,PhD,Sales,10,3.1,36,15,47.8,No,Tier 1,1,2.5,High
10868,22,0,High School,IT,2,4.2,4,2,48.2,No,Tier 1,1,0.87,Low
10869,40,15,Master,IT,5,2.2,14,7,50.6,No,Tier 1,3,1.98,Low
10870,21,0,Bachelor,Marketing,1,3.1,6,1,43.9,Yes,Tier 3,3,0.77,Low
10871,57,33,Bachelor,IT,10,2.6,30,13,34.7,No,Tier 2,5,2.5,High
10872,29,8,Bachelor,Sales,4,3.7,13,5,46.1,No,Tier 1,2,1.48,Low
10873,37,13,High School,Sales,5,3.2,17,5,46.0,Yes,Tier 2,2,1.75,Low
10874,29,5,High School,Sales,2,3.9,4,4,50.8,Yes,Tier 3,5,1.01,Low
10875,31,10,Bachelor,Finance,3,3.4,12,6,48.4,No,Tier 2,4,1.5,Low
10876,35,12,Bachelor,Sales,4,2.5,17,4,43.7,No,Tier 2,1,1.65,Low
10877,44,20,Master,Sales,6,2.5,17,8,42.3,No,Tier 1,3,2.29,High
10878,58,36,Bachelor,Finance,10,3.5,29,13,48.0,No,Tier 2,3,2.5,High
10879,55,29,Diploma,Operations,8,3.0,24,11,30.0,Yes,Tier 2,4,2.5,High
10880,50,25,Master,HR,8,3.2,25,9,44.2,No,Tier 2,3,2.5,High
10881,51,28,Bachelor,IT,9,4.1,26,9,47.7,No,Tier 3,4,2.5,High
10882,25,4,Bachelor,Sales,3,4.0,1,2,42.4,Yes,Tier 1,5,1.21,Low
10883,34,11,Master,IT,3,4.7,13,4,41.1,Yes,Tier 1,4,1.66,Low
10884,31,11,Master,Marketing,4,3.3,11,6,44.5,No,Tier 3,2,1.57,Low
10885,29,9,Master,IT,4,3.1,10,5,49.7,No,Tier 2,4,1.65,Low
10886,54,30,Master,Operations,8,3.8,25,12,45.3,Yes,Tier 1,5,2.5,High
10887,32,8,Master,Finance,4,3.1,10,2,39.6,Yes,Tier 1,4,1.51,Low
10888,55,33,PhD,IT,9,3.2,32,11,49.1,Yes,Tier 3,5,2.5,High
10889,55,29,Bachelor,IT,9,3.4,25,10,50.1,Yes,Tier 1,2,2.5,High
10890,21,0,High School,IT,1,4.6,1,2,39.0,Yes,Tier 1,1,0.65,Low
10891,60,37,Bachelor,HR,10,4.0,32,13,57.0,No,Tier 1,5,2.5,High
10892,42,22,Diploma,HR,6,4.0,22,9,43.0,Yes,Tier 3,1,2.28,High
10893,49,25,Master,Marketing,8,4.5,22,11,47.7,No,Tier 3,5,2.5,High
10894,28,1,Bachelor,Finance,2,4.1,1,1,46.6,No,Tier 2,4,0.98,Low
10895,31,4,Bachelor,IT,2,2.8,8,2,39.5,No,Tier 2,1,0.96,Low
10896,57,32,High School,IT,9,4.1,32,12,40.7,No,Tier 1,5,2.5,High
10897,34,11,Master,IT,4,4.2,12,5,43.3,Yes,Tier 1,5,1.74,Low
10898,50,26,Bachelor,IT,8,3.9,20,11,33.6,Yes,Tier 3,1,2.5,High
10899,55,31,Master,HR,8,3.4,27,12,47.1,Yes,Tier 1,5,2.5,High
10900,41,21,Bachelor,Operations,7,3.9,20,11,33.5,No,Tier 2,1,2.43,High
10901,57,37,Bachelor,Operations,10,3.5,31,12,43.1,Yes,Tier 2,2,2.5,High
10902,25,1,Diploma,Marketing,2,2.9,5,3,39.6,No,Tier 1,3,0.82,Low
10903,39,18,High School,Sales,5,3.0,15,8,45.9,No,Tier 2,2,1.92,Low
10904,34,10,Master,Finance,3,4.0,11,3,32.0,No,Tier 2,1,1.47,Low
10905,46,21,Master,Operations,7,2.9,19,6,34.7,No,Tier 2,4,2.33,High
10906,24,0,Bachelor,IT,1,3.0,5,0,40.0,No,Tier 1,4,0.74,Low
10907,45,23,Diploma,Operations,7,4.0,21,11,45.6,No,Tier 1,3,2.5,High
10908,45,19,Bachelor,Marketing,6,3.6,18,9,44.1,No,Tier 2,1,2.23,High
10909,38,16,Master,Sales,5,3.9,14,7,48.3,Yes,Tier 3,5,2.01,Low
10910,60,38,Master,Operations,10,2.7,33,14,43.5,No,Tier 1,2,2.5,High
10911,28,7,Diploma,Marketing,2,3.9,8,3,42.9,No,Tier 3,2,1.12,Low
10912,59,38,High School,HR,10,3.1,31,14,37.6,Yes,Tier 2,3,2.5,High
10913,60,33,Master,Sales,10,2.8,30,12,41.9,No,Tier 3,3,2.5,High
10914,34,10,Bachelor,Marketing,3,3.2,12,7,42.9,No,Tier 1,3,1.5,Low
10915,52,30,Bachelor,Operations,8,4.4,26,10,32.7,No,Tier 1,3,2.5,High
10916,58,37,High School,HR,10,3.3,35,14,38.5,No,Tier 1,3,2.5,High
10917,53,33,Bachelor,Marketing,10,4.9,30,15,45.3,No,Tier 1,3,2.5,High
10918,43,19,Master,Marketing,6,2.2,15,9,43.9,Yes,Tier 3,5,2.17,High
10919,35,10,PhD,Operations,4,2.5,14,3,41.7,Yes,Tier 1,5,1.63,Low
10920,53,27,Bachelor,Sales,7,4.4,27,9,40.0,No,Tier 2,2,2.5,High
10921,45,22,Bachelor,HR,6,4.5,23,9,34.3,No,Tier 1,2,2.47,High
10922,37,13,High School,IT,5,2.9,14,6,32.1,No,Tier 2,3,1.55,Low
10923,53,30,Bachelor,Finance,8,3.5,21,13,41.5,Yes,Tier 1,2,2.5,High
10924,22,0,Bachelor,Sales,1,4.0,6,2,50.4,Yes,Tier 1,3,0.93,Low
10925,34,8,Bachelor,HR,3,3.4,10,4,43.2,No,Tier 1,5,1.45,Low
10926,60,37,Bachelor,Marketing,10,3.6,33,13,48.1,Yes,Tier 2,4,2.5,High
10927,60,38,Diploma,HR,10,3.5,35,13,37.1,Yes,Tier 1,5,2.5,High
10928,59,39,High School,Finance,10,2.5,39,15,44.4,No,Tier 1,1,2.5,High
10929,26,3,Bachelor,Operations,2,3.3,4,1,39.5,Yes,Tier 1,5,0.92,Low
10930,26,0,High School,Finance,2,3.5,2,3,39.3,No,Tier 3,1,0.62,Low
10931,23,0,Diploma,IT,1,3.6,1,2,46.7,Yes,Tier 2,2,0.77,Low
10932,27,3,PhD,IT,2,2.4,3,3,42.4,Yes,Tier 2,5,1.05,Low
10933,28,6,Bachelor,Finance,3,4.0,5,2,36.1,No,Tier 2,4,1.23,Low
10934,35,11,Bachelor,Sales,3,3.6,7,5,43.5,No,Tier 1,5,1.44,Low
10935,49,23,Master,Sales,7,2.8,22,9,39.4,Yes,Tier 2,5,2.5,High
10936,53,32,PhD,Marketing,10,4.7,34,12,35.8,No,Tier 1,5,2.5,High
10937,50,28,Bachelor,IT,9,3.3,31,11,38.0,Yes,Tier 1,3,2.5,High
10938,59,36,Master,Marketing,10,3.3,30,13,53.2,No,Tier 2,5,2.5,High
10939,47,25,Bachelor,IT,8,3.9,22,9,49.1,Yes,Tier 2,5,2.5,High
10940,56,32,Bachelor,Finance,10,4.7,32,13,32.9,No,Tier 1,4,2.5,High
10941,49,29,Bachelor,Sales,9,3.9,27,10,42.1,No,Tier 1,1,2.5,High
10942,58,36,Master,Sales,10,4.0,32,13,42.4,Yes,Tier 2,1,2.5,High
10943,53,30,Master,Finance,8,2.8,26,12,41.7,Yes,Tier 2,4,2.5,High
10944,57,36,Bachelor,Marketing,10,3.6,35,15,39.7,No,Tier 1,2,2.5,High
10945,47,20,Diploma,Marketing,6,3.2,16,7,46.7,Yes,Tier 1,5,2.23,High
10946,53,28,Bachelor,HR,9,4.0,27,13,47.7,Yes,Tier 3,2,2.5,High
10947,24,4,Diploma,IT,3,4.0,7,1,48.2,Yes,Tier 2,4,1.19,Low
10948,42,15,Bachelor,Marketing,5,4.6,15,8,44.7,No,Tier 3,2,2.01,Low
10949,22,1,Master,Finance,1,2.1,6,3,46.0,No,Tier 1,1,0.91,Low
10950,30,8,Master,Marketing,3,3.1,9,2,41.3,Yes,Tier 2,3,1.35,Low
10951,25,1,Master,Sales,1,4.3,2,0,35.1,No,Tier 1,2,0.8,Low
10952,30,4,Master,IT,3,2.6,6,4,35.0,No,Tier 2,3,1.15,Low
10953,53,29,Bachelor,Operations,8,4.0,22,11,38.7,Yes,Tier 1,2,2.5,High
10954,58,31,Master,HR,8,4.2,29,11,42.0,No,Tier 1,4,2.5,High
10955,33,10,Bachelor,IT,4,3.5,13,7,36.6,No,Tier 1,3,1.68,Low
10956,51,27,Diploma,Sales,7,2.6,23,9,37.4,No,Tier 2,2,2.5,High
10957,56,36,High School,Sales,10,3.4,30,13,41.1,Yes,Tier 2,4,2.5,High
10958,44,20,Bachelor,Sales,6,4.4,17,7,47.3,No,Tier 2,1,2.24,High
10959,35,12,Bachelor,Sales,5,4.5,12,2,44.7,No,Tier 3,5,1.75,Low
10960,49,24,Bachelor,Finance,8,3.6,23,10,38.7,No,Tier 2,4,2.5,High
10961,28,6,Master,HR,3,2.9,12,2,43.2,No,Tier 2,4,1.35,Low
10962,25,0,Diploma,Operations,2,4.6,7,2,36.4,Yes,Tier 3,1,0.71,Low
10963,49,22,Diploma,Sales,7,4.0,23,10,38.7,No,Tier 2,3,2.4,High
10964,24,2,PhD,Sales,1,2.9,5,2,34.7,No,Tier 1,2,0.92,Low
10965,32,8,Diploma,Marketing,4,3.7,7,4,45.1,Yes,Tier 3,3,1.32,Low
10966,22,1,Bachelor,HR,2,3.7,8,2,41.6,Yes,Tier 1,4,0.96,Low
10967,47,25,Bachelor,IT,8,3.1,22,9,42.2,Yes,Tier 2,2,2.5,High
10968,51,26,Bachelor,HR,8,3.7,25,9,47.0,No,Tier 1,5,2.5,High
10969,56,32,High School,HR,9,4.2,30,14,38.0,No,Tier 2,5,2.5,High
10970,56,30,High School,Operations,9,3.3,27,12,45.3,No,Tier 2,2,2.5,High
10971,46,23,Diploma,HR,6,4.3,24,9,52.9,Yes,Tier 1,4,2.5,High
10972,47,22,Bachelor,Operations,7,2.4,22,10,38.1,No,Tier 2,1,2.35,High
10973,25,1,Bachelor,Sales,2,4.9,6,2,35.2,No,Tier 2,3,0.95,Low
10974,40,15,Diploma,Sales,4,3.5,16,7,36.7,Yes,Tier 1,3,1.79,Low
10975,31,9,Bachelor,Finance,3,4.2,10,5,44.9,Yes,Tier 1,1,1.46,Low
10976,30,4,Master,Operations,2,3.6,6,0,51.7,Yes,Tier 1,1,1.1,Low
10977,60,37,High School,Operations,10,3.0,32,15,51.5,No,Tier 3,5,2.5,High
10978,58,34,Bachelor,IT,9,3.5,27,14,47.2,No,Tier 2,1,2.5,High
10979,26,6,Master,Marketing,3,2.3,5,3,47.4,No,Tier 3,2,1.2,Low
10980,28,1,Bachelor,HR,1,3.9,6,3,45.3,Yes,Tier 1,5,0.94,Low
10981,43,20,Bachelor,IT,6,3.6,16,6,46.6,No,Tier 1,4,2.35,High
10982,46,26,Bachelor,Operations,8,3.4,23,11,44.5,No,Tier 1,5,2.5,High
10983,32,7,Master,IT,2,4.0,6,4,39.0,No,Tier 1,5,1.31,Low
10984,46,25,Master,Finance,7,3.5,22,9,51.6,Yes,Tier 2,3,2.5,High
10985,33,10,Bachelor,Marketing,4,3.9,11,5,49.7,No,Tier 3,1,1.56,Low
10986,60,35,Master,Operations,10,4.1,30,14,39.1,No,Tier 1,2,2.5,High
10987,38,18,Bachelor,Operations,6,3.1,14,5,46.2,Yes,Tier 3,1,2.04,Low
10988,45,23,Bachelor,HR,6,3.0,21,10,50.3,Yes,Tier 1,3,2.5,High
10989,53,31,Bachelor,Marketing,8,2.4,25,11,45.1,No,Tier 3,1,2.5,High
10990,60,39,Diploma,Finance,10,3.6,33,16,42.0,No,Tier 1,2,2.5,High
10991,32,5,Master,Sales,2,3.8,9,4,50.1,No,Tier 3,1,1.3,Low
10992,56,33,Bachelor,IT,9,2.6,32,12,44.3,Yes,Tier 1,3,2.5,High
10993,24,1,Bachelor,HR,2,4.4,1,2,39.9,Yes,Tier 3,2,0.82,Low
10994,25,2,Master,Operations,1,3.0,9,2,37.2,Yes,Tier 1,1,0.91,Low
10995,57,30,High School,Sales,9,2.1,26,13,30.0,No,Tier 1,3,2.5,High
10996,28,3,Bachelor,Finance,1,4.5,4,1,52.9,No,Tier 2,3,1.01,Low
10997,48,22,High School,Marketing,7,2.2,18,8,38.8,No,Tier 1,5,2.33,High
10998,51,25,Master,IT,7,4.1,23,8,47.8,Yes,Tier 2,2,2.5,High
10999,29,8,Master,HR,3,4.0,14,4,38.4,No,Tier 3,2,1.39,Low
11000,49,26,Bachelor,Operations,8,3.7,20,9,43.8,No,Tier 2,1,2.5,High
11001,34,9,Master,Operations,3,3.2,5,4,45.2,No,Tier 2,5,1.48,Low
11002,60,38,Bachelor,Sales,10,3.8,34,16,36.8,No,Tier 1,2,2.5,High
11003,42,22,Master,Sales,6,4.2,22,8,47.8,No,Tier 2,3,2.5,High
11004,31,6,Bachelor,IT,2,2.9,8,3,42.0,No,Tier 2,2,1.07,Low
11005,43,16,Bachelor,Marketing,6,4.1,17,6,45.8,Yes,Tier 3,5,2.05,Low
11006,21,0,PhD,Finance,1,4.1,1,1,50.3,No,Tier 1,4,1.03,Low
11007,57,31,Bachelor,Marketing,9,3.7,25,15,46.7,Yes,Tier 2,3,2.5,High
11008,41,19,Diploma,Marketing,5,3.2,19,6,42.5,No,Tier 1,2,2.07,Low
11009,46,24,Bachelor,Marketing,7,4.1,27,10,52.7,No,Tier 1,3,2.5,High
11010,56,29,PhD,IT,8,3.8,28,14,42.8,Yes,Tier 1,1,2.5,High
11011,43,23,Bachelor,IT,6,2.8,23,10,43.5,No,Tier 1,3,2.5,High
11012,21,0,High School,Finance,1,3.3,1,2,42.2,No,Tier 1,2,0.63,Low
11013,60,39,Bachelor,Marketing,10,4.0,35,13,36.9,No,Tier 1,1,2.5,High
11014,35,15,Bachelor,IT,4,3.6,12,8,36.3,No,Tier 3,1,1.77,Low
11015,41,19,Diploma,Finance,6,4.2,23,9,40.2,No,Tier 1,1,2.34,High
11016,29,5,Master,Operations,2,3.3,4,1,37.9,No,Tier 3,4,1.03,Low
11017,29,4,PhD,Finance,2,2.9,4,2,41.6,Yes,Tier 1,4,1.15,Low
11018,30,8,Bachelor,Marketing,3,4.9,6,3,47.1,Yes,Tier 1,1,1.45,Low
11019,46,25,Bachelor,HR,8,2.4,23,6,41.0,Yes,Tier 2,2,2.5,High
11020,55,32,Bachelor,Marketing,10,3.2,29,11,44.1,No,Tier 2,1,2.5,High
11021,45,23,Diploma,HR,6,3.7,25,9,40.5,Yes,Tier 2,1,2.37,High
11022,46,20,Master,Finance,6,4.1,21,9,55.7,No,Tier 2,3,2.5,High
11023,31,5,Bachelor,Operations,2,3.9,5,3,50.5,Yes,Tier 1,3,1.19,Low
11024,58,32,Bachelor,Operations,10,5.0,31,14,41.8,No,Tier 2,3,2.5,High
11025,22,0,Master,IT,1,3.4,1,3,44.4,Yes,Tier 2,5,0.87,Low
11026,27,1,Bachelor,Operations,2,2.9,2,2,36.3,No,Tier 1,3,0.84,Low
11027,38,14,Bachelor,Sales,4,3.4,14,6,41.9,No,Tier 3,3,1.72,Low
11028,47,25,High School,Finance,8,3.3,20,10,40.0,No,Tier 2,2,2.5,High
11029,54,27,Master,IT,8,3.5,27,10,46.7,No,Tier 1,4,2.5,High
11030,47,21,PhD,Operations,6,2.9,25,7,38.3,No,Tier 3,4,2.33,High
11031,37,17,Bachelor,Finance,5,4.0,16,7,51.3,No,Tier 3,4,2.03,Low
11032,44,17,PhD,Marketing,5,3.7,15,8,42.7,No,Tier 2,5,2.15,High
11033,45,22,Diploma,Operations,6,2.7,20,10,38.7,Yes,Tier 1,1,2.32,High
11034,27,3,Bachelor,HR,1,4.1,4,4,43.2,No,Tier 3,3,0.97,Low
11035,26,6,Bachelor,Finance,2,3.0,8,4,46.7,No,Tier 1,2,1.21,Low
11036,44,24,Bachelor,IT,7,2.7,19,11,45.6,Yes,Tier 1,5,2.5,High
11037,53,33,Bachelor,Marketing,10,3.6,30,13,43.8,No,Tier 1,4,2.5,High
11038,49,29,Bachelor,Sales,8,2.4,31,11,47.4,No,Tier 2,5,2.5,High
11039,42,15,Diploma,Marketing,4,3.9,10,8,47.1,No,Tier 3,2,1.79,Low
11040,46,19,Bachelor,Operations,6,1.7,15,9,47.1,No,Tier 2,5,2.17,High
11041,48,26,Diploma,HR,7,2.8,23,12,41.6,Yes,Tier 3,4,2.5,High
11042,41,15,Master,Marketing,4,4.5,16,5,41.6,Yes,Tier 1,1,2.0,Low
11043,27,2,Diploma,Sales,1,3.1,7,1,42.0,Yes,Tier 1,4,0.76,Low
11044,37,15,High School,IT,4,3.2,17,6,40.5,Yes,Tier 2,4,1.7,Low
11045,40,18,Bachelor,Finance,6,4.3,13,8,43.5,No,Tier 3,4,2.14,High
11046,40,16,Bachelor,HR,6,3.0,14,9,43.0,Yes,Tier 2,5,2.09,Low
11047,42,18,Master,Sales,5,4.0,15,6,51.3,No,Tier 1,2,2.2,High
11048,48,22,Bachelor,Operations,6,4.3,20,10,40.5,No,Tier 1,4,2.47,High
11049,60,35,Bachelor,Operations,10,3.8,31,12,38.1,No,Tier 1,5,2.5,High
11050,27,3,Master,Operations,1,2.6,2,5,46.2,Yes,Tier 1,2,1.06,Low
11051,21,0,Bachelor,HR,2,3.1,2,0,43.4,Yes,Tier 1,1,0.8,Low
11052,52,26,High School,Marketing,8,5.0,25,11,39.6,Yes,Tier 3,4,2.5,High
11053,33,6,Bachelor,HR,3,3.2,6,5,46.9,Yes,Tier 2,3,1.32,Low
11054,50,29,Master,Operations,8,5.0,26,12,41.6,No,Tier 2,5,2.5,High
11055,43,16,Bachelor,Sales,5,4.6,20,6,50.6,No,Tier 1,1,2.11,High
11056,39,14,Bachelor,Finance,4,3.8,19,5,38.2,No,Tier 1,1,1.83,Low
11057,52,28,Diploma,Finance,9,3.7,20,12,40.1,No,Tier 2,1,2.5,High
11058,50,25,Diploma,HR,7,3.2,23,11,43.6,Yes,Tier 3,5,2.5,High
11059,49,27,Bachelor,Operations,7,3.4,32,12,49.8,No,Tier 2,2,2.5,High
11060,49,27,Bachelor,IT,8,3.1,26,12,39.4,Yes,Tier 3,3,2.5,High
11061,50,25,High School,HR,7,3.5,23,8,44.9,No,Tier 3,2,2.41,High
11062,36,15,PhD,Operations,4,2.6,18,5,37.2,No,Tier 1,4,1.78,Low
11063,60,39,Master,Marketing,10,2.6,35,14,47.6,Yes,Tier 1,3,2.5,High
11064,39,12,Bachelor,Finance,5,4.3,14,5,39.7,Yes,Tier 2,2,1.79,Low
11065,38,13,Master,Finance,4,2.5,13,5,46.1,Yes,Tier 1,4,1.85,Low
11066,21,0,High School,Finance,2,4.1,4,2,46.4,No,Tier 1,3,0.79,Low
11067,34,7,Bachelor,IT,3,2.3,10,5,33.9,Yes,Tier 1,5,1.24,Low
11068,22,0,Bachelor,Operations,2,3.9,5,1,44.0,No,Tier 1,4,0.91,Low
11069,48,27,Master,Operations,7,3.4,24,10,40.5,No,Tier 3,2,2.5,High
11070,50,30,Master,Operations,8,4.4,26,12,45.5,No,Tier 1,3,2.5,High
11071,58,31,Bachelor,Operations,8,3.3,23,11,38.6,No,Tier 1,4,2.5,High
11072,24,2,PhD,IT,2,2.2,4,2,40.1,Yes,Tier 2,4,0.99,Low
11073,21,0,Diploma,Sales,2,3.4,5,1,49.0,No,Tier 2,5,0.82,Low
11074,28,3,Master,HR,1,3.6,7,3,48.6,No,Tier 2,4,1.01,Low
11075,49,29,PhD,HR,9,3.4,24,10,38.0,No,Tier 3,3,2.5,High
11076,59,34,Diploma,Operations,9,3.9,25,14,52.0,No,Tier 2,1,2.5,High
11077,23,0,Master,Marketing,1,3.1,3,1,30.1,No,Tier 2,3,0.68,Low
11078,52,30,High School,Finance,8,2.7,29,11,44.1,Yes,Tier 1,3,2.5,High
11079,30,8,Bachelor,IT,3,2.9,8,5,36.6,No,Tier 2,5,1.33,Low
11080,30,9,Bachelor,Marketing,3,3.2,7,4,44.9,No,Tier 2,5,1.41,Low
11081,39,12,Bachelor,Marketing,4,3.2,11,5,41.7,Yes,Tier 3,4,1.58,Low
11082,54,33,PhD,Operations,9,5.0,30,11,37.9,No,Tier 3,5,2.5,High
11083,53,33,Master,IT,10,4.3,33,10,39.3,Yes,Tier 2,4,2.5,High
11084,43,16,Bachelor,HR,5,3.9,15,7,39.1,No,Tier 2,1,1.93,Low
11085,48,22,Master,Finance,7,3.8,23,10,43.4,No,Tier 1,2,2.5,High
11086,52,27,PhD,HR,8,3.7,27,10,47.9,No,Tier 1,5,2.5,High
11087,27,1,High School,Marketing,1,3.7,1,1,52.8,No,Tier 1,5,0.81,Low
11088,49,27,PhD,Finance,8,3.6,28,8,42.1,No,Tier 1,1,2.5,High
11089,28,8,High School,Sales,4,3.5,10,2,44.5,Yes,Tier 1,5,1.35,Low
11090,21,0,Master,Marketing,2,2.1,1,2,48.9,No,Tier 1,1,0.96,Low
11091,23,3,Bachelor,HR,1,3.3,10,0,40.8,Yes,Tier 2,4,0.91,Low
11092,44,20,Diploma,HR,6,3.3,19,7,39.1,Yes,Tier 2,5,2.13,High
11093,43,23,Bachelor,Operations,6,3.0,17,10,52.7,Yes,Tier 2,5,2.4,High
11094,28,2,Bachelor,HR,1,3.1,3,2,42.1,No,Tier 2,4,0.79,Low
11095,57,33,Bachelor,IT,9,3.7,27,13,44.1,No,Tier 1,5,2.5,High
11096,23,0,High School,Marketing,2,4.0,1,2,35.0,No,Tier 3,3,0.66,Low
11097,53,26,Bachelor,Finance,8,3.7,23,10,40.4,No,Tier 1,1,2.5,High
11098,48,21,Master,HR,6,4.0,19,7,52.4,Yes,Tier 3,2,2.34,High
11099,28,4,Bachelor,Operations,3,4.0,5,2,45.3,No,Tier 1,3,1.16,Low
11100,54,31,Diploma,Operations,9,3.3,28,11,42.9,Yes,Tier 2,2,2.5,High
11101,55,28,Bachelor,HR,9,3.8,27,9,50.0,No,Tier 1,3,2.5,High
11102,52,32,High School,IT,10,2.4,27,11,34.8,No,Tier 1,3,2.5,High
11103,44,18,Master,Operations,5,3.3,20,7,40.9,No,Tier 1,3,2.16,High
11104,34,14,Master,Finance,4,3.2,11,5,54.4,No,Tier 2,1,1.88,Low
11105,52,29,Bachelor,Marketing,8,4.5,28,11,42.8,No,Tier 1,2,2.5,High
11106,36,14,Bachelor,Sales,5,3.7,18,7,42.7,No,Tier 2,4,1.87,Low
11107,24,3,Master,IT,2,2.6,5,3,48.9,No,Tier 1,4,1.06,Low
11108,57,31,Bachelor,Operations,8,3.9,28,14,49.2,Yes,Tier 1,5,2.5,High
11109,41,14,Master,Marketing,4,4.1,12,4,36.5,Yes,Tier 3,1,1.68,Low
11110,34,8,Bachelor,Sales,4,3.4,8,4,45.1,Yes,Tier 3,1,1.47,Low
11111,51,31,Master,HR,8,3.9,32,13,51.8,Yes,Tier 2,1,2.5,High
11112,38,17,Bachelor,HR,5,1.9,18,5,39.8,Yes,Tier 1,3,1.9,Low
11113,27,2,Bachelor,Finance,2,1.7,6,1,41.1,No,Tier 1,1,0.84,Low
11114,30,5,PhD,Sales,3,2.7,2,2,43.1,No,Tier 3,4,1.13,Low
11115,27,0,Bachelor,HR,1,3.6,1,4,46.5,No,Tier 1,1,0.75,Low
11116,53,30,Bachelor,HR,9,4.5,31,10,35.9,Yes,Tier 3,3,2.5,High
11117,43,18,Diploma,Operations,5,2.8,18,9,30.0,Yes,Tier 1,2,1.91,Low
11118,41,15,Bachelor,Finance,5,2.9,16,6,44.1,Yes,Tier 3,1,1.81,Low
11119,39,14,Bachelor,Marketing,5,3.6,15,5,48.8,No,Tier 1,2,1.92,Low
11120,39,17,Diploma,HR,5,3.2,15,11,41.4,No,Tier 1,5,2.04,Low
11121,56,34,High School,IT,10,3.1,31,13,39.9,No,Tier 2,3,2.5,High
11122,49,22,Bachelor,IT,6,3.2,17,9,42.2,No,Tier 3,1,2.4,High
11123,38,16,Master,Marketing,6,4.4,12,7,51.0,No,Tier 3,5,2.08,Low
11124,22,0,Bachelor,Sales,1,4.2,1,2,39.7,Yes,Tier 2,5,0.78,Low
11125,21,0,Diploma,Finance,2,3.5,3,4,45.9,No,Tier 2,2,0.83,Low
11126,25,1,Master,Operations,2,4.6,1,4,37.2,No,Tier 2,4,0.97,Low
11127,40,16,High School,IT,5,3.8,16,6,37.5,No,Tier 2,4,1.81,Low
11128,31,4,Bachelor,IT,3,4.3,4,5,47.2,Yes,Tier 3,4,1.25,Low
11129,22,1,Diploma,Marketing,1,2.9,2,1,51.2,Yes,Tier 2,4,0.73,Low
11130,23,0,Diploma,Sales,2,3.1,6,2,47.4,Yes,Tier 2,3,0.8,Low
11131,43,19,Diploma,Sales,6,3.1,18,6,32.7,No,Tier 2,1,1.95,Low
11132,32,10,Bachelor,Marketing,3,3.4,9,6,40.9,No,Tier 2,1,1.36,Low
11133,40,18,High School,IT,6,3.5,18,7,44.2,No,Tier 3,3,2.02,Low
11134,25,0,Bachelor,Finance,2,3.7,1,0,43.3,No,Tier 1,2,0.83,Low
11135,57,30,Bachelor,IT,8,4.8,28,13,33.4,Yes,Tier 1,1,2.5,High
11136,58,37,Bachelor,Sales,10,4.0,35,16,36.5,No,Tier 2,5,2.5,High
11137,50,23,Bachelor,Operations,6,3.2,23,11,39.0,Yes,Tier 1,1,2.42,High
11138,29,9,Master,IT,3,3.5,16,3,42.7,No,Tier 2,3,1.51,Low
11139,54,28,Diploma,Finance,8,4.5,21,13,33.3,No,Tier 3,2,2.5,High
11140,55,34,Bachelor,HR,10,4.0,31,12,46.0,No,Tier 2,1,2.5,High
11141,42,21,High School,IT,7,4.5,16,11,42.5,No,Tier 3,3,2.31,High
11142,44,21,High School,Marketing,6,3.2,19,9,37.8,No,Tier 1,5,2.17,High
11143,37,10,Bachelor,HR,4,3.0,11,5,44.0,No,Tier 3,4,1.46,Low
11144,30,5,Bachelor,Marketing,2,3.0,13,3,35.8,Yes,Tier 2,5,1.05,Low
11145,50,27,Master,Marketing,8,3.2,24,10,42.7,No,Tier 1,5,2.5,High
11146,43,22,Bachelor,Marketing,6,2.8,20,8,34.0,No,Tier 2,2,2.24,High
11147,52,31,PhD,IT,8,3.7,30,11,34.7,No,Tier 3,1,2.5,High
11148,37,16,High School,Sales,6,3.7,16,6,40.7,No,Tier 1,4,1.93,Low
11149,37,13,High School,HR,4,4.4,18,7,39.4,No,Tier 2,3,1.6,Low
11150,34,7,High School,Finance,2,2.4,10,2,44.9,No,Tier 3,4,1.02,Low
11151,29,3,Diploma,Sales,2,2.9,7,4,42.9,Yes,Tier 1,1,1.06,Low
11152,60,34,Bachelor,IT,9,4.0,26,13,53.5,No,Tier 2,2,2.5,High
11153,22,0,Bachelor,Marketing,1,3.6,8,2,41.7,No,Tier 2,1,0.78,Low
11154,45,24,High School,Finance,8,3.5,21,10,30.0,No,Tier 1,3,2.49,High
11155,59,33,PhD,HR,9,4.3,29,14,32.8,Yes,Tier 2,4,2.5,High
11156,29,7,Master,Sales,2,2.8,7,4,37.0,No,Tier 1,5,1.27,Low
11157,42,15,Bachelor,Operations,4,3.0,12,7,59.9,Yes,Tier 2,1,1.88,Low
11158,24,0,High School,Sales,1,2.9,1,3,42.8,No,Tier 1,2,0.63,Low
11159,46,21,Diploma,Finance,6,2.2,20,7,48.5,Yes,Tier 1,2,2.23,High
11160,49,22,Diploma,IT,6,3.6,16,7,48.0,No,Tier 2,4,2.29,High
11161,54,29,Diploma,HR,8,3.2,26,11,36.7,Yes,Tier 1,5,2.5,High
11162,43,17,Bachelor,Finance,5,3.0,19,8,34.0,Yes,Tier 1,3,1.96,Low
11163,57,35,Diploma,Marketing,10,2.9,33,15,46.2,No,Tier 3,5,2.5,High
11164,31,6,Bachelor,HR,2,3.5,9,4,31.9,Yes,Tier 3,4,1.12,Low
11165,26,2,PhD,Sales,1,3.0,2,5,47.9,Yes,Tier 3,5,1.02,Low
11166,38,12,Master,Finance,5,3.6,9,6,42.4,Yes,Tier 2,4,1.87,Low
11167,41,17,PhD,Sales,5,3.8,19,7,46.1,No,Tier 3,5,2.23,High
11168,56,30,Diploma,Sales,8,3.3,26,13,44.5,No,Tier 3,1,2.5,High
11169,58,38,Bachelor,Sales,10,3.3,33,14,44.8,Yes,Tier 1,2,2.5,High
11170,54,34,Bachelor,IT,9,3.6,30,13,43.5,No,Tier 1,4,2.5,High
11171,37,17,High School,Sales,5,3.5,18,6,44.4,Yes,Tier 1,4,1.89,Low
11172,57,32,High School,Marketing,9,4.4,33,10,43.2,No,Tier 2,2,2.5,High
11173,45,21,Master,Marketing,7,3.7,23,9,36.1,No,Tier 3,3,2.46,High
11174,58,34,Bachelor,HR,10,4.2,24,14,41.0,No,Tier 2,4,2.5,High
11175,32,8,Bachelor,Operations,4,3.9,9,7,53.8,No,Tier 2,1,1.64,Low
11176,43,21,Bachelor,Sales,7,2.6,16,8,44.6,Yes,Tier 1,5,2.44,High
11177,42,18,Bachelor,Sales,6,3.1,20,9,48.7,Yes,Tier 1,1,2.21,High
11178,41,19,High School,Finance,5,3.5,18,9,38.1,No,Tier 2,4,2.04,Low
11179,47,27,Bachelor,IT,7,4.1,26,10,38.0,Yes,Tier 3,3,2.5,High
11180,51,31,Diploma,Operations,8,4.8,27,13,37.0,Yes,Tier 1,4,2.5,High
11181,26,1,High School,HR,1,3.2,1,3,36.3,Yes,Tier 3,3,0.55,Low
11182,47,21,PhD,Operations,6,3.5,18,10,34.9,No,Tier 1,2,2.38,High
11183,60,40,Bachelor,Sales,10,4.0,31,17,44.2,No,Tier 2,5,2.5,High
11184,54,28,Master,Finance,9,3.5,22,12,41.2,Yes,Tier 2,1,2.5,High
11185,32,6,Bachelor,IT,2,4.6,4,1,47.4,Yes,Tier 3,3,1.15,Low
11186,27,0,Bachelor,HR,1,2.6,1,2,41.4,No,Tier 1,1,0.67,Low
11187,30,5,Diploma,Operations,2,3.9,4,1,31.0,Yes,Tier 1,2,0.99,Low
11188,37,16,High School,HR,6,3.9,17,7,45.2,No,Tier 1,4,2.07,Low
11189,46,25,Diploma,Sales,8,4.2,24,10,32.8,Yes,Tier 3,3,2.5,High
11190,41,18,Master,HR,5,3.5,18,7,44.1,No,Tier 1,5,2.22,High
11191,48,21,Master,Finance,7,4.1,23,7,39.1,Yes,Tier 1,3,2.5,High
11192,22,0,Bachelor,HR,1,3.3,3,1,44.2,Yes,Tier 2,4,0.75,Low
11193,21,0,Bachelor,Marketing,2,3.0,1,1,35.8,No,Tier 2,4,0.67,Low
11194,56,33,Master,Finance,10,2.9,35,12,46.9,No,Tier 3,5,2.5,High
11195,46,19,High School,Operations,5,2.6,20,8,43.2,No,Tier 3,5,1.84,Low
11196,49,28,Bachelor,IT,9,3.2,26,12,41.3,No,Tier 2,2,2.5,High
11197,41,16,Bachelor,IT,6,3.7,16,6,34.5,Yes,Tier 3,1,2.0,Low
11198,31,10,Master,Sales,3,3.4,12,6,52.1,Yes,Tier 2,3,1.62,Low
11199,60,37,PhD,Sales,10,3.6,32,14,38.5,Yes,Tier 1,2,2.5,High
11200,31,6,Diploma,Marketing,2,4.3,8,5,44.3,Yes,Tier 3,1,1.15,Low
11201,56,33,Master,Operations,10,3.2,31,12,38.3,No,Tier 2,2,2.5,High
11202,59,35,Master,IT,9,5.0,29,16,60.0,No,Tier 1,5,2.5,High
11203,60,33,Diploma,IT,9,4.0,25,13,43.7,No,Tier 2,5,2.5,High
11204,55,29,Bachelor,IT,9,3.4,21,13,39.9,No,Tier 1,4,2.5,High
11205,54,29,Bachelor,IT,9,3.4,28,10,46.0,No,Tier 1,3,2.5,High
11206,44,19,PhD,HR,5,2.8,14,7,46.8,No,Tier 2,3,2.17,High
11207,42,16,Diploma,Operations,6,3.5,17,7,45.0,Yes,Tier 3,3,1.98,Low
11208,25,2,Master,Finance,2,2.1,2,5,41.4,No,Tier 2,2,1.0,Low
11209,53,29,Bachelor,Finance,9,4.3,23,11,45.2,No,Tier 1,2,2.5,High
11210,56,34,Master,Marketing,9,1.7,28,12,42.2,Yes,Tier 3,3,2.5,High
11211,40,14,Bachelor,HR,4,3.5,15,8,42.9,Yes,Tier 1,4,1.85,Low
11212,39,12,Bachelor,IT,4,2.8,9,6,39.1,No,Tier 1,1,1.7,Low
11213,55,34,Master,IT,10,3.0,29,13,35.7,No,Tier 1,2,2.5,High
11214,37,14,Master,Sales,5,3.1,14,5,45.8,Yes,Tier 1,3,1.95,Low
11215,54,28,Master,Sales,8,4.8,22,11,46.0,No,Tier 1,5,2.5,High
11216,29,3,High School,Marketing,1,2.8,9,4,49.5,Yes,Tier 2,2,0.87,Low
11217,46,21,Master,IT,7,4.1,15,9,43.2,No,Tier 3,1,2.46,High
11218,22,1,Diploma,Marketing,2,4.3,3,1,41.9,Yes,Tier 3,2,0.78,Low
11219,29,8,Bachelor,HR,4,2.0,13,3,36.0,Yes,Tier 3,1,1.32,Low
11220,29,2,Bachelor,Finance,2,3.1,1,0,42.8,No,Tier 2,1,0.84,Low
11221,60,39,Bachelor,IT,10,4.5,34,13,44.8,No,Tier 2,2,2.5,High
11222,37,11,Bachelor,Operations,4,2.6,12,5,33.9,No,Tier 3,1,1.49,Low
11223,21,0,PhD,HR,2,4.3,1,1,48.3,Yes,Tier 2,2,1.03,Low
11224,45,25,Diploma,IT,7,3.5,23,10,39.4,No,Tier 2,2,2.5,High
11225,60,37,Master,Operations,10,3.5,34,17,42.0,Yes,Tier 2,4,2.5,High
11226,45,25,Bachelor,Sales,8,3.5,22,10,46.0,Yes,Tier 1,5,2.5,High
11227,59,33,Diploma,Marketing,9,3.7,31,11,43.0,No,Tier 2,1,2.5,High
11228,55,35,Diploma,Sales,10,2.9,32,14,50.0,No,Tier 2,2,2.5,High
11229,23,0,PhD,Finance,2,3.3,2,2,46.1,Yes,Tier 2,1,1.03,Low
11230,57,37,Master,Sales,10,3.7,35,13,42.3,Yes,Tier 1,2,2.5,High
11231,50,29,Master,IT,8,3.6,24,12,30.0,No,Tier 2,2,2.5,High
11232,58,34,PhD,Operations,10,3.7,32,13,48.0,No,Tier 3,2,2.5,High
11233,54,33,Diploma,Sales,9,3.0,28,14,37.1,No,Tier 3,5,2.5,High
11234,32,11,Bachelor,IT,4,3.9,11,3,47.3,No,Tier 1,1,1.66,Low
11235,39,12,Master,Finance,5,3.6,12,6,45.5,No,Tier 1,5,1.85,Low
11236,57,32,Bachelor,Operations,10,2.5,29,14,42.0,No,Tier 2,5,2.5,High
11237,37,12,Bachelor,Sales,4,3.2,7,8,47.8,No,Tier 1,5,1.75,Low
11238,30,10,Bachelor,Marketing,4,2.9,12,3,45.6,Yes,Tier 1,5,1.53,Low
11239,32,6,Bachelor,Marketing,3,2.9,8,3,44.6,No,Tier 1,4,1.29,Low
11240,36,9,Bachelor,Operations,4,3.2,11,4,34.4,Yes,Tier 3,1,1.31,Low
11241,44,23,Diploma,Marketing,6,3.9,23,10,43.2,No,Tier 2,1,2.36,High
11242,39,12,Bachelor,Sales,5,3.1,14,5,36.8,Yes,Tier 2,2,1.63,Low
11243,28,8,Bachelor,Sales,4,3.6,4,3,37.5,No,Tier 2,1,1.36,Low
11244,51,26,Bachelor,Operations,8,3.5,21,10,41.2,No,Tier 2,5,2.5,High
11245,41,17,Diploma,Sales,5,3.0,17,7,50.3,No,Tier 1,3,2.02,Low
11246,37,14,Master,IT,5,3.3,15,7,44.8,No,Tier 2,1,1.92,Low
11247,43,23,High School,Finance,7,4.1,19,8,45.2,Yes,Tier 1,3,2.41,High
11248,57,30,Bachelor,Marketing,8,3.6,29,10,46.9,No,Tier 2,4,2.5,High
11249,36,12,Master,IT,4,3.9,12,7,38.6,Yes,Tier 1,2,1.74,Low
11250,26,3,Bachelor,Operations,2,4.3,8,5,35.1,Yes,Tier 2,2,1.03,Low
11251,28,6,Bachelor,Marketing,3,3.8,11,6,34.2,Yes,Tier 2,2,1.34,Low
11252,45,25,Master,IT,8,2.3,24,10,44.2,Yes,Tier 1,4,2.5,High
11253,38,18,Bachelor,Sales,5,3.7,19,9,47.9,No,Tier 1,5,2.13,High
11254,45,23,Master,Operations,6,3.1,20,8,47.6,No,Tier 1,3,2.46,High
11255,32,10,Master,Operations,4,4.7,13,5,38.8,No,Tier 2,1,1.61,Low
11256,35,15,Bachelor,Marketing,4,3.8,16,6,49.8,Yes,Tier 1,5,2.02,Low
11257,46,24,Bachelor,Sales,8,3.1,21,11,53.2,Yes,Tier 1,2,2.5,High
11258,46,25,Diploma,Marketing,8,3.9,20,11,46.0,Yes,Tier 2,2,2.5,High
11259,52,29,Bachelor,HR,8,3.6,25,14,50.4,Yes,Tier 2,5,2.5,High
11260,30,7,Bachelor,IT,3,2.4,6,4,47.4,Yes,Tier 1,3,1.4,Low
11261,36,13,Bachelor,HR,4,4.1,15,8,41.9,Yes,Tier 2,5,1.74,Low
11262,27,6,Bachelor,IT,2,3.2,11,4,39.7,No,Tier 3,4,1.21,Low
11263,37,11,Bachelor,Finance,4,4.4,14,5,34.9,No,Tier 3,2,1.62,Low
11264,43,21,High School,Operations,6,3.4,26,9,40.8,No,Tier 1,3,2.23,High
11265,46,22,Bachelor,Marketing,7,4.4,19,11,41.8,Yes,Tier 3,1,2.5,High
11266,41,19,Bachelor,Finance,5,3.8,20,8,41.9,No,Tier 2,2,2.13,High
11267,42,22,Master,Finance,7,4.1,18,9,42.4,No,Tier 3,5,2.47,High
11268,27,2,High School,Operations,2,3.2,4,0,31.5,Yes,Tier 2,3,0.72,Low
11269,34,7,Bachelor,Operations,3,3.7,5,4,46.9,Yes,Tier 2,2,1.3,Low
11270,35,8,PhD,IT,3,2.4,11,4,47.5,Yes,Tier 2,1,1.53,Low
11271,27,4,Diploma,HR,3,3.4,5,2,44.9,Yes,Tier 2,1,1.12,Low
11272,29,7,Bachelor,Sales,2,2.5,3,3,37.2,No,Tier 2,5,1.05,Low
11273,28,4,High School,IT,2,2.8,4,1,44.8,Yes,Tier 1,4,0.93,Low
11274,43,23,Bachelor,Sales,6,2.9,26,8,43.1,No,Tier 1,5,2.5,High
11275,49,28,Bachelor,Finance,8,3.9,26,13,45.4,Yes,Tier 1,3,2.5,High
11276,38,12,Bachelor,Sales,4,3.4,15,4,50.8,No,Tier 3,5,1.64,Low
11277,51,30,Bachelor,HR,9,3.5,27,12,42.1,Yes,Tier 2,3,2.5,High
11278,50,26,Master,IT,7,3.4,23,11,43.9,No,Tier 2,4,2.5,High
11279,59,39,Diploma,Operations,10,4.2,34,17,38.7,Yes,Tier 2,5,2.5,High
11280,55,32,High School,HR,10,3.5,29,13,47.6,Yes,Tier 1,1,2.5,High
11281,38,16,Master,HR,5,3.7,13,8,46.5,No,Tier 1,3,2.08,Low
11282,59,39,Bachelor,IT,10,3.1,36,15,44.1,No,Tier 2,3,2.5,High
11283,37,10,Master,Operations,4,4.2,14,5,37.7,Yes,Tier 3,1,1.55,Low
11284,34,8,Bachelor,HR,3,4.3,9,5,39.6,No,Tier 1,5,1.41,Low
11285,51,30,Master,Operations,9,3.5,26,13,33.8,No,Tier 1,4,2.5,High
11286,44,18,Bachelor,Marketing,5,3.1,16,8,39.5,No,Tier 1,2,2.05,Low
11287,55,29,Master,Marketing,8,2.4,31,13,46.5,Yes,Tier 1,5,2.5,High
11288,54,30,Master,Marketing,8,2.9,26,15,45.0,No,Tier 1,5,2.5,High
11289,23,0,Bachelor,Sales,2,2.1,5,2,43.8,Yes,Tier 2,3,0.83,Low
11290,57,35,Diploma,HR,10,2.9,31,13,50.4,Yes,Tier 1,3,2.5,High
11291,60,36,Bachelor,IT,10,3.7,31,13,44.5,Yes,Tier 1,4,2.5,High
11292,46,22,Diploma,IT,7,3.5,19,9,40.1,No,Tier 2,4,2.42,High
11293,43,23,Diploma,Sales,6,5.0,19,11,39.5,No,Tier 3,4,2.42,High
11294,59,32,Bachelor,IT,9,3.3,30,12,41.8,No,Tier 1,1,2.5,High
11295,35,12,Bachelor,Marketing,5,3.2,10,6,40.7,No,Tier 2,2,1.76,Low
11296,24,2,Bachelor,HR,1,4.2,6,2,47.8,No,Tier 1,2,0.95,Low
11297,49,29,Bachelor,IT,9,2.2,26,12,45.1,No,Tier 3,4,2.5,High
11298,42,19,Bachelor,IT,5,2.5,20,7,41.4,No,Tier 2,3,2.1,High
11299,45,19,High School,Finance,5,3.9,17,6,41.6,No,Tier 3,2,1.91,Low
11300,33,13,High School,Finance,4,3.4,16,6,46.5,Yes,Tier 1,5,1.7,Low
11301,38,13,Diploma,Finance,4,3.4,13,8,48.1,No,Tier 2,1,1.69,Low
11302,53,33,Bachelor,HR,9,2.9,36,12,33.8,No,Tier 2,3,2.5,High
11303,36,12,Diploma,Marketing,5,3.7,9,4,42.1,No,Tier 1,1,1.66,Low
11304,22,0,Bachelor,Operations,2,3.0,9,4,43.5,No,Tier 1,5,0.94,Low
11305,55,33,Bachelor,Marketing,9,3.5,29,13,45.7,No,Tier 2,2,2.5,High
11306,54,32,Master,Marketing,10,2.7,29,13,43.6,No,Tier 2,1,2.5,High
11307,50,27,High School,HR,7,3.4,23,10,45.0,No,Tier 1,1,2.5,High
11308,33,9,Bachelor,HR,3,4.8,6,5,41.8,Yes,Tier 2,1,1.41,Low
11309,33,12,Master,Finance,4,3.2,11,7,39.0,Yes,Tier 1,5,1.7,Low
11310,38,18,Master,IT,5,3.4,16,8,46.9,No,Tier 1,3,2.24,High
11311,52,28,PhD,Sales,9,3.4,26,11,47.1,Yes,Tier 2,3,2.5,High
11312,52,27,High School,Sales,7,3.6,27,9,46.3,No,Tier 1,5,2.5,High
11313,55,28,Diploma,Operations,9,3.8,26,12,47.1,Yes,Tier 1,1,2.5,High
11314,59,33,Master,IT,9,3.7,30,12,38.1,No,Tier 1,1,2.5,High
11315,49,26,Bachelor,Operations,7,3.7,25,12,40.5,Yes,Tier 2,4,2.5,High
11316,49,22,Bachelor,Finance,7,3.4,16,9,48.6,No,Tier 2,2,2.47,High
11317,36,16,Master,Operations,5,3.6,12,7,44.8,No,Tier 3,2,1.99,Low
11318,30,8,Master,IT,3,3.4,6,5,43.3,No,Tier 1,3,1.55,Low
11319,50,24,PhD,IT,8,2.3,21,10,41.7,Yes,Tier 2,5,2.5,High
11320,45,18,PhD,Sales,6,5.0,13,10,49.3,No,Tier 1,1,2.49,High
11321,59,38,Master,Finance,10,4.0,32,16,34.1,No,Tier 2,2,2.5,High
11322,40,13,Bachelor,HR,4,2.9,10,4,44.5,Yes,Tier 2,5,1.59,Low
11323,25,0,Master,Operations,1,3.6,4,1,42.7,Yes,Tier 1,5,0.88,Low
11324,21,0,High School,Sales,2,2.6,4,3,36.7,Yes,Tier 2,1,0.69,Low
11325,50,27,Diploma,Operations,8,3.2,24,9,51.1,Yes,Tier 1,5,2.5,High
11326,23,3,Master,Operations,1,2.5,1,1,30.0,Yes,Tier 1,2,0.78,Low
11327,34,11,Bachelor,HR,3,3.5,11,4,43.6,Yes,Tier 1,4,1.49,Low
11328,50,24,Diploma,Finance,8,2.5,23,9,45.6,No,Tier 2,2,2.5,High
11329,24,4,Diploma,IT,3,3.8,8,0,38.1,No,Tier 2,4,1.06,Low
11330,38,14,Master,Marketing,5,3.9,19,5,44.4,No,Tier 1,5,1.99,Low
11331,57,36,Bachelor,Operations,10,3.0,35,11,41.9,No,Tier 1,2,2.5,High
11332,45,21,Master,Marketing,6,3.6,20,10,47.9,No,Tier 1,1,2.46,High
11333,21,0,Diploma,Finance,1,2.9,2,3,60.0,No,Tier 1,5,0.82,Low
11334,35,12,Master,Marketing,4,3.8,11,6,44.7,Yes,Tier 2,1,1.75,Low
11335,29,3,Master,Operations,1,3.1,9,3,46.0,Yes,Tier 2,4,0.96,Low
11336,35,14,Bachelor,HR,5,4.0,15,7,38.1,No,Tier 1,3,1.89,Low
11337,44,17,Bachelor,Marketing,5,2.3,18,6,44.1,No,Tier 1,3,1.96,Low
11338,24,4,Diploma,Finance,3,2.8,5,4,41.1,No,Tier 3,4,0.97,Low
11339,32,12,PhD,Finance,4,2.8,9,6,46.9,Yes,Tier 1,3,1.76,Low
11340,57,32,Bachelor,HR,9,3.6,28,13,35.9,No,Tier 1,5,2.5,High
11341,57,35,PhD,Marketing,9,3.9,30,14,37.6,Yes,Tier 2,5,2.5,High
11342,26,1,Bachelor,Marketing,2,3.7,4,2,48.9,Yes,Tier 2,2,0.95,Low
11343,59,32,Master,IT,9,3.2,27,13,44.0,No,Tier 2,5,2.5,High
11344,44,19,Master,Sales,6,1.7,18,8,49.6,No,Tier 3,3,2.21,High
11345,31,11,Master,Finance,4,3.5,15,5,44.8,No,Tier 1,1,1.7,Low
11346,33,10,PhD,IT,3,4.0,7,5,45.5,No,Tier 2,2,1.69,Low
11347,54,30,Bachelor,Finance,9,5.0,22,12,41.5,No,Tier 1,1,2.5,High
11348,45,19,Diploma,IT,5,3.2,21,7,42.0,No,Tier 2,3,2.09,Low
11349,27,3,Master,Sales,2,3.1,2,3,47.8,Yes,Tier 3,1,1.01,Low
11350,24,0,Master,IT,1,3.7,2,2,42.3,Yes,Tier 2,3,0.89,Low
11351,28,7,Bachelor,Finance,3,3.3,10,5,48.9,No,Tier 2,5,1.38,Low
11352,40,20,Diploma,Marketing,7,4.3,19,6,42.5,Yes,Tier 3,2,2.26,High
11353,49,22,Bachelor,Finance,6,3.0,20,9,37.1,Yes,Tier 1,4,2.37,High
11354,30,3,Bachelor,Operations,1,3.3,6,2,36.6,Yes,Tier 2,3,0.89,Low
11355,54,28,Bachelor,HR,8,4.1,32,10,42.1,No,Tier 3,5,2.5,High
11356,46,23,Bachelor,HR,6,3.7,26,10,47.6,No,Tier 2,1,2.4,High
11357,23,2,Master,Operations,2,4.3,3,0,39.7,No,Tier 1,5,0.97,Low
11358,26,4,Diploma,HR,3,3.2,9,3,46.7,No,Tier 1,1,1.16,Low
11359,25,2,Bachelor,HR,2,4.3,6,2,43.5,Yes,Tier 1,1,1.0,Low
11360,25,0,Bachelor,Sales,2,2.4,3,0,46.0,No,Tier 1,1,0.8,Low
11361,43,20,Diploma,Marketing,6,2.4,17,8,41.6,No,Tier 2,1,2.05,Low
11362,29,6,Master,Marketing,3,4.3,9,3,43.9,Yes,Tier 1,2,1.39,Low
11363,55,31,Master,Finance,8,3.5,27,14,47.7,No,Tier 1,1,2.5,High
11364,40,17,Bachelor,Operations,6,4.1,16,9,42.9,No,Tier 1,2,2.14,High
11365,55,28,Master,IT,8,3.6,23,11,40.4,No,Tier 2,4,2.5,High
11366,38,13,Master,Finance,4,3.5,16,5,33.9,Yes,Tier 2,2,1.75,Low
11367,37,12,Master,Finance,4,2.6,11,6,45.7,No,Tier 2,1,1.72,Low
11368,44,24,Diploma,Finance,7,3.5,20,10,39.1,No,Tier 1,4,2.5,High
11369,23,0,PhD,Finance,1,4.4,5,2,40.4,No,Tier 1,5,0.92,Low
11370,52,28,Bachelor,Marketing,9,3.5,25,10,37.6,Yes,Tier 1,2,2.5,High
11371,55,32,Bachelor,IT,9,3.9,28,12,41.8,No,Tier 1,5,2.5,High
11372,58,36,High School,Finance,10,3.9,34,14,53.5,No,Tier 1,4,2.5,High
11373,33,11,Bachelor,Marketing,4,2.8,15,6,44.8,Yes,Tier 2,2,1.61,Low
11374,45,21,Diploma,Finance,6,4.1,14,9,39.8,Yes,Tier 1,1,2.26,High
11375,29,9,Diploma,HR,4,3.3,10,5,40.7,No,Tier 3,2,1.38,Low
11376,24,4,Bachelor,Finance,3,3.3,3,4,35.8,Yes,Tier 2,1,1.1,Low
11377,34,9,Master,Operations,4,4.9,9,6,37.3,No,Tier 1,3,1.61,Low
11378,57,32,Master,Operations,9,3.9,29,13,36.6,Yes,Tier 2,2,2.5,High
11379,54,33,Bachelor,Finance,9,3.1,29,11,44.4,Yes,Tier 2,2,2.5,High
11380,31,7,Master,Sales,2,3.5,6,5,45.2,No,Tier 2,5,1.3,Low
11381,23,0,Master,HR,1,3.5,1,2,43.4,Yes,Tier 3,5,0.71,Low
11382,48,22,Master,IT,7,4.6,22,9,44.8,No,Tier 1,4,2.5,High
11383,49,25,Diploma,Finance,8,3.5,27,10,39.2,No,Tier 3,1,2.5,High
11384,29,8,Master,IT,4,4.9,4,4,37.3,No,Tier 1,5,1.53,Low
11385,23,0,PhD,HR,2,2.7,2,1,37.2,No,Tier 3,4,0.77,Low
11386,45,21,Master,Finance,7,3.5,22,6,37.0,No,Tier 1,1,2.5,High
11387,54,30,Bachelor,Sales,9,3.0,27,10,44.8,Yes,Tier 1,1,2.5,High
11388,32,7,Bachelor,Marketing,2,3.2,6,3,53.1,No,Tier 2,1,1.28,Low
11389,29,2,Bachelor,Sales,2,3.2,3,0,37.8,Yes,Tier 1,3,0.88,Low
11390,35,14,Bachelor,Sales,5,3.0,15,5,41.3,Yes,Tier 1,1,1.81,Low
11391,60,35,Diploma,Marketing,10,4.6,30,15,44.0,No,Tier 1,4,2.5,High
11392,45,25,Bachelor,Marketing,7,4.4,23,10,41.6,No,Tier 2,1,2.5,High
11393,25,2,Master,Operations,2,3.8,5,1,44.7,Yes,Tier 3,1,0.92,Low
11394,31,6,Master,Marketing,3,3.2,6,3,40.1,Yes,Tier 2,4,1.25,Low
11395,54,33,Diploma,Finance,9,3.1,31,14,39.6,No,Tier 3,2,2.5,High
11396,44,22,PhD,IT,7,4.0,19,10,42.1,Yes,Tier 2,1,2.5,High
11397,35,15,Bachelor,Operations,4,3.7,12,7,44.6,No,Tier 1,4,1.91,Low
11398,58,36,Master,Operations,10,3.4,37,15,49.4,No,Tier 1,5,2.5,High
11399,28,2,Master,IT,2,3.9,4,1,44.9,Yes,Tier 2,4,1.15,Low
11400,25,0,Master,Operations,2,4.1,1,2,41.7,Yes,Tier 1,3,0.96,Low
11401,46,26,PhD,Marketing,7,3.4,27,8,47.2,No,Tier 1,5,2.5,High
11402,38,15,Bachelor,Sales,5,3.0,18,6,48.0,No,Tier 2,2,1.93,Low
11403,26,1,Master,HR,2,2.6,5,2,41.5,Yes,Tier 2,2,0.89,Low
11404,57,34,Diploma,Marketing,9,3.7,32,11,42.3,Yes,Tier 1,4,2.5,High
11405,33,6,Master,Sales,2,4.9,13,4,40.9,Yes,Tier 3,4,1.31,Low
11406,48,24,Master,Sales,8,2.8,20,10,47.1,Yes,Tier 2,1,2.5,High
11407,25,3,Master,Operations,1,4.2,6,4,43.4,No,Tier 2,1,1.06,Low
11408,33,13,Bachelor,Finance,5,3.1,18,9,36.0,No,Tier 3,3,1.82,Low
11409,37,14,Master,Finance,5,3.2,20,7,45.0,No,Tier 1,1,2.03,Low
11410,60,39,Diploma,Operations,10,4.1,33,14,50.4,No,Tier 2,4,2.5,High
11411,52,29,High School,Operations,9,3.3,31,9,50.8,Yes,Tier 3,4,2.5,High
11412,49,28,Master,IT,8,3.7,27,11,40.6,Yes,Tier 2,1,2.5,High
11413,23,0,Bachelor,IT,2,3.6,7,2,39.5,No,Tier 2,3,0.96,Low
11414,60,40,Master,HR,10,3.1,37,13,52.5,No,Tier 1,4,2.5,High
11415,54,31,Bachelor,HR,9,4.1,29,12,50.8,No,Tier 2,3,2.5,High
11416,60,34,Diploma,HR,10,3.5,36,13,45.3,No,Tier 1,4,2.5,High
11417,47,24,Master,HR,7,2.6,21,10,34.4,No,Tier 3,3,2.44,High
11418,33,6,Bachelor,Sales,3,2.9,13,5,40.0,Yes,Tier 3,3,1.2,Low
11419,53,27,Diploma,Sales,7,1.5,30,10,37.5,No,Tier 3,3,2.5,High
11420,26,6,Master,IT,2,3.5,11,4,52.1,No,Tier 2,1,1.41,Low
11421,44,17,Bachelor,Finance,6,4.3,16,8,35.4,No,Tier 1,2,2.05,Low
11422,39,16,Bachelor,Operations,6,2.8,16,7,52.0,No,Tier 1,3,2.09,Low
11423,36,15,Bachelor,Finance,5,3.9,12,6,42.5,No,Tier 3,3,1.89,Low
11424,60,37,Master,Marketing,10,3.8,31,15,37.0,No,Tier 1,4,2.5,High
11425,48,26,Master,Sales,7,3.0,25,10,47.9,No,Tier 1,2,2.5,High
11426,53,28,Master,HR,9,4.5,22,9,46.1,No,Tier 2,4,2.5,High
11427,33,9,Diploma,HR,4,3.3,9,6,36.7,No,Tier 1,4,1.43,Low
11428,45,24,Master,Marketing,8,4.8,27,8,42.9,No,Tier 2,3,2.5,High
11429,56,34,Master,Finance,10,2.4,30,13,49.9,Yes,Tier 2,5,2.5,High
11430,47,21,Master,HR,7,3.3,22,9,41.0,No,Tier 2,2,2.45,High
11431,58,33,Bachelor,Finance,9,3.4,31,13,51.4,No,Tier 3,4,2.5,High
11432,27,7,Master,Operations,3,3.5,8,4,39.3,No,Tier 1,5,1.42,Low
11433,25,4,Master,Marketing,2,4.0,6,0,34.9,Yes,Tier 1,5,1.08,Low
11434,51,27,Diploma,Finance,8,5.0,25,10,43.2,No,Tier 1,4,2.5,High
11435,43,18,Bachelor,Operations,6,3.8,12,8,35.7,Yes,Tier 3,3,2.05,Low
11436,30,4,Master,Finance,3,3.5,9,3,43.6,No,Tier 1,1,1.29,Low
11437,52,25,High School,Finance,7,2.8,23,10,43.0,Yes,Tier 1,4,2.5,High
11438,50,23,PhD,HR,7,2.3,24,10,39.2,No,Tier 2,3,2.5,High
11439,59,35,Master,IT,9,4.3,32,14,52.4,Yes,Tier 1,2,2.5,High
11440,51,31,Bachelor,Sales,8,3.1,27,11,43.0,Yes,Tier 3,3,2.5,High
11441,38,18,Bachelor,Finance,6,5.0,18,7,47.3,No,Tier 3,5,2.28,High
11442,56,30,Diploma,Finance,8,4.1,28,13,47.6,Yes,Tier 2,2,2.5,High
11443,22,1,PhD,Finance,2,3.7,7,2,51.8,No,Tier 2,2,1.13,Low
11444,34,8,Bachelor,IT,4,3.8,10,4,37.0,No,Tier 1,1,1.53,Low
11445,33,10,Master,Operations,3,3.8,12,5,34.2,No,Tier 2,1,1.39,Low
11446,49,29,Bachelor,Marketing,9,3.0,23,13,51.6,Yes,Tier 2,4,2.5,High
11447,32,7,Diploma,HR,3,2.4,8,3,45.9,No,Tier 1,3,1.23,Low
11448,59,36,High School,IT,10,3.1,35,13,43.6,Yes,Tier 1,4,2.5,High
11449,22,0,Bachelor,Operations,1,3.5,4,0,42.3,No,Tier 3,1,0.66,Low
11450,52,25,PhD,Finance,7,3.1,20,9,41.4,No,Tier 1,5,2.5,High
11451,33,11,Bachelor,Operations,3,2.7,9,6,47.3,Yes,Tier 2,1,1.45,Low
11452,47,23,Bachelor,IT,6,3.0,20,9,35.8,Yes,Tier 1,3,2.5,High
11453,37,14,Bachelor,IT,4,4.2,17,8,45.4,Yes,Tier 1,5,1.92,Low
11454,60,36,Bachelor,IT,10,4.0,34,14,48.2,No,Tier 3,4,2.5,High
11455,51,25,Bachelor,Marketing,7,3.6,14,10,46.7,Yes,Tier 1,4,2.5,High
11456,54,31,Master,Sales,8,3.9,28,11,42.6,No,Tier 2,1,2.5,High
11457,44,18,Bachelor,HR,6,2.8,18,6,43.0,No,Tier 1,1,2.1,High
11458,55,33,Bachelor,Marketing,10,3.0,27,12,49.4,No,Tier 1,4,2.5,High
11459,26,6,Diploma,Marketing,2,3.7,7,4,45.9,No,Tier 3,4,1.06,Low
11460,39,12,PhD,Sales,4,2.8,16,5,51.8,Yes,Tier 2,2,1.76,Low
11461,50,28,Diploma,Marketing,9,3.6,26,11,34.3,No,Tier 3,3,2.5,High
11462,27,0,High School,IT,1,2.7,2,1,47.5,No,Tier 3,2,0.59,Low
11463,30,10,Master,IT,3,2.4,11,3,38.9,No,Tier 3,2,1.45,Low
11464,52,26,Bachelor,Operations,8,4.0,23,10,42.6,Yes,Tier 3,4,2.5,High
11465,54,34,Bachelor,Finance,9,4.2,31,13,49.9,Yes,Tier 1,3,2.5,High
11466,48,21,Bachelor,Marketing,7,3.1,16,8,38.0,Yes,Tier 3,4,2.29,High
11467,35,8,Master,Finance,3,2.5,8,4,53.6,Yes,Tier 1,2,1.48,Low
11468,50,26,Diploma,HR,8,2.1,26,11,48.5,Yes,Tier 1,2,2.5,High
11469,57,32,Master,IT,10,4.7,28,13,45.9,No,Tier 1,4,2.5,High
11470,49,27,Bachelor,Operations,8,3.6,22,12,38.3,No,Tier 1,1,2.5,High
11471,42,19,Bachelor,HR,5,3.1,16,9,42.1,No,Tier 2,1,2.04,Low
11472,24,0,Bachelor,Operations,2,3.3,5,2,41.2,No,Tier 1,4,0.9,Low
11473,40,18,Bachelor,Sales,5,2.3,16,8,36.8,Yes,Tier 1,5,2.06,Low
11474,52,28,Master,IT,9,3.9,27,13,48.5,No,Tier 2,5,2.5,High
11475,56,36,Bachelor,HR,10,4.8,30,14,41.0,No,Tier 1,1,2.5,High
11476,24,0,Bachelor,Sales,2,3.0,1,0,42.1,No,Tier 2,3,0.76,Low
11477,47,26,Bachelor,HR,7,5.0,24,8,42.4,No,Tier 1,2,2.5,High
11478,37,16,PhD,Operations,5,3.4,16,7,41.9,Yes,Tier 1,3,2.04,Low
11479,32,9,Bachelor,Sales,4,4.6,12,5,45.7,No,Tier 1,1,1.66,Low
11480,42,18,Master,Sales,5,3.7,20,9,39.9,Yes,Tier 1,4,2.2,High
11481,37,11,Bachelor,IT,3,3.7,11,4,48.1,Yes,Tier 2,5,1.54,Low
11482,30,7,High School,Finance,2,4.7,9,5,40.0,Yes,Tier 2,1,1.05,Low
11483,21,0,Diploma,Operations,2,4.0,2,3,42.9,No,Tier 1,3,0.82,Low
11484,42,19,Bachelor,Operations,5,3.7,20,9,36.5,Yes,Tier 1,3,2.17,High
11485,46,25,Diploma,Sales,8,2.2,24,10,48.4,No,Tier 1,1,2.5,High
11486,38,15,High School,Sales,5,2.5,13,6,49.6,Yes,Tier 3,2,1.67,Low
11487,34,13,Master,IT,5,3.8,12,5,46.6,No,Tier 1,3,1.93,Low
11488,49,22,Master,Finance,6,4.5,21,10,43.9,No,Tier 3,2,2.5,High
11489,32,12,Master,Operations,5,3.6,16,6,42.8,Yes,Tier 2,2,1.78,Low
11490,56,30,Diploma,Marketing,8,3.1,29,11,35.2,Yes,Tier 1,4,2.5,High
11491,55,31,Diploma,Marketing,8,2.3,25,15,36.2,No,Tier 3,1,2.5,High
11492,32,5,High School,Finance,3,3.0,5,1,46.8,Yes,Tier 2,1,1.04,Low
11493,27,0,Master,HR,2,3.6,1,1,42.1,No,Tier 2,2,0.87,Low
11494,49,26,Master,IT,8,2.9,22,9,36.2,No,Tier 1,4,2.5,High
11495,31,10,Bachelor,Finance,3,2.9,6,5,36.0,Yes,Tier 2,3,1.38,Low
11496,53,31,Diploma,Marketing,8,3.5,30,9,46.2,Yes,Tier 1,3,2.5,High
11497,26,0,Bachelor,Sales,2,4.4,2,3,47.4,No,Tier 1,1,0.91,Low
11498,35,8,Bachelor,Marketing,4,3.9,11,5,35.3,Yes,Tier 3,2,1.35,Low
11499,52,29,Bachelor,Sales,8,3.7,25,11,43.8,Yes,Tier 3,4,2.5,High
11500,31,6,Bachelor,IT,2,3.6,8,3,44.9,Yes,Tier 1,4,1.26,Low
11501,43,23,Master,Sales,7,3.9,20,10,40.1,Yes,Tier 2,3,2.5,High
11502,46,26,Diploma,Finance,7,3.4,24,11,49.2,Yes,Tier 2,3,2.5,High
11503,54,32,High School,Sales,9,3.2,26,13,41.3,No,Tier 1,5,2.5,High
11504,54,33,PhD,HR,9,4.0,29,12,34.4,No,Tier 1,5,2.5,High
11505,49,26,Diploma,Finance,7,3.4,27,10,42.0,No,Tier 1,2,2.5,High
11506,24,0,High School,IT,1,2.7,4,3,49.8,Yes,Tier 2,5,0.68,Low
11507,37,16,Diploma,Finance,5,4.4,17,8,41.3,Yes,Tier 3,4,1.89,Low
11508,55,35,High School,HR,10,2.3,28,13,37.8,No,Tier 1,5,2.5,High
11509,33,12,Bachelor,IT,4,4.5,14,6,46.1,No,Tier 2,1,1.75,Low
11510,59,39,Master,Marketing,10,3.8,36,15,44.3,Yes,Tier 2,1,2.5,High
11511,35,14,Bachelor,HR,5,2.9,15,7,43.0,Yes,Tier 2,3,1.77,Low
11512,49,27,Bachelor,IT,7,3.5,25,12,45.4,No,Tier 1,3,2.5,High
11513,49,25,Master,Sales,8,3.2,23,9,39.5,No,Tier 2,2,2.5,High
11514,31,9,Bachelor,Finance,4,4.0,12,4,40.0,Yes,Tier 3,1,1.46,Low
11515,52,30,Master,IT,9,4.0,30,12,46.6,No,Tier 1,2,2.5,High
11516,22,0,Master,Finance,1,3.8,4,1,38.2,No,Tier 1,2,0.76,Low
11517,34,10,High School,Sales,4,4.0,9,4,51.1,No,Tier 3,5,1.49,Low
11518,40,13,Master,IT,4,3.4,11,7,49.1,No,Tier 1,3,1.88,Low
11519,42,15,Bachelor,Marketing,5,4.6,17,6,37.3,Yes,Tier 3,2,1.93,Low
11520,31,8,PhD,HR,4,4.3,7,2,50.4,No,Tier 1,2,1.62,Low
11521,47,21,Bachelor,IT,7,3.2,20,10,43.8,No,Tier 1,3,2.41,High
11522,23,0,PhD,Sales,2,4.0,2,1,49.9,No,Tier 1,3,1.06,Low
11523,37,14,Master,IT,4,4.0,12,7,43.7,No,Tier 1,1,1.93,Low
11524,48,26,Diploma,Finance,8,3.3,26,11,42.1,No,Tier 1,3,2.5,High
11525,49,27,Bachelor,Operations,8,3.3,26,11,41.6,Yes,Tier 2,5,2.5,High
11526,41,21,PhD,IT,6,4.3,16,6,30.8,Yes,Tier 1,1,2.42,High
11527,36,16,Master,Marketing,5,3.5,17,4,47.6,No,Tier 3,2,1.99,Low
11528,57,31,High School,IT,8,3.7,29,11,39.5,Yes,Tier 2,5,2.5,High
11529,40,17,Master,HR,6,4.4,19,7,47.8,Yes,Tier 2,5,2.3,High
11530,26,1,Bachelor,IT,1,5.0,4,3,51.4,Yes,Tier 1,1,1.07,Low
11531,39,12,High School,Operations,4,3.2,16,6,40.1,No,Tier 2,2,1.52,Low
11532,25,0,Bachelor,Finance,1,3.4,3,5,39.8,Yes,Tier 2,1,0.79,Low
11533,23,0,Diploma,IT,1,3.5,2,0,48.0,No,Tier 1,4,0.72,Low
11534,21,1,Master,Marketing,1,3.6,1,2,40.7,Yes,Tier 3,4,0.81,Low
11535,58,32,Bachelor,Sales,9,3.7,26,12,49.6,Yes,Tier 1,1,2.5,High
11536,35,9,Master,IT,4,3.2,8,5,39.5,Yes,Tier 1,2,1.62,Low
11537,54,34,High School,IT,9,2.7,31,15,50.2,Yes,Tier 2,2,2.5,High
11538,55,30,Bachelor,HR,9,4.6,26,14,41.5,No,Tier 2,3,2.5,High
11539,45,24,Diploma,Marketing,7,3.9,23,10,44.7,No,Tier 1,5,2.5,High
11540,44,23,Diploma,Operations,6,3.2,18,10,47.9,No,Tier 3,1,2.29,High
11541,32,12,High School,Sales,4,3.8,10,6,45.6,Yes,Tier 2,5,1.6,Low
11542,38,17,Diploma,Finance,6,4.7,14,6,48.4,No,Tier 2,5,2.09,Low
11543,35,11,Bachelor,IT,3,3.0,17,5,35.7,Yes,Tier 1,4,1.59,Low
11544,36,13,Bachelor,Operations,4,3.6,13,5,41.0,Yes,Tier 3,4,1.68,Low
11545,47,24,Bachelor,Sales,7,2.6,22,9,43.3,No,Tier 1,1,2.5,High
11546,28,8,Bachelor,Finance,3,3.4,9,3,39.2,No,Tier 2,1,1.35,Low
11547,45,23,Master,Operations,7,3.9,25,9,47.9,Yes,Tier 1,2,2.5,High
11548,37,10,Master,Marketing,4,2.8,7,5,40.4,Yes,Tier 2,1,1.58,Low
11549,49,24,Bachelor,Marketing,8,3.4,22,10,39.2,No,Tier 1,2,2.5,High
11550,28,8,Bachelor,Sales,4,4.0,5,5,47.7,Yes,Tier 1,2,1.51,Low
11551,35,14,Diploma,Finance,5,3.9,8,8,37.8,No,Tier 3,1,1.76,Low
11552,47,22,PhD,Marketing,6,2.7,19,11,38.0,No,Tier 1,2,2.45,High
11553,27,5,High School,Sales,2,3.7,8,3,45.5,No,Tier 1,5,1.01,Low
11554,23,2,Bachelor,Marketing,1,3.9,3,3,49.7,Yes,Tier 2,2,0.91,Low
11555,49,23,Bachelor,Marketing,7,3.6,22,12,43.8,No,Tier 2,5,2.5,High
11556,44,17,Bachelor,Operations,5,4.2,17,8,34.9,Yes,Tier 1,5,2.02,Low
11557,23,0,Diploma,Operations,2,3.1,3,2,46.4,Yes,Tier 1,5,0.86,Low
11558,40,19,Master,Marketing,5,3.8,21,6,40.0,No,Tier 3,3,2.1,High
11559,35,11,Diploma,HR,4,2.7,10,4,48.6,Yes,Tier 2,3,1.53,Low
11560,45,20,Bachelor,Operations,6,2.5,20,8,41.1,Yes,Tier 1,2,2.24,High
11561,50,26,Diploma,Finance,7,4.0,19,12,48.7,No,Tier 3,1,2.5,High
11562,34,9,High School,Sales,3,3.5,10,4,40.9,No,Tier 2,2,1.27,Low
11563,27,2,Master,Sales,1,3.2,4,2,39.6,Yes,Tier 1,3,0.97,Low
11564,37,12,Diploma,Finance,5,2.8,10,7,33.4,Yes,Tier 1,4,1.68,Low
11565,40,15,Master,Finance,4,4.0,16,6,39.7,Yes,Tier 1,4,1.96,Low
11566,56,31,Bachelor,Finance,8,2.5,26,12,43.9,Yes,Tier 3,2,2.5,High
11567,29,8,High School,Finance,3,4.1,14,4,43.5,No,Tier 1,3,1.36,Low
11568,58,33,PhD,IT,10,3.8,23,14,46.1,No,Tier 1,5,2.5,High
11569,42,21,Diploma,Sales,6,2.6,20,9,49.2,No,Tier 3,3,2.23,High
11570,22,0,Master,IT,1,3.6,3,2,43.1,Yes,Tier 1,2,0.93,Low
11571,44,20,Diploma,Marketing,6,5.0,18,8,43.3,Yes,Tier 2,3,2.24,High
11572,28,2,Master,Marketing,1,4.3,3,0,48.6,Yes,Tier 1,4,0.96,Low
11573,31,6,High School,Sales,2,3.0,8,4,44.2,Yes,Tier 2,5,1.11,Low
11574,33,11,Bachelor,Marketing,4,4.0,14,5,38.4,Yes,Tier 1,2,1.73,Low
11575,37,12,Master,Finance,5,2.6,8,6,40.4,Yes,Tier 1,2,1.74,Low
11576,28,3,PhD,IT,2,2.6,3,2,32.4,Yes,Tier 2,1,0.99,Low
11577,41,17,Master,Finance,5,3.5,14,7,38.3,No,Tier 2,5,2.11,High
11578,38,11,Master,Marketing,4,3.9,9,5,34.5,No,Tier 2,2,1.62,Low
11579,50,27,Master,Operations,7,4.0,25,10,44.8,No,Tier 2,3,2.5,High
11580,38,14,Diploma,IT,4,4.0,16,5,49.1,Yes,Tier 2,3,1.84,Low
11581,51,29,Bachelor,Finance,8,3.8,29,12,38.3,No,Tier 2,3,2.5,High
11582,58,35,Bachelor,Sales,9,2.5,33,14,38.5,No,Tier 2,3,2.5,High
11583,52,32,Bachelor,Finance,10,3.5,30,11,47.7,Yes,Tier 2,2,2.5,High
11584,31,11,Bachelor,Operations,4,4.1,8,5,40.7,No,Tier 2,4,1.55,Low
11585,45,18,Bachelor,Marketing,6,3.8,21,8,44.3,No,Tier 2,5,2.23,High
11586,53,31,Diploma,IT,8,3.6,27,13,46.7,No,Tier 1,3,2.5,High
11587,58,34,Master,Sales,10,3.7,33,13,39.5,Yes,Tier 1,2,2.5,High
11588,28,7,Diploma,IT,3,3.7,5,4,39.6,No,Tier 1,2,1.28,Low
11589,31,9,Bachelor,Sales,3,2.2,10,5,40.5,No,Tier 3,3,1.31,Low
11590,42,16,Bachelor,IT,6,4.3,18,8,35.2,Yes,Tier 2,1,2.1,High
11591,44,21,Master,Marketing,6,3.4,20,7,45.4,No,Tier 2,2,2.38,High
11592,37,14,Master,Sales,5,4.0,12,8,46.0,No,Tier 1,5,2.0,Low
11593,32,7,Bachelor,HR,3,2.0,12,4,43.4,Yes,Tier 1,5,1.36,Low
11594,52,32,Diploma,IT,10,4.6,26,13,49.8,No,Tier 3,1,2.5,High
11595,35,8,Bachelor,IT,3,2.7,9,3,41.7,No,Tier 3,2,1.24,Low
11596,36,13,High School,Finance,5,5.0,15,6,46.1,Yes,Tier 1,1,1.9,Low
11597,42,20,Bachelor,Sales,7,4.9,24,9,45.4,Yes,Tier 2,2,2.49,High
11598,48,25,Bachelor,Operations,8,2.6,22,8,39.0,No,Tier 1,2,2.5,High
11599,40,13,High School,HR,5,4.0,13,5,48.8,No,Tier 1,1,1.77,Low
11600,53,26,Bachelor,Marketing,7,2.8,23,9,43.6,Yes,Tier 2,4,2.5,High
11601,30,3,PhD,Finance,1,3.1,6,1,47.9,Yes,Tier 2,3,0.97,Low
11602,60,38,PhD,HR,10,3.1,35,14,36.5,No,Tier 2,3,2.5,High
11603,52,31,Bachelor,Sales,9,3.8,31,12,43.5,No,Tier 1,3,2.5,High
11604,53,28,High School,HR,9,3.7,27,13,40.7,Yes,Tier 1,1,2.5,High
11605,22,2,Diploma,IT,1,2.7,3,1,38.7,No,Tier 1,2,0.76,Low
11606,53,30,Bachelor,IT,9,3.8,29,12,50.0,Yes,Tier 1,2,2.5,High
11607,53,31,PhD,Finance,9,3.4,28,11,44.0,Yes,Tier 2,5,2.5,High
11608,33,9,Diploma,Sales,3,2.3,12,2,35.6,No,Tier 1,2,1.24,Low
11609,50,30,Master,Sales,8,3.2,29,12,40.5,Yes,Tier 1,4,2.5,High
11610,53,32,Diploma,HR,9,4.6,33,13,47.7,No,Tier 1,3,2.5,High
11611,33,11,PhD,Finance,4,3.2,11,6,38.7,Yes,Tier 2,4,1.77,Low
11612,46,20,Bachelor,Sales,6,2.3,18,7,38.2,No,Tier 2,3,2.18,High
11613,42,16,Master,Operations,5,4.0,17,7,42.3,Yes,Tier 2,1,2.03,Low
11614,59,34,Bachelor,Operations,10,2.9,33,14,45.3,Yes,Tier 1,4,2.5,High
11615,22,0,Bachelor,IT,1,3.6,3,3,39.4,No,Tier 1,2,0.86,Low
11616,58,37,Diploma,HR,10,3.4,36,15,45.0,No,Tier 1,3,2.5,High
11617,59,38,Diploma,Marketing,10,4.6,35,15,43.2,No,Tier 1,5,2.5,High
11618,46,21,PhD,IT,6,3.4,19,10,43.8,No,Tier 1,4,2.5,High
11619,35,12,Master,Finance,5,2.8,14,6,31.0,No,Tier 1,1,1.71,Low
11620,54,31,Master,Sales,8,3.2,27,12,43.1,No,Tier 2,5,2.5,High
11621,60,38,Bachelor,IT,10,2.7,34,15,41.7,No,Tier 3,1,2.5,High
11622,31,7,Master,Marketing,2,3.4,6,4,45.0,No,Tier 1,3,1.29,Low
11623,23,1,High School,Marketing,2,4.7,4,3,39.7,No,Tier 3,4,0.79,Low
11624,26,2,Bachelor,Operations,1,4.3,7,3,41.1,No,Tier 1,1,0.95,Low
11625,29,8,Bachelor,Finance,4,4.8,11,3,45.7,Yes,Tier 2,5,1.58,Low
11626,26,6,Bachelor,IT,3,3.8,9,2,50.2,No,Tier 2,5,1.3,Low
11627,29,7,Bachelor,HR,3,3.6,9,4,36.4,Yes,Tier 3,2,1.22,Low
11628,59,37,Diploma,IT,10,2.9,33,12,45.6,Yes,Tier 1,1,2.5,High
11629,51,27,Bachelor,Operations,8,3.7,21,11,49.1,Yes,Tier 1,4,2.5,High
11630,52,25,Master,Marketing,8,3.4,22,10,46.5,No,Tier 1,4,2.5,High
11631,32,11,Bachelor,Finance,3,4.0,12,7,48.8,No,Tier 1,2,1.77,Low
11632,28,7,Diploma,Finance,2,2.8,6,4,40.3,No,Tier 3,5,1.02,Low
11633,28,2,Diploma,HR,2,3.5,1,3,49.2,Yes,Tier 2,1,0.94,Low
11634,48,21,Diploma,Finance,7,2.5,23,8,39.4,No,Tier 2,5,2.36,High
11635,40,16,Bachelor,Operations,5,3.7,16,9,43.3,No,Tier 2,1,2.01,Low
11636,27,6,Bachelor,Operations,3,3.9,8,5,40.5,Yes,Tier 3,1,1.2,Low
11637,31,4,Bachelor,Operations,3,2.4,8,3,40.7,Yes,Tier 1,1,1.18,Low
11638,40,15,Master,Finance,5,2.6,13,4,34.4,Yes,Tier 1,5,1.79,Low
11639,36,9,Bachelor,Finance,4,2.7,9,6,33.1,No,Tier 3,5,1.37,Low
11640,24,1,Master,Operations,1,3.4,8,4,48.9,No,Tier 1,5,1.06,Low
11641,26,0,Diploma,Finance,2,2.6,2,2,34.0,No,Tier 1,3,0.7,Low
11642,42,17,Bachelor,Finance,5,4.4,16,7,44.3,No,Tier 1,5,2.19,High
11643,46,26,Master,Marketing,8,3.8,22,10,36.5,Yes,Tier 2,2,2.5,High
11644,23,1,Diploma,IT,1,3.9,2,0,38.8,No,Tier 2,3,0.67,Low
11645,34,8,Diploma,Sales,4,2.5,12,3,46.4,Yes,Tier 1,1,1.35,Low
11646,31,11,Master,Finance,3,4.3,6,7,43.8,Yes,Tier 2,4,1.67,Low
11647,38,16,Bachelor,Sales,6,3.9,15,8,42.4,No,Tier 2,3,2.07,Low
11648,32,9,Master,Sales,3,3.1,11,4,48.7,No,Tier 3,3,1.43,Low
11649,43,16,High School,Marketing,6,2.5,20,6,41.6,No,Tier 2,1,1.92,Low
11650,32,11,Master,Finance,4,3.5,9,8,49.1,No,Tier 2,5,1.84,Low
11651,33,8,Bachelor,Operations,3,3.2,6,3,37.7,Yes,Tier 2,5,1.26,Low
11652,45,21,High School,Sales,6,3.2,18,8,37.1,Yes,Tier 1,3,2.08,Low
11653,39,14,Bachelor,Finance,4,3.0,16,6,42.3,Yes,Tier 1,5,1.72,Low
11654,56,33,Diploma,HR,9,4.0,30,11,43.0,No,Tier 2,3,2.5,High
11655,28,8,Bachelor,Operations,3,1.8,6,4,38.7,No,Tier 1,4,1.28,Low
11656,49,25,High School,HR,8,4.4,23,9,41.6,No,Tier 1,4,2.5,High
11657,52,31,Diploma,HR,8,4.1,32,11,49.8,Yes,Tier 2,1,2.5,High
11658,38,15,Bachelor,Sales,4,3.6,16,8,41.0,No,Tier 1,2,1.83,Low
11659,26,2,High School,HR,2,3.4,5,1,33.3,No,Tier 1,2,0.77,Low
11660,38,15,Master,Marketing,4,4.2,16,6,34.3,No,Tier 2,5,1.94,Low
11661,39,12,High School,Marketing,4,3.5,14,4,53.4,No,Tier 2,2,1.46,Low
11662,42,19,Bachelor,Sales,5,3.3,15,8,50.3,No,Tier 3,4,2.11,High
11663,57,36,Diploma,Finance,10,4.2,31,12,40.8,Yes,Tier 2,1,2.5,High
11664,52,26,Bachelor,IT,7,4.9,23,10,47.1,Yes,Tier 2,4,2.5,High
11665,23,1,Master,Finance,2,2.9,3,2,44.3,Yes,Tier 1,3,0.94,Low
11666,48,24,Diploma,Finance,8,3.8,24,11,49.4,Yes,Tier 1,5,2.5,High
11667,30,3,PhD,Finance,1,2.8,4,2,37.6,Yes,Tier 1,5,1.04,Low
11668,55,34,Diploma,Finance,10,3.8,29,15,37.8,Yes,Tier 2,2,2.5,High
11669,49,26,Master,Operations,7,3.0,21,9,49.6,Yes,Tier 2,3,2.5,High
11670,35,8,Bachelor,IT,3,4.3,10,4,35.5,No,Tier 2,2,1.3,Low
11671,53,32,Master,Operations,9,3.4,31,14,43.3,No,Tier 2,2,2.5,High
11672,27,1,Bachelor,HR,1,3.5,3,5,42.8,No,Tier 1,2,0.8,Low
11673,32,5,Bachelor,Finance,2,4.6,9,5,46.9,Yes,Tier 2,3,1.2,Low
11674,50,23,Diploma,Marketing,7,3.0,21,9,43.7,Yes,Tier 1,2,2.48,High
11675,41,19,Diploma,Sales,6,3.9,12,8,42.3,Yes,Tier 1,5,2.19,High
11676,51,26,Master,Sales,8,3.1,24,11,41.1,No,Tier 2,2,2.5,High
11677,44,20,Bachelor,Operations,7,4.3,19,9,38.0,No,Tier 3,3,2.31,High
11678,40,18,Bachelor,Operations,5,4.7,18,6,42.2,Yes,Tier 3,3,2.1,High
11679,57,37,Master,Marketing,10,3.3,33,14,48.8,No,Tier 3,4,2.5,High
11680,24,0,Bachelor,Finance,2,2.1,1,1,41.6,Yes,Tier 1,2,0.84,Low
11681,48,26,PhD,IT,7,3.1,27,9,50.0,No,Tier 1,3,2.5,High
11682,40,17,Master,HR,6,5.0,16,7,46.7,Yes,Tier 1,2,2.27,High
11683,44,20,Bachelor,Sales,7,3.1,19,9,45.4,Yes,Tier 1,1,2.4,High
11684,52,28,Master,HR,9,4.7,27,12,42.2,No,Tier 1,5,2.5,High
11685,56,35,High School,IT,10,3.1,31,13,39.9,No,Tier 2,5,2.5,High
11686,54,31,Bachelor,Operations,8,3.1,34,12,51.4,No,Tier 2,2,2.5,High
11687,56,36,Bachelor,Sales,10,4.0,31,14,47.0,No,Tier 3,5,2.5,High
11688,22,0,Diploma,HR,2,3.9,4,2,42.3,Yes,Tier 3,5,0.77,Low
11689,35,8,Master,Operations,4,4.1,8,5,51.5,Yes,Tier 1,1,1.66,Low
11690,54,28,Master,IT,9,3.5,28,11,46.1,No,Tier 3,5,2.5,High
11691,56,34,Bachelor,HR,10,4.2,31,13,35.9,No,Tier 2,5,2.5,High
11692,26,5,Bachelor,Finance,3,4.1,6,2,40.9,No,Tier 2,3,1.14,Low
11693,59,37,PhD,Operations,10,4.2,30,14,46.6,Yes,Tier 2,5,2.5,High
11694,32,12,Bachelor,IT,5,3.1,9,7,50.5,No,Tier 1,2,1.84,Low
11695,23,0,Bachelor,HR,2,4.2,4,2,54.8,Yes,Tier 3,5,1.0,Low
11696,38,18,Bachelor,Finance,5,3.2,14,6,43.1,No,Tier 2,2,2.0,Low
11697,60,36,Master,Finance,10,3.4,35,15,46.1,No,Tier 3,5,2.5,High
11698,41,15,Bachelor,IT,4,3.4,12,7,39.9,No,Tier 3,2,1.7,Low
11699,35,15,Master,Marketing,4,2.9,15,7,38.6,No,Tier 2,5,1.91,Low
11700,53,31,Master,Sales,8,2.4,26,13,34.6,Yes,Tier 1,2,2.5,High
11701,55,32,Bachelor,IT,9,4.3,29,11,44.9,Yes,Tier 1,5,2.5,High
11702,46,23,Bachelor,Finance,6,3.0,21,10,49.3,No,Tier 1,1,2.5,High
11703,28,4,Master,Finance,2,3.3,7,4,46.9,Yes,Tier 1,3,1.21,Low
11704,56,31,Bachelor,IT,8,3.0,24,11,43.4,No,Tier 3,3,2.5,High
11705,50,28,Master,Marketing,9,3.3,23,9,49.1,No,Tier 1,3,2.5,High
11706,43,21,PhD,Sales,6,3.2,22,9,57.8,No,Tier 3,3,2.5,High
11707,34,14,Bachelor,HR,5,4.3,16,6,38.8,No,Tier 2,1,1.87,Low
11708,34,8,Master,IT,4,3.1,3,2,30.9,No,Tier 1,1,1.43,Low
11709,22,0,Master,Sales,2,4.6,4,2,44.7,No,Tier 2,5,1.03,Low
11710,57,36,Master,Sales,10,4.2,29,14,48.4,Yes,Tier 2,1,2.5,High
11711,25,0,Bachelor,Operations,2,3.2,2,0,35.3,No,Tier 2,3,0.73,Low
11712,58,38,High School,Finance,10,3.7,33,16,47.2,No,Tier 2,4,2.5,High
11713,34,13,Bachelor,HR,5,3.8,17,7,41.3,Yes,Tier 1,5,1.93,Low
11714,59,35,Master,IT,10,4.0,28,11,44.7,No,Tier 2,2,2.5,High
11715,45,22,Bachelor,Finance,6,4.1,17,10,38.4,No,Tier 2,3,2.4,High
11716,40,16,Master,Operations,6,3.6,17,8,38.1,No,Tier 2,3,2.13,High
11717,22,0,Bachelor,Operations,2,2.9,3,3,37.5,Yes,Tier 3,3,0.74,Low
11718,59,35,Bachelor,Finance,10,3.9,34,12,46.3,No,Tier 1,1,2.5,High
11719,26,4,Diploma,Marketing,3,3.3,5,4,39.9,Yes,Tier 1,2,1.13,Low
11720,37,16,Master,Sales,5,1.7,19,7,44.3,No,Tier 2,5,1.95,Low
11721,45,22,Bachelor,IT,7,3.8,21,8,43.1,No,Tier 3,3,2.46,High
11722,48,28,Diploma,IT,8,3.0,27,10,37.1,No,Tier 1,2,2.5,High
11723,22,1,Bachelor,IT,1,3.2,8,0,43.4,Yes,Tier 1,4,0.93,Low
11724,55,35,Master,Finance,10,3.5,31,14,44.2,Yes,Tier 1,1,2.5,High
11725,57,36,Bachelor,Marketing,10,2.5,34,13,48.3,Yes,Tier 1,3,2.5,High
11726,25,4,Diploma,HR,2,3.6,5,0,50.5,Yes,Tier 1,2,1.0,Low
11727,21,0,PhD,Operations,2,3.3,4,2,37.9,No,Tier 1,2,1.0,Low
11728,60,37,Master,Finance,10,2.9,29,15,44.8,No,Tier 2,3,2.5,High
11729,32,9,PhD,HR,3,3.5,9,3,31.9,Yes,Tier 1,2,1.43,Low
11730,56,30,Bachelor,Operations,8,2.4,24,11,47.3,Yes,Tier 1,2,2.5,High
11731,43,22,Bachelor,Operations,7,3.5,24,9,48.5,No,Tier 1,5,2.5,High
11732,51,29,Master,Marketing,9,3.8,31,8,30.0,No,Tier 3,1,2.5,High
11733,31,9,Bachelor,Sales,4,3.7,9,4,41.3,Yes,Tier 2,5,1.52,Low
11734,30,10,Master,IT,3,4.0,9,5,38.5,Yes,Tier 3,1,1.55,Low
11735,23,3,Bachelor,HR,2,4.3,2,2,41.3,Yes,Tier 2,1,0.93,Low
11736,34,10,Bachelor,Finance,3,3.4,12,3,40.3,Yes,Tier 1,5,1.47,Low
11737,36,15,Diploma,HR,4,4.2,13,5,42.8,Yes,Tier 1,3,1.76,Low
11738,30,10,Diploma,Sales,4,3.4,10,3,47.9,Yes,Tier 2,2,1.49,Low
11739,49,29,High School,IT,8,3.0,30,10,41.4,No,Tier 2,4,2.5,High
11740,30,5,High School,HR,3,3.2,6,4,38.1,No,Tier 2,5,1.0,Low
11741,32,11,PhD,Sales,4,3.7,13,8,42.0,Yes,Tier 2,5,1.75,Low
11742,50,23,Diploma,Finance,6,4.2,22,9,41.7,No,Tier 2,3,2.44,High
11743,21,0,Master,Marketing,2,3.5,1,2,42.6,No,Tier 1,2,0.87,Low
11744,25,5,Master,Operations,2,3.1,2,2,39.9,No,Tier 3,5,1.06,Low
11745,40,16,Bachelor,Finance,5,4.4,17,4,44.8,Yes,Tier 2,4,2.0,Low
11746,28,5,Diploma,IT,3,2.6,11,5,49.5,No,Tier 1,2,1.26,Low
11747,32,8,Master,Operations,4,3.1,10,3,36.7,No,Tier 2,5,1.51,Low
11748,21,0,Bachelor,Finance,2,4.1,5,2,45.3,Yes,Tier 2,5,1.08,Low
11749,40,18,Master,Finance,6,4.6,15,8,47.8,No,Tier 1,1,2.26,High
11750,48,21,Master,Finance,6,3.8,22,10,40.8,No,Tier 1,1,2.5,High
11751,57,35,PhD,Finance,9,3.7,34,14,49.3,No,Tier 1,5,2.5,High
11752,57,33,Bachelor,Operations,9,3.3,28,13,42.7,Yes,Tier 1,3,2.5,High
11753,32,10,Bachelor,IT,4,3.9,12,5,37.4,Yes,Tier 1,1,1.66,Low
11754,57,34,Bachelor,Sales,9,3.6,26,14,36.6,No,Tier 1,5,2.5,High
11755,48,27,High School,HR,7,3.0,26,10,46.9,Yes,Tier 1,2,2.5,High
11756,35,13,Master,Marketing,5,3.3,12,8,46.5,No,Tier 1,4,1.9,Low
11757,26,4,Diploma,HR,3,2.9,3,2,50.8,Yes,Tier 3,1,1.05,Low
11758,40,16,Bachelor,HR,6,3.5,17,7,46.4,No,Tier 1,5,2.12,High
11759,34,11,Master,Marketing,3,3.6,7,6,42.5,No,Tier 1,1,1.57,Low
11760,22,0,Bachelor,Operations,2,4.6,4,0,45.4,Yes,Tier 1,2,0.89,Low
11761,29,3,Bachelor,IT,1,3.1,3,4,43.4,No,Tier 2,3,0.99,Low
11762,57,31,Bachelor,Marketing,8,3.4,24,12,41.3,Yes,Tier 1,5,2.5,High
11763,40,14,Master,IT,4,4.3,14,10,40.3,Yes,Tier 1,2,1.94,Low
11764,46,25,Bachelor,Operations,7,4.7,23,12,34.4,Yes,Tier 1,4,2.5,High
11765,49,22,Master,HR,6,3.8,24,9,39.3,Yes,Tier 3,5,2.41,High
11766,21,0,High School,IT,2,3.3,1,4,42.9,Yes,Tier 2,4,0.72,Low
11767,55,31,Master,Operations,8,3.2,31,13,30.0,No,Tier 1,3,2.5,High
11768,26,1,Master,Operations,2,2.3,1,2,40.4,Yes,Tier 1,5,0.87,Low
11769,57,34,Diploma,Sales,9,2.9,32,11,47.6,Yes,Tier 1,5,2.5,High
11770,25,0,Bachelor,Marketing,1,3.6,6,0,49.7,Yes,Tier 1,2,0.79,Low
11771,53,32,Diploma,Sales,10,3.4,29,12,40.4,Yes,Tier 2,1,2.5,High
11772,34,11,Master,HR,3,3.9,10,5,40.2,No,Tier 2,5,1.53,Low
11773,32,6,Bachelor,Marketing,2,3.4,4,4,39.4,Yes,Tier 2,3,1.06,Low
11774,40,19,Bachelor,HR,6,3.0,13,9,40.2,No,Tier 1,5,2.17,High
11775,44,21,Diploma,Sales,7,3.7,24,10,48.7,Yes,Tier 2,5,2.43,High
11776,54,30,Diploma,Operations,8,5.0,26,11,51.1,No,Tier 1,5,2.5,High
11777,45,21,High School,HR,6,3.3,17,10,34.6,Yes,Tier 1,5,2.2,High
11778,49,22,Bachelor,Marketing,6,3.6,18,8,38.9,No,Tier 2,3,2.32,High
11779,59,39,Bachelor,Marketing,10,4.1,35,13,33.7,No,Tier 1,2,2.5,High
11780,51,24,Master,HR,7,3.1,21,10,42.9,Yes,Tier 2,1,2.5,High
11781,43,21,Master,Marketing,7,4.3,15,8,40.6,No,Tier 3,3,2.38,High
11782,58,31,Bachelor,Operations,9,2.5,30,11,44.8,No,Tier 1,3,2.5,High
11783,40,14,PhD,Operations,4,3.2,15,7,46.3,Yes,Tier 3,4,1.92,Low
11784,43,18,Master,Marketing,6,3.3,22,8,45.8,No,Tier 1,1,2.2,High
11785,36,13,PhD,HR,4,3.6,16,5,34.8,No,Tier 1,2,1.8,Low
11786,28,3,Bachelor,Sales,1,2.2,1,1,42.9,No,Tier 2,2,0.76,Low
11787,41,21,Bachelor,Marketing,7,4.4,23,8,34.5,No,Tier 2,4,2.43,High
11788,21,0,High School,Marketing,2,3.8,6,4,51.7,Yes,Tier 1,4,0.83,Low
11789,28,5,Master,Marketing,3,4.2,5,4,41.2,No,Tier 2,3,1.28,Low
11790,49,28,Diploma,Marketing,9,4.5,24,13,36.2,No,Tier 3,2,2.5,High
11791,52,26,Bachelor,HR,8,3.0,25,10,40.3,Yes,Tier 1,2,2.5,High
11792,58,36,Bachelor,Sales,10,1.9,29,13,44.0,No,Tier 3,2,2.5,High
11793,25,1,Bachelor,Sales,1,4.2,3,3,46.7,Yes,Tier 2,3,0.88,Low
11794,42,22,Bachelor,IT,6,3.3,23,10,49.5,No,Tier 3,2,2.46,High
11795,54,32,Diploma,Marketing,9,2.8,30,12,43.3,Yes,Tier 1,5,2.5,High
11796,21,0,Bachelor,Marketing,2,3.9,1,1,41.3,Yes,Tier 2,4,0.86,Low
11797,46,19,Bachelor,IT,6,5.0,21,6,46.4,No,Tier 1,4,2.32,High
11798,30,8,PhD,Sales,4,3.4,10,3,46.3,Yes,Tier 3,4,1.48,Low
11799,50,23,Master,Finance,6,4.1,22,10,43.6,Yes,Tier 2,4,2.5,High
11800,38,12,Master,Operations,4,2.9,11,5,47.0,Yes,Tier 1,5,1.69,Low
11801,37,13,Master,Finance,5,2.4,13,7,39.9,No,Tier 1,1,1.8,Low
11802,46,23,Bachelor,Sales,7,4.1,19,12,42.9,No,Tier 3,2,2.5,High
11803,28,7,Diploma,Marketing,3,3.9,4,4,32.8,Yes,Tier 2,4,1.18,Low
11804,60,36,Master,Finance,10,3.2,31,13,49.9,No,Tier 1,2,2.5,High
11805,32,5,Bachelor,HR,2,4.6,7,4,40.5,Yes,Tier 1,2,1.15,Low
11806,47,20,Bachelor,HR,6,2.4,19,7,50.0,No,Tier 3,5,2.22,High
11807,28,7,Bachelor,IT,2,2.7,12,3,39.7,Yes,Tier 1,2,1.24,Low
11808,45,22,Bachelor,Sales,7,3.1,19,8,44.5,Yes,Tier 1,4,2.42,High
11809,24,2,Bachelor,Sales,1,3.3,4,1,43.3,Yes,Tier 3,2,0.7,Low
11810,53,32,Bachelor,Finance,10,4.5,31,13,40.0,No,Tier 1,5,2.5,High
11811,21,1,Diploma,Marketing,2,3.5,2,1,45.4,No,Tier 1,4,0.8,Low
11812,39,19,Master,Sales,6,3.4,19,9,49.4,No,Tier 1,5,2.41,High
11813,51,25,Diploma,Finance,7,2.7,22,10,51.9,Yes,Tier 3,3,2.5,High
11814,36,12,High School,Finance,4,4.2,12,5,46.7,No,Tier 1,1,1.61,Low
11815,34,7,Bachelor,Operations,3,2.8,10,5,36.9,No,Tier 2,2,1.21,Low
11816,25,2,Master,Operations,1,2.7,4,1,36.0,Yes,Tier 3,2,0.7,Low
11817,46,20,Bachelor,Sales,7,3.2,21,7,48.7,Yes,Tier 1,2,2.34,High
11818,48,24,Bachelor,Finance,8,3.6,17,10,38.0,Yes,Tier 3,3,2.5,High
11819,22,0,Bachelor,IT,2,3.0,1,0,46.1,No,Tier 1,1,0.92,Low
11820,26,0,Bachelor,IT,1,4.0,1,2,43.7,No,Tier 2,5,0.81,Low
11821,29,4,PhD,Operations,2,3.3,3,4,49.6,No,Tier 1,3,1.21,Low
11822,53,29,Master,Sales,9,4.2,31,13,45.5,Yes,Tier 2,3,2.5,High
11823,45,20,Bachelor,Marketing,6,3.8,19,10,42.8,Yes,Tier 1,4,2.32,High
11824,33,13,Bachelor,IT,4,4.7,12,6,53.3,No,Tier 1,3,1.92,Low
11825,29,9,Master,IT,3,3.2,12,5,47.1,Yes,Tier 3,3,1.52,Low
11826,33,9,High School,Operations,3,4.0,13,4,45.8,No,Tier 1,2,1.33,Low
11827,51,31,Bachelor,Operations,9,2.3,25,11,39.6,No,Tier 3,4,2.5,High
11828,31,8,Bachelor,Sales,3,5.0,16,6,37.3,Yes,Tier 1,5,1.6,Low
11829,24,0,Master,Operations,2,4.0,4,1,41.7,No,Tier 1,1,0.95,Low
11830,54,29,High School,HR,9,3.3,27,11,35.5,No,Tier 3,5,2.5,High
11831,58,34,Bachelor,Finance,9,3.3,31,12,41.4,Yes,Tier 1,4,2.5,High
11832,24,4,Master,IT,3,3.3,7,3,47.0,No,Tier 3,2,1.28,Low
11833,58,37,Bachelor,HR,10,4.7,31,15,47.9,Yes,Tier 2,1,2.5,High
11834,39,12,High School,Marketing,4,4.1,18,6,41.3,No,Tier 1,5,1.56,Low
11835,26,0,PhD,HR,2,3.2,2,0,57.7,No,Tier 2,1,1.01,Low
11836,54,28,Bachelor,Sales,9,2.7,28,12,49.4,No,Tier 1,1,2.5,High
11837,38,13,Bachelor,Marketing,4,4.3,12,5,42.9,No,Tier 1,1,1.67,Low
11838,33,9,Diploma,Marketing,3,4.0,9,4,48.7,No,Tier 2,3,1.39,Low
11839,43,19,Bachelor,Operations,5,4.0,23,6,40.1,Yes,Tier 1,4,2.19,High
11840,39,16,Bachelor,HR,5,3.4,16,7,44.3,Yes,Tier 1,4,2.01,Low
11841,31,9,High School,Sales,3,3.3,10,3,41.2,Yes,Tier 3,2,1.19,Low
11842,21,0,Diploma,IT,2,4.6,4,1,36.9,Yes,Tier 3,5,0.8,Low
11843,44,22,Master,Operations,7,4.7,27,9,45.7,Yes,Tier 2,2,2.5,High
11844,27,2,Diploma,HR,1,3.9,10,3,43.0,Yes,Tier 2,5,0.81,Low
11845,45,19,Diploma,IT,5,4.1,21,9,43.3,No,Tier 2,1,2.19,High
11846,41,18,Bachelor,HR,6,3.7,25,5,42.9,No,Tier 2,5,2.17,High
11847,35,12,Master,Operations,4,2.6,10,6,38.5,Yes,Tier 1,5,1.65,Low
11848,21,0,High School,IT,1,2.9,5,2,50.9,No,Tier 3,1,0.65,Low
11849,32,7,Bachelor,Operations,3,4.2,9,3,44.2,Yes,Tier 1,2,1.3,Low
11850,27,5,Diploma,HR,3,4.3,3,2,41.7,No,Tier 2,5,1.08,Low
11851,35,9,High School,Marketing,4,4.2,11,4,36.5,No,Tier 3,2,1.31,Low
11852,41,18,High School,Finance,5,3.7,16,8,50.0,Yes,Tier 2,2,1.94,Low
11853,39,13,Master,Marketing,5,4.2,17,6,47.6,No,Tier 3,4,1.94,Low
11854,49,29,Diploma,Operations,8,3.5,25,11,43.0,Yes,Tier 1,1,2.5,High
11855,45,21,High School,Operations,7,3.9,19,5,36.6,Yes,Tier 1,1,2.14,High
11856,53,29,Bachelor,Operations,8,3.4,30,11,51.3,Yes,Tier 3,3,2.5,High
11857,52,26,Master,IT,7,2.8,24,9,41.2,No,Tier 1,2,2.5,High
11858,55,34,Bachelor,Sales,9,4.1,33,15,39.6,No,Tier 2,3,2.5,High
11859,58,37,Bachelor,Operations,10,4.3,34,14,42.8,No,Tier 1,1,2.5,High
11860,46,21,High School,Marketing,7,5.0,21,9,44.9,No,Tier 2,1,2.33,High
11861,31,6,Bachelor,Finance,3,3.7,7,4,42.2,Yes,Tier 2,3,1.26,Low
11862,55,31,Bachelor,Operations,8,2.8,29,12,30.0,No,Tier 1,1,2.5,High
11863,28,8,Bachelor,Operations,4,3.3,9,4,44.2,Yes,Tier 2,1,1.45,Low
11864,34,7,Bachelor,Operations,3,3.4,7,3,47.6,Yes,Tier 2,4,1.28,Low
11865,30,8,Bachelor,IT,3,3.6,9,2,38.5,No,Tier 1,5,1.31,Low
11866,22,0,Diploma,Operations,1,3.8,6,2,50.8,Yes,Tier 2,4,0.81,Low
11867,29,4,Bachelor,Marketing,3,3.7,8,3,47.4,Yes,Tier 2,5,1.24,Low
11868,23,3,High School,HR,2,4.0,7,2,45.3,No,Tier 1,4,0.92,Low
11869,41,16,Master,Sales,6,3.6,16,7,37.9,No,Tier 2,4,2.12,High
11870,46,19,PhD,Operations,5,2.1,13,6,44.4,No,Tier 1,2,2.12,High
11871,28,6,PhD,IT,3,3.6,5,3,44.8,Yes,Tier 1,3,1.41,Low
11872,22,0,Master,Marketing,1,3.6,2,1,42.6,Yes,Tier 2,4,0.81,Low
11873,26,1,Bachelor,Operations,1,3.9,1,3,47.5,No,Tier 2,2,0.86,Low
11874,48,25,Master,IT,8,3.3,22,10,41.2,No,Tier 3,4,2.5,High
11875,49,23,Bachelor,HR,7,3.6,20,8,41.6,No,Tier 1,3,2.5,High
11876,46,19,Bachelor,Finance,5,3.9,17,8,39.7,No,Tier 1,2,2.12,High
11877,45,18,Bachelor,Operations,5,3.4,21,6,40.7,No,Tier 1,5,2.15,High
11878,32,7,Bachelor,Marketing,3,3.9,8,3,42.3,Yes,Tier 2,3,1.29,Low
11879,25,1,Master,IT,2,3.5,6,3,42.1,No,Tier 1,1,1.04,Low
11880,54,29,Bachelor,IT,9,3.6,27,10,41.8,No,Tier 2,2,2.5,High
11881,57,33,Bachelor,Operations,9,1.6,33,12,47.6,No,Tier 1,1,2.5,High
11882,35,8,Master,IT,3,2.8,12,3,50.5,Yes,Tier 3,2,1.46,Low
11883,56,36,High School,Finance,10,2.8,30,12,36.6,No,Tier 2,5,2.5,High
11884,35,8,Bachelor,IT,3,3.6,14,6,50.4,No,Tier 3,2,1.54,Low
11885,43,21,Master,Sales,6,4.3,19,10,46.4,No,Tier 1,4,2.5,High
11886,26,0,Bachelor,Sales,2,3.4,4,1,38.5,No,Tier 2,1,0.8,Low
11887,41,15,Bachelor,IT,4,4.1,16,6,41.4,Yes,Tier 2,1,1.85,Low
11888,43,22,Diploma,Operations,7,3.9,22,6,44.4,Yes,Tier 2,2,2.34,High
11889,36,15,Bachelor,Sales,5,3.6,17,5,34.7,Yes,Tier 1,4,1.94,Low
11890,35,8,Master,Marketing,3,3.9,8,3,42.6,Yes,Tier 3,4,1.42,Low
11891,45,23,Bachelor,Sales,6,3.7,23,9,45.6,No,Tier 1,2,2.43,High
11892,56,35,Bachelor,IT,10,3.4,32,13,39.3,Yes,Tier 1,3,2.5,High
11893,31,5,High School,Operations,2,3.8,7,4,35.6,No,Tier 2,5,0.99,Low
11894,35,10,High School,HR,4,4.4,11,6,44.0,Yes,Tier 2,2,1.43,Low
11895,24,4,PhD,Operations,2,3.8,4,3,54.0,Yes,Tier 2,4,1.29,Low
11896,41,21,Bachelor,Operations,6,3.6,21,7,39.4,Yes,Tier 1,5,2.28,High
11897,33,11,Bachelor,Operations,3,2.9,10,6,39.6,No,Tier 1,2,1.37,Low
11898,42,15,High School,Marketing,5,4.4,16,7,42.0,Yes,Tier 2,5,1.84,Low
11899,39,18,Master,Finance,5,2.6,17,7,50.8,Yes,Tier 1,3,2.2,High
11900,54,29,PhD,IT,9,2.4,23,9,34.7,No,Tier 3,4,2.5,High
11901,34,14,Bachelor,Finance,5,3.7,12,8,46.8,No,Tier 3,3,2.01,Low
11902,24,4,Diploma,HR,3,2.9,7,3,40.6,No,Tier 2,3,1.04,Low
11903,47,24,Bachelor,Finance,7,4.2,21,6,41.1,Yes,Tier 1,4,2.5,High
11904,49,22,Master,IT,7,2.4,19,11,37.9,Yes,Tier 3,3,2.5,High
11905,48,25,Bachelor,IT,8,4.1,21,9,41.8,No,Tier 1,2,2.5,High
11906,55,29,Master,HR,8,4.0,24,14,38.1,No,Tier 1,2,2.5,High
11907,28,8,Bachelor,IT,4,3.6,14,5,40.3,No,Tier 1,5,1.58,Low
11908,36,14,Master,HR,5,2.1,11,6,30.7,Yes,Tier 1,2,1.78,Low
11909,56,32,Bachelor,HR,9,2.4,32,12,34.3,Yes,Tier 3,2,2.5,High
11910,50,26,Diploma,IT,8,3.7,23,9,44.7,Yes,Tier 2,5,2.5,High
11911,38,13,Bachelor,Sales,4,3.3,12,6,49.3,No,Tier 3,1,1.66,Low
11912,22,2,Diploma,HR,2,4.0,6,5,59.1,Yes,Tier 1,4,1.12,Low
11913,33,13,Master,IT,5,3.5,14,5,47.6,No,Tier 2,2,1.9,Low
11914,24,0,Master,Sales,1,3.4,3,2,40.4,Yes,Tier 3,5,0.8,Low
11915,46,26,Master,HR,8,1.9,24,9,33.1,No,Tier 3,3,2.5,High
11916,45,23,Bachelor,Sales,7,4.0,21,9,45.7,Yes,Tier 2,3,2.5,High
11917,50,27,Diploma,Marketing,8,3.1,24,13,35.7,No,Tier 1,2,2.5,High
11918,31,11,Master,Operations,3,3.2,14,6,39.0,Yes,Tier 2,4,1.58,Low
11919,27,7,Bachelor,Marketing,2,2.8,5,5,47.4,No,Tier 1,5,1.22,Low
11920,51,25,Diploma,Sales,7,2.5,21,10,44.5,No,Tier 2,5,2.45,High
11921,30,3,Bachelor,HR,1,4.5,3,6,38.4,Yes,Tier 2,5,0.98,Low
11922,59,38,High School,IT,10,4.0,31,13,34.5,No,Tier 2,5,2.5,High
11923,33,6,Bachelor,Finance,3,4.0,8,2,44.1,No,Tier 2,5,1.22,Low
11924,51,25,Bachelor,IT,7,3.4,24,12,44.7,No,Tier 2,4,2.5,High
11925,27,0,Diploma,Finance,1,2.4,1,1,50.5,No,Tier 1,5,0.75,Low
11926,56,30,PhD,Finance,8,4.9,26,12,30.5,No,Tier 2,4,2.5,High
11927,40,18,Diploma,HR,6,3.8,17,10,43.6,Yes,Tier 2,4,2.13,High
11928,24,0,Diploma,Sales,2,3.6,2,2,47.6,Yes,Tier 1,4,0.83,Low
11929,27,7,Diploma,IT,2,3.3,5,7,40.9,No,Tier 1,3,1.18,Low
11930,21,0,Master,Sales,2,2.2,2,2,35.0,No,Tier 1,1,0.86,Low
11931,33,7,Bachelor,Marketing,3,4.2,6,3,38.4,Yes,Tier 1,2,1.27,Low
11932,42,21,Bachelor,HR,7,2.8,19,6,43.2,No,Tier 3,3,2.25,High
11933,41,15,High School,HR,5,3.9,11,7,40.6,Yes,Tier 1,1,1.7,Low
11934,42,18,High School,Marketing,5,4.0,17,5,44.5,No,Tier 2,3,1.96,Low
11935,48,23,Bachelor,IT,6,3.7,20,10,49.4,No,Tier 2,4,2.5,High
11936,29,9,Master,Operations,4,3.8,10,6,41.0,No,Tier 1,4,1.66,Low
11937,46,26,Master,Marketing,8,4.4,25,10,49.1,Yes,Tier 3,5,2.5,High
11938,29,8,High School,IT,4,3.0,9,4,42.4,Yes,Tier 1,4,1.4,Low
11939,35,13,Bachelor,Finance,5,3.6,15,7,44.7,Yes,Tier 3,3,1.76,Low
11940,30,10,Master,HR,3,3.4,10,6,42.4,No,Tier 1,2,1.55,Low
11941,44,20,Bachelor,IT,7,2.3,21,10,44.8,Yes,Tier 1,4,2.45,High
11942,28,8,Master,Sales,3,3.7,12,4,45.7,No,Tier 1,1,1.49,Low
11943,44,20,Diploma,Sales,7,4.3,20,5,46.2,No,Tier 1,3,2.36,High
11944,36,11,PhD,HR,3,4.4,12,7,43.0,No,Tier 3,1,1.66,Low
11945,46,21,Master,Marketing,7,4.7,21,8,30.0,No,Tier 1,5,2.4,High
11946,47,24,PhD,Operations,7,2.3,23,8,46.0,No,Tier 2,5,2.5,High
11947,57,34,Master,Marketing,9,4.6,33,13,33.1,Yes,Tier 1,2,2.5,High
11948,24,0,Bachelor,IT,1,3.6,5,2,40.0,No,Tier 3,3,0.72,Low
11949,44,22,PhD,Marketing,7,4.5,23,8,31.0,No,Tier 2,2,2.48,High
11950,39,19,Bachelor,HR,5,3.2,18,6,51.5,Yes,Tier 2,1,2.17,High
11951,56,30,Bachelor,IT,9,3.2,28,12,45.1,No,Tier 1,2,2.5,High
11952,59,39,Master,Finance,10,2.7,35,13,41.4,Yes,Tier 2,1,2.5,High
11953,30,7,Master,Marketing,2,4.0,6,4,50.1,Yes,Tier 1,2,1.33,Low
11954,45,18,Master,Marketing,6,3.8,20,8,45.7,No,Tier 1,5,2.21,High
11955,38,12,Diploma,Operations,4,2.8,8,7,43.6,No,Tier 2,3,1.58,Low
11956,39,15,Master,IT,5,2.1,17,9,45.0,No,Tier 3,2,1.99,Low
11957,56,30,Master,Sales,9,3.8,28,12,41.1,No,Tier 3,1,2.5,High
11958,30,3,High School,Marketing,2,3.8,5,2,36.8,No,Tier 2,3,0.88,Low
11959,53,33,Bachelor,HR,10,2.9,30,14,47.8,No,Tier 2,5,2.5,High
11960,25,5,Bachelor,Marketing,2,2.7,8,4,42.6,No,Tier 3,5,1.06,Low
11961,55,33,Bachelor,Operations,9,3.9,26,13,34.2,No,Tier 2,4,2.5,High
11962,54,33,PhD,Finance,10,4.7,33,13,45.5,Yes,Tier 1,3,2.5,High
11963,53,27,Bachelor,Operations,7,3.2,25,11,43.2,Yes,Tier 3,2,2.5,High
11964,41,18,Master,Marketing,5,2.9,23,8,51.5,Yes,Tier 1,5,2.22,High
11965,37,10,PhD,Sales,4,3.7,13,5,44.3,No,Tier 1,2,1.76,Low
11966,42,15,Bachelor,Marketing,4,3.9,15,5,37.1,No,Tier 2,2,1.72,Low
11967,57,30,Master,IT,9,3.3,25,12,34.0,No,Tier 1,1,2.5,High
11968,35,12,Bachelor,Marketing,4,4.8,12,8,49.3,Yes,Tier 1,2,1.86,Low
11969,55,34,Master,Sales,9,4.1,31,12,42.7,No,Tier 1,4,2.5,High
11970,48,28,Diploma,IT,9,3.3,29,11,38.7,Yes,Tier 2,3,2.5,High
11971,27,5,PhD,HR,2,2.5,10,2,39.4,Yes,Tier 3,3,1.08,Low
11972,52,30,Diploma,IT,8,4.4,28,13,49.5,No,Tier 1,1,2.5,High
11973,31,8,Bachelor,Operations,4,4.3,14,5,45.4,No,Tier 1,4,1.65,Low
11974,30,8,Master,Finance,3,3.3,4,3,48.5,No,Tier 1,4,1.48,Low
11975,29,2,Bachelor,Operations,2,3.7,6,0,44.2,Yes,Tier 2,3,1.0,Low
11976,34,9,Bachelor,IT,3,3.4,13,6,38.8,Yes,Tier 2,4,1.48,Low
11977,33,12,Bachelor,HR,5,3.8,14,4,51.9,No,Tier 2,5,1.83,Low
11978,45,25,Master,Marketing,8,2.8,20,11,41.0,Yes,Tier 1,2,2.5,High
11979,22,0,Diploma,IT,2,2.7,6,1,47.0,Yes,Tier 2,2,0.81,Low
11980,55,34,High School,Operations,10,4.0,32,14,48.4,Yes,Tier 2,3,2.5,High
11981,27,3,Bachelor,IT,2,4.1,6,3,43.0,No,Tier 1,3,1.16,Low
11982,41,15,Bachelor,IT,4,3.2,15,6,37.4,No,Tier 1,4,1.87,Low
11983,38,15,Diploma,IT,4,3.0,20,5,39.6,No,Tier 1,1,1.74,Low
11984,23,0,Bachelor,HR,2,4.2,4,2,46.4,No,Tier 3,3,0.76,Low
11985,59,37,Bachelor,Sales,10,3.0,32,13,45.7,No,Tier 3,3,2.5,High
11986,31,7,High School,Sales,3,3.5,7,5,49.5,No,Tier 2,3,1.13,Low
11987,59,37,Bachelor,IT,10,3.5,34,13,48.7,No,Tier 3,4,2.5,High
11988,44,19,Master,HR,5,2.5,21,8,38.2,No,Tier 2,5,2.08,Low
11989,39,19,Diploma,HR,6,3.6,18,7,50.2,Yes,Tier 3,3,2.11,High
11990,24,4,Bachelor,IT,3,3.6,5,3,37.9,No,Tier 1,5,1.23,Low
11991,46,26,Master,Operations,7,3.7,27,9,46.0,Yes,Tier 2,4,2.5,High
11992,58,31,Bachelor,Operations,8,3.6,26,12,55.1,Yes,Tier 2,1,2.5,High
11993,52,30,Master,Finance,9,4.9,32,8,44.6,No,Tier 2,2,2.5,High
11994,59,35,Bachelor,IT,9,4.3,29,12,34.1,Yes,Tier 1,2,2.5,High
11995,56,36,Bachelor,Finance,10,3.5,29,13,41.4,No,Tier 1,2,2.5,High
11996,60,36,High School,Operations,10,3.6,29,13,53.9,No,Tier 1,2,2.5,High
11997,57,35,Master,Operations,9,4.6,28,15,42.0,Yes,Tier 1,4,2.5,High
11998,53,26,Master,IT,8,4.1,23,9,49.6,No,Tier 1,2,2.5,High
11999,56,31,High School,Finance,9,2.7,27,14,38.2,No,Tier 2,4,2.5,High
12000,23,0,Bachelor,Finance,2,4.1,6,0,41.2,Yes,Tier 3,1,0.82,Low
12001,29,5,PhD,IT,2,4.3,9,2,41.9,No,Tier 2,3,1.32,Low
12002,28,1,Bachelor,Finance,1,4.6,3,0,52.8,No,Tier 3,3,0.81,Low
12003,53,26,Bachelor,Marketing,8,3.2,32,11,41.5,Yes,Tier 3,3,2.5,High
12004,26,1,Master,Operations,2,3.2,3,2,33.6,Yes,Tier 1,4,0.94,Low
12005,59,37,Master,Sales,10,2.9,32,14,54.9,Yes,Tier 1,4,2.5,High
12006,24,2,Bachelor,HR,1,3.7,1,2,44.1,Yes,Tier 1,4,0.91,Low
12007,33,10,Master,Finance,3,4.0,11,5,46.3,Yes,Tier 3,1,1.53,Low
12008,22,0,Master,Finance,2,3.2,4,2,35.0,No,Tier 1,5,0.92,Low
12009,25,3,Bachelor,HR,2,3.4,2,5,44.3,Yes,Tier 2,4,1.03,Low
12010,47,25,Bachelor,Finance,7,2.2,22,9,43.1,No,Tier 1,4,2.5,High
12011,52,31,Bachelor,HR,8,4.5,29,14,38.2,Yes,Tier 3,3,2.5,High
12012,41,21,PhD,IT,6,2.5,18,10,46.3,No,Tier 1,2,2.44,High
12013,28,5,Master,Marketing,3,3.7,5,4,34.5,No,Tier 3,2,1.15,Low
12014,58,32,High School,Marketing,10,3.7,31,13,38.1,No,Tier 1,1,2.5,High
12015,28,5,Master,Operations,2,3.5,4,0,49.1,No,Tier 1,2,1.12,Low
12016,23,0,Bachelor,Sales,1,3.5,1,1,39.4,Yes,Tier 2,5,0.76,Low
12017,23,0,High School,Finance,2,2.8,3,1,40.5,No,Tier 3,3,0.57,Low
12018,42,21,Bachelor,Sales,7,3.3,22,11,43.5,Yes,Tier 2,1,2.45,High
12019,26,0,Bachelor,IT,1,4.1,4,1,41.1,Yes,Tier 3,2,0.82,Low
12020,22,0,Master,Marketing,1,4.3,2,1,46.5,Yes,Tier 2,2,0.9,Low
12021,43,21,Diploma,IT,6,3.2,19,8,43.9,No,Tier 2,3,2.32,High
12022,22,2,Master,IT,2,2.5,7,1,35.5,Yes,Tier 1,1,0.95,Low
12023,58,34,Bachelor,Finance,9,3.0,32,12,39.3,No,Tier 1,3,2.5,High
12024,37,10,High School,IT,4,4.7,11,6,38.8,No,Tier 1,1,1.49,Low
12025,55,29,PhD,Marketing,9,3.0,26,9,40.7,No,Tier 3,2,2.5,High
12026,54,29,Bachelor,Sales,8,3.4,26,12,43.6,Yes,Tier 3,3,2.5,High
12027,43,16,Bachelor,Marketing,5,4.4,14,6,44.5,Yes,Tier 2,3,1.97,Low
12028,50,24,Bachelor,Finance,8,3.2,22,11,31.2,Yes,Tier 1,5,2.5,High
12029,28,6,Master,Marketing,2,3.4,7,4,48.1,Yes,Tier 1,3,1.27,Low
12030,42,21,Bachelor,HR,7,4.0,20,7,42.5,No,Tier 3,1,2.29,High
12031,56,29,Diploma,Sales,8,4.6,25,11,37.4,No,Tier 1,5,2.5,High
12032,25,0,Diploma,HR,1,3.1,4,2,47.8,No,Tier 3,3,0.65,Low
12033,33,11,Bachelor,HR,3,4.4,14,5,32.5,No,Tier 1,3,1.53,Low
12034,49,27,Master,Operations,7,3.3,24,11,35.1,No,Tier 1,5,2.5,High
12035,51,30,Bachelor,Finance,9,2.9,25,11,53.6,Yes,Tier 3,2,2.5,High
12036,36,13,Diploma,IT,5,3.7,15,7,43.7,No,Tier 1,3,1.86,Low
12037,50,23,Diploma,HR,7,2.7,22,10,39.3,Yes,Tier 1,4,2.42,High
12038,36,9,Bachelor,Marketing,3,3.8,9,4,43.5,No,Tier 3,2,1.42,Low
12039,32,9,PhD,IT,4,5.0,14,5,42.1,No,Tier 2,3,1.8,Low
12040,37,17,Bachelor,Marketing,6,4.2,15,6,43.2,No,Tier 2,2,2.1,High
12041,36,16,PhD,Marketing,6,3.4,11,9,45.4,No,Tier 2,1,2.16,High
12042,32,9,Bachelor,IT,3,4.2,8,8,42.0,No,Tier 1,2,1.55,Low
12043,28,3,Diploma,IT,2,2.9,9,2,44.8,No,Tier 1,5,1.04,Low
12044,40,16,Master,Marketing,5,3.0,15,7,42.2,No,Tier 2,3,2.05,Low
12045,23,1,Bachelor,Finance,1,3.4,3,3,38.9,No,Tier 1,2,0.77,Low
12046,36,12,Master,Sales,5,3.6,13,7,37.5,Yes,Tier 1,4,1.89,Low
12047,50,28,PhD,Operations,8,2.7,28,11,49.6,Yes,Tier 2,1,2.5,High
12048,43,20,High School,Sales,7,3.3,19,7,46.2,No,Tier 1,1,2.16,High
12049,48,28,High School,Finance,9,3.4,27,13,48.2,No,Tier 2,2,2.5,High
12050,60,35,Master,Operations,10,4.5,31,14,43.0,No,Tier 1,5,2.5,High
12051,25,5,Bachelor,IT,3,2.7,8,3,44.1,Yes,Tier 1,1,1.25,Low
12052,40,16,Diploma,Operations,6,2.6,16,6,42.1,Yes,Tier 1,2,1.93,Low
12053,60,40,High School,Marketing,10,3.6,34,15,48.8,Yes,Tier 3,2,2.5,High
12054,21,0,High School,Sales,2,4.2,4,0,41.3,No,Tier 1,1,0.71,Low
12055,50,25,Master,Operations,7,3.9,22,11,38.1,Yes,Tier 2,2,2.5,High
12056,41,17,Diploma,Marketing,6,3.7,13,8,45.6,Yes,Tier 2,2,2.06,Low
12057,40,15,Bachelor,Finance,5,3.3,15,7,42.2,No,Tier 1,4,1.97,Low
12058,26,0,Bachelor,Operations,2,3.9,1,0,44.2,No,Tier 2,2,0.82,Low
12059,42,20,Bachelor,Marketing,6,4.0,20,9,46.6,Yes,Tier 3,2,2.32,High
12060,38,18,High School,Finance,5,3.3,17,8,40.1,No,Tier 2,5,1.93,Low
12061,28,3,Master,IT,1,2.9,9,2,41.9,No,Tier 1,1,1.09,Low
12062,59,38,High School,Finance,10,2.9,33,15,41.4,No,Tier 2,5,2.5,High
12063,52,25,Master,Finance,8,4.1,23,10,49.4,No,Tier 2,3,2.5,High
12064,53,33,Master,Sales,10,2.5,26,12,43.1,No,Tier 1,5,2.5,High
12065,36,14,Bachelor,Marketing,4,4.6,11,5,43.8,Yes,Tier 1,3,1.73,Low
12066,32,7,Bachelor,Operations,2,3.2,4,4,37.2,Yes,Tier 1,3,1.2,Low
12067,58,34,Bachelor,Sales,9,3.7,33,12,46.7,No,Tier 1,5,2.5,High
12068,54,32,Bachelor,HR,10,4.0,27,12,45.1,No,Tier 1,4,2.5,High
12069,34,13,Master,Finance,4,3.1,17,7,38.8,Yes,Tier 2,5,1.76,Low
12070,56,31,Master,HR,8,3.2,21,13,52.6,Yes,Tier 1,1,2.5,High
12071,53,27,Bachelor,Sales,8,3.6,28,11,44.7,No,Tier 3,5,2.5,High
12072,43,17,Bachelor,Marketing,5,2.9,16,8,39.9,Yes,Tier 2,4,1.99,Low
12073,22,0,Master,Sales,2,2.8,4,1,43.0,No,Tier 3,5,0.87,Low
12074,41,21,PhD,Marketing,7,2.9,17,7,41.2,Yes,Tier 2,4,2.43,High
12075,22,0,Bachelor,Marketing,2,4.3,4,1,50.7,No,Tier 1,1,1.06,Low
12076,47,24,Bachelor,IT,8,3.8,21,11,47.7,Yes,Tier 2,2,2.5,High
12077,29,4,Bachelor,Finance,3,3.0,3,4,45.3,Yes,Tier 3,4,1.1,Low
12078,21,0,PhD,Sales,1,4.1,1,2,51.6,Yes,Tier 1,4,0.96,Low
12079,31,5,Diploma,Marketing,2,3.0,4,1,37.8,No,Tier 1,4,0.95,Low
12080,23,0,Bachelor,Sales,2,2.2,4,2,46.9,Yes,Tier 1,1,0.85,Low
12081,43,18,Bachelor,Sales,6,4.0,16,6,45.7,No,Tier 1,3,2.24,High
12082,46,20,Bachelor,Marketing,6,4.6,15,7,41.8,No,Tier 1,4,2.25,High
12083,24,2,Bachelor,Operations,1,3.9,6,1,41.9,No,Tier 1,1,0.88,Low
12084,38,11,PhD,HR,4,2.3,6,4,47.6,Yes,Tier 1,2,1.6,Low
12085,26,1,High School,Finance,1,3.5,7,3,47.2,No,Tier 2,4,0.78,Low
12086,55,31,Bachelor,Finance,8,3.3,33,12,35.9,No,Tier 1,3,2.5,High
12087,42,15,High School,Operations,5,3.7,12,5,52.1,Yes,Tier 2,1,1.87,Low
12088,35,12,Diploma,IT,4,2.9,15,5,48.7,No,Tier 2,2,1.57,Low
12089,42,18,Bachelor,Operations,5,3.3,18,8,41.6,No,Tier 2,3,2.11,High
12090,57,30,Bachelor,IT,8,2.6,26,12,39.0,No,Tier 1,2,2.5,High
12091,32,11,Bachelor,IT,3,3.6,11,5,48.6,Yes,Tier 2,3,1.54,Low
12092,58,32,Bachelor,Operations,10,2.6,30,11,45.5,No,Tier 1,5,2.5,High
12093,38,17,High School,Finance,5,3.8,17,7,46.6,Yes,Tier 1,5,2.0,Low
12094,55,35,Bachelor,HR,10,3.0,25,16,45.9,Yes,Tier 2,5,2.5,High
12095,50,30,PhD,Finance,8,1.5,32,10,49.1,Yes,Tier 1,2,2.5,High
12096,44,17,PhD,Finance,6,4.0,18,8,47.3,Yes,Tier 1,5,2.39,High
12097,50,29,Bachelor,Finance,9,3.8,26,14,40.3,No,Tier 1,1,2.5,High
12098,34,9,Bachelor,Operations,3,4.4,8,4,40.0,No,Tier 1,1,1.42,Low
12099,26,2,Master,Operations,2,2.1,4,4,44.8,Yes,Tier 1,5,1.02,Low
12100,23,2,High School,Operations,2,3.1,8,1,54.4,Yes,Tier 3,3,0.92,Low
12101,36,16,Master,Finance,6,3.6,16,4,42.3,Yes,Tier 1,3,2.13,High
12102,27,6,PhD,HR,3,3.9,9,3,44.8,No,Tier 2,2,1.42,Low
12103,34,9,High School,IT,4,2.5,7,4,47.5,No,Tier 2,3,1.36,Low
12104,29,8,Diploma,Sales,3,3.8,9,2,40.9,Yes,Tier 2,4,1.21,Low
12105,35,11,PhD,IT,4,3.1,12,5,47.0,No,Tier 3,3,1.77,Low
12106,41,18,Bachelor,IT,6,2.3,19,9,43.1,Yes,Tier 3,1,2.1,High
12107,55,30,High School,Sales,8,3.0,26,11,49.2,No,Tier 2,3,2.5,High
12108,22,2,Bachelor,Finance,1,3.8,7,2,38.3,No,Tier 3,2,0.84,Low
12109,47,23,Bachelor,HR,7,2.3,19,11,54.6,Yes,Tier 1,3,2.49,High
12110,22,1,Master,HR,1,3.9,4,1,41.4,No,Tier 2,2,0.77,Low
12111,55,34,Master,IT,9,3.7,30,14,45.6,Yes,Tier 3,4,2.5,High
12112,38,15,PhD,Sales,4,3.3,11,4,43.0,Yes,Tier 2,5,1.86,Low
12113,34,14,Bachelor,Marketing,4,2.4,14,5,37.6,No,Tier 3,4,1.59,Low
12114,40,20,Bachelor,Finance,6,2.5,18,8,47.2,No,Tier 1,1,2.27,High
12115,38,16,Bachelor,IT,5,3.2,19,8,41.7,No,Tier 1,4,2.04,Low
12116,30,10,Bachelor,HR,4,2.8,10,4,45.6,No,Tier 3,4,1.49,Low
12117,45,22,Diploma,Operations,7,3.3,21,8,39.0,No,Tier 1,1,2.35,High
12118,22,0,PhD,Operations,1,4.1,1,2,41.7,Yes,Tier 2,1,0.89,Low
12119,45,23,Master,Sales,6,3.3,22,10,41.5,Yes,Tier 1,5,2.5,High
12120,53,31,Bachelor,Sales,9,3.3,27,11,45.8,No,Tier 2,5,2.5,High
12121,56,35,Bachelor,IT,9,3.3,29,13,44.5,No,Tier 3,3,2.5,High
12122,51,30,Diploma,Marketing,9,4.2,34,13,42.1,Yes,Tier 1,2,2.5,High
12123,34,14,Bachelor,HR,4,4.3,13,5,41.2,No,Tier 1,1,1.81,Low
12124,21,0,Master,IT,2,3.8,2,2,44.6,No,Tier 1,4,1.01,Low
12125,36,9,Bachelor,Marketing,4,3.6,12,4,44.0,Yes,Tier 3,4,1.52,Low
12126,23,2,PhD,Sales,1,3.6,3,4,43.6,No,Tier 2,5,1.03,Low
12127,55,32,Bachelor,Operations,9,4.4,30,13,52.8,Yes,Tier 1,2,2.5,High
12128,26,0,Bachelor,Finance,1,3.8,4,3,45.8,No,Tier 1,1,0.87,Low
12129,45,24,Master,Operations,7,4.5,23,9,52.6,No,Tier 3,5,2.5,High
12130,33,8,Diploma,HR,4,3.2,15,5,42.7,No,Tier 3,2,1.37,Low
12131,54,29,Bachelor,HR,8,2.6,24,12,42.8,Yes,Tier 1,1,2.5,High
12132,28,7,Bachelor,Operations,3,3.1,12,4,40.5,No,Tier 1,4,1.3,Low
12133,41,19,Bachelor,Operations,5,3.1,19,7,44.5,No,Tier 2,4,2.17,High
12134,54,28,Master,Marketing,9,4.5,28,11,41.4,Yes,Tier 2,5,2.5,High
12135,24,0,Bachelor,IT,1,4.0,4,0,40.7,Yes,Tier 3,2,0.75,Low
12136,45,23,Master,Sales,6,3.1,26,11,33.5,No,Tier 2,4,2.47,High
12137,35,11,Bachelor,Marketing,4,4.0,11,4,50.3,No,Tier 2,2,1.68,Low
12138,24,0,Bachelor,Finance,1,3.4,4,1,41.1,Yes,Tier 2,5,0.74,Low
12139,32,7,Master,Operations,2,4.6,12,2,50.4,Yes,Tier 3,3,1.25,Low
12140,52,29,Diploma,Finance,8,3.3,25,12,42.5,Yes,Tier 1,2,2.5,High
12141,52,30,Diploma,Finance,8,2.5,30,12,46.2,Yes,Tier 1,2,2.5,High
12142,48,28,Bachelor,Marketing,8,3.4,25,10,43.4,No,Tier 1,5,2.5,High
12143,33,8,Bachelor,Sales,4,3.3,6,1,45.1,Yes,Tier 3,3,1.34,Low
12144,51,28,High School,HR,8,2.6,22,10,38.0,Yes,Tier 2,4,2.5,High
12145,34,11,Bachelor,IT,4,3.9,12,6,48.9,No,Tier 1,1,1.76,Low
12146,40,18,Bachelor,HR,5,4.4,20,8,41.2,Yes,Tier 2,5,2.12,High
12147,38,15,Bachelor,Sales,4,2.8,10,6,47.6,No,Tier 1,1,1.81,Low
12148,49,27,PhD,HR,8,4.1,25,10,35.7,No,Tier 1,3,2.5,High
12149,26,0,Bachelor,Operations,2,3.1,5,0,39.2,No,Tier 1,3,0.85,Low
12150,52,31,Master,Operations,9,3.5,25,13,44.9,No,Tier 2,2,2.5,High
12151,49,24,Diploma,Marketing,8,3.4,21,8,42.2,Yes,Tier 2,1,2.5,High
12152,22,0,Bachelor,Finance,2,3.5,4,1,45.3,Yes,Tier 3,1,0.82,Low
12153,43,22,Master,Sales,6,3.8,23,8,44.0,No,Tier 3,3,2.5,High
12154,39,14,Bachelor,Sales,5,2.8,18,7,52.1,No,Tier 1,1,1.96,Low
12155,51,29,Master,HR,9,4.3,25,12,45.7,Yes,Tier 2,4,2.5,High
12156,25,0,Bachelor,Marketing,1,3.8,1,1,40.8,No,Tier 1,3,0.72,Low
12157,39,13,High School,HR,4,4.0,18,7,41.0,No,Tier 1,2,1.65,Low
12158,54,32,Bachelor,HR,10,3.0,27,10,49.0,Yes,Tier 1,2,2.5,High
12159,30,9,Bachelor,Sales,4,2.8,11,4,35.4,No,Tier 1,2,1.4,Low
12160,45,25,Master,HR,8,4.3,28,9,45.8,No,Tier 1,1,2.5,High
12161,22,2,Diploma,Finance,1,2.7,6,3,37.4,No,Tier 1,3,0.78,Low
12162,31,4,PhD,HR,3,3.6,8,3,48.5,No,Tier 2,2,1.31,Low
12163,51,24,PhD,Finance,7,4.2,25,10,40.8,No,Tier 1,3,2.5,High
12164,35,10,Diploma,Sales,3,3.4,12,4,45.6,Yes,Tier 2,1,1.39,Low
12165,29,9,Bachelor,Marketing,3,4.3,12,5,43.2,Yes,Tier 1,4,1.5,Low
12166,43,21,Master,Operations,6,3.3,19,7,36.1,Yes,Tier 1,4,2.33,High
12167,39,16,PhD,Finance,6,2.7,19,6,46.2,No,Tier 1,4,2.27,High
12168,29,7,Bachelor,Marketing,2,3.7,10,4,39.4,No,Tier 1,1,1.32,Low
12169,55,32,Bachelor,Marketing,9,3.6,25,11,47.0,No,Tier 1,2,2.5,High
12170,41,20,Bachelor,Finance,7,5.0,20,9,38.0,No,Tier 2,1,2.36,High
12171,29,5,Master,Sales,2,2.9,2,3,44.2,No,Tier 2,3,1.09,Low
12172,48,25,Bachelor,IT,8,3.3,25,9,43.2,No,Tier 1,4,2.5,High
12173,27,7,Master,Marketing,2,3.0,8,2,40.0,Yes,Tier 1,3,1.25,Low
12174,36,14,High School,Marketing,5,3.4,19,7,49.9,No,Tier 3,1,1.8,Low
12175,36,15,High School,Sales,4,3.4,16,3,43.2,No,Tier 1,5,1.67,Low
12176,53,33,Bachelor,Sales,9,2.9,32,11,40.9,No,Tier 1,5,2.5,High
12177,24,3,Bachelor,HR,2,3.8,3,4,44.5,Yes,Tier 2,1,1.09,Low
12178,24,0,Bachelor,Sales,1,3.4,5,1,35.7,No,Tier 2,2,0.69,Low
12179,59,33,Bachelor,Marketing,9,4.4,28,13,55.3,No,Tier 2,3,2.5,High
12180,60,38,Bachelor,Finance,10,3.1,36,15,37.6,Yes,Tier 2,1,2.5,High
12181,37,12,Diploma,IT,4,4.7,10,5,45.8,Yes,Tier 1,1,1.65,Low
12182,57,35,Bachelor,HR,9,3.7,31,11,43.3,Yes,Tier 1,5,2.5,High
12183,59,32,PhD,Finance,10,4.3,26,11,48.9,No,Tier 1,4,2.5,High
12184,49,25,Bachelor,IT,8,3.6,23,8,43.9,Yes,Tier 2,4,2.5,High
12185,56,34,Bachelor,IT,10,3.0,35,13,39.8,Yes,Tier 3,2,2.5,High
12186,58,31,Bachelor,IT,9,3.3,30,13,33.7,No,Tier 1,2,2.5,High
12187,59,34,PhD,Operations,10,2.6,30,12,34.1,No,Tier 1,2,2.5,High
12188,57,34,Diploma,Finance,9,3.4,24,13,41.8,No,Tier 1,5,2.5,High
12189,55,34,Master,HR,10,3.6,29,13,49.9,Yes,Tier 1,1,2.5,High
12190,27,2,Master,HR,1,3.5,6,2,34.6,No,Tier 1,2,0.95,Low
12191,47,27,Bachelor,IT,8,4.4,23,10,52.2,Yes,Tier 2,5,2.5,High
12192,48,24,High School,Finance,7,3.4,26,11,48.4,No,Tier 3,3,2.5,High
12193,42,19,Master,Operations,5,2.3,18,9,36.3,Yes,Tier 1,1,2.17,High
12194,34,14,High School,IT,5,5.0,17,6,37.6,No,Tier 1,3,1.87,Low
12195,27,7,Bachelor,Sales,2,3.1,9,3,38.1,No,Tier 1,4,1.24,Low
12196,57,33,Master,HR,9,4.1,29,11,44.5,No,Tier 1,4,2.5,High
12197,42,19,Diploma,Marketing,6,2.5,17,8,42.7,No,Tier 1,1,2.12,High
12198,25,0,Master,IT,2,3.7,1,1,42.5,Yes,Tier 2,2,0.95,Low
12199,22,2,High School,Sales,2,3.0,7,2,40.5,Yes,Tier 1,1,0.84,Low
12200,47,27,Master,HR,8,1.7,24,8,43.9,No,Tier 3,2,2.5,High
12201,41,18,Bachelor,Operations,5,3.3,19,7,47.2,No,Tier 2,4,2.02,Low
12202,58,36,Diploma,Finance,10,3.5,30,13,42.4,Yes,Tier 2,1,2.5,High
12203,35,15,Diploma,HR,4,3.4,12,8,39.7,Yes,Tier 1,1,1.8,Low
12204,41,20,PhD,Finance,6,3.7,20,7,48.0,No,Tier 2,2,2.44,High
12205,30,7,High School,Finance,2,3.3,7,2,41.9,No,Tier 2,4,1.02,Low
12206,43,23,Diploma,Operations,6,3.5,20,10,45.8,No,Tier 1,4,2.34,High
12207,59,35,Bachelor,Operations,10,3.6,28,13,42.5,No,Tier 1,2,2.5,High
12208,25,0,Bachelor,IT,1,3.5,2,0,48.4,No,Tier 3,2,0.69,Low
12209,21,0,Bachelor,IT,1,3.4,3,0,49.2,Yes,Tier 1,2,0.77,Low
12210,33,6,Diploma,HR,2,2.9,7,3,49.0,Yes,Tier 1,4,1.12,Low
12211,41,14,Bachelor,Operations,5,3.9,16,6,40.2,No,Tier 1,4,1.86,Low
12212,46,21,Diploma,Sales,7,3.3,20,10,40.2,No,Tier 1,1,2.38,High
12213,41,14,Diploma,HR,5,3.3,22,5,47.4,No,Tier 1,4,1.85,Low
12214,38,13,Bachelor,Marketing,5,3.8,14,6,42.7,No,Tier 1,3,1.82,Low
12215,57,37,Master,Finance,10,3.6,28,11,42.8,No,Tier 2,3,2.5,High
12216,52,31,Diploma,Finance,8,3.0,27,12,39.5,No,Tier 1,2,2.5,High
12217,56,35,Bachelor,IT,9,4.3,31,15,50.0,Yes,Tier 2,2,2.5,High
12218,37,15,Bachelor,Sales,5,2.7,13,7,48.2,Yes,Tier 2,2,1.84,Low
12219,55,30,PhD,Operations,8,2.8,27,11,42.4,No,Tier 1,1,2.5,High
12220,31,10,PhD,Operations,3,3.9,9,6,39.8,No,Tier 2,3,1.53,Low
12221,41,19,Master,IT,5,4.6,19,8,39.6,Yes,Tier 2,3,2.27,High
12222,46,23,Diploma,Marketing,7,3.1,17,9,43.7,No,Tier 2,4,2.41,High
12223,24,2,High School,HR,2,3.8,7,1,44.9,No,Tier 2,3,0.78,Low
12224,54,30,Bachelor,HR,9,2.7,23,12,38.7,No,Tier 2,4,2.5,High
12225,38,12,Bachelor,Sales,4,2.9,12,5,36.8,Yes,Tier 1,1,1.54,Low
12226,60,40,Bachelor,IT,10,4.2,33,15,43.4,Yes,Tier 2,2,2.5,High
12227,55,32,Master,IT,9,3.7,29,12,47.3,Yes,Tier 1,2,2.5,High
12228,49,23,Master,Marketing,6,4.3,21,10,43.4,Yes,Tier 2,4,2.5,High
12229,49,23,Master,HR,7,4.2,22,8,41.8,No,Tier 1,5,2.5,High
12230,58,35,Bachelor,IT,9,2.1,34,13,37.3,Yes,Tier 3,4,2.5,High
12231,41,17,Master,Operations,6,2.7,19,8,39.8,No,Tier 2,1,2.1,High
12232,33,11,Bachelor,Sales,3,3.7,12,5,47.4,Yes,Tier 2,3,1.55,Low
12233,37,17,High School,HR,6,2.4,18,7,36.7,Yes,Tier 2,4,1.84,Low
12234,29,7,Master,Marketing,2,2.8,14,3,51.9,No,Tier 3,1,1.21,Low
12235,21,0,High School,Sales,1,4.4,5,1,43.4,No,Tier 2,2,0.67,Low
12236,22,0,Bachelor,Finance,2,3.1,2,2,35.1,No,Tier 1,5,0.8,Low
12237,49,22,Bachelor,Operations,7,4.0,24,11,45.5,No,Tier 3,5,2.5,High
12238,53,30,Master,Marketing,8,3.5,28,9,45.3,No,Tier 2,4,2.5,High
12239,30,10,Master,Sales,3,3.1,9,3,40.8,No,Tier 2,3,1.47,Low
12240,60,38,Bachelor,IT,10,2.4,33,14,47.7,No,Tier 3,4,2.5,High
12241,41,21,Master,Finance,7,3.7,16,9,39.9,Yes,Tier 1,5,2.48,High
12242,48,28,Bachelor,Marketing,8,4.4,20,11,46.2,No,Tier 1,5,2.5,High
12243,31,10,Bachelor,IT,4,3.1,9,4,42.8,Yes,Tier 2,2,1.51,Low
12244,54,33,Master,Operations,9,3.5,30,11,41.6,No,Tier 2,3,2.5,High
12245,28,5,Master,Finance,2,2.5,7,2,49.7,Yes,Tier 1,3,1.16,Low
12246,42,18,PhD,HR,5,3.1,14,8,47.9,No,Tier 2,5,2.27,High
12247,28,1,Diploma,IT,1,3.7,1,2,37.5,No,Tier 2,5,0.72,Low
12248,35,9,Master,Sales,4,4.0,14,5,44.9,Yes,Tier 2,4,1.65,Low
12249,37,17,Bachelor,Marketing,6,3.9,17,6,52.5,No,Tier 3,4,2.12,High
12250,43,19,Master,Finance,5,2.2,22,10,49.8,Yes,Tier 1,2,2.29,High
12251,44,18,Diploma,IT,5,3.2,21,7,38.5,Yes,Tier 2,5,2.01,Low
12252,39,13,Master,HR,4,2.9,15,6,51.0,Yes,Tier 2,4,1.8,Low
12253,25,0,Bachelor,Marketing,2,3.3,3,1,47.7,No,Tier 1,2,0.89,Low
12254,52,29,Bachelor,Marketing,8,3.4,25,11,37.8,No,Tier 1,3,2.5,High
12255,21,0,Bachelor,IT,2,4.2,5,2,44.0,No,Tier 1,5,1.04,Low
12256,43,16,Bachelor,HR,6,3.7,15,8,45.4,No,Tier 2,1,2.11,High
12257,57,31,Bachelor,Operations,9,4.4,26,15,37.6,No,Tier 1,5,2.5,High
12258,28,8,Master,Operations,4,3.0,4,5,46.5,No,Tier 1,4,1.52,Low
12259,33,13,Bachelor,Finance,4,2.6,13,7,55.1,Yes,Tier 1,5,1.7,Low
12260,28,3,Bachelor,IT,1,4.4,8,4,49.8,Yes,Tier 2,1,1.09,Low
12261,43,19,Bachelor,Finance,6,3.8,21,8,43.8,Yes,Tier 2,5,2.27,High
12262,21,0,High School,Operations,1,3.0,3,1,41.6,No,Tier 2,4,0.56,Low
12263,44,17,Diploma,Marketing,5,3.8,14,8,44.6,Yes,Tier 1,3,1.92,Low
12264,55,34,Bachelor,Finance,9,4.0,32,14,38.1,Yes,Tier 2,4,2.5,High
12265,44,17,Bachelor,HR,6,3.6,17,9,40.6,No,Tier 2,2,2.04,Low
12266,37,15,Diploma,Sales,4,3.0,14,5,33.2,Yes,Tier 1,4,1.69,Low
12267,25,1,Bachelor,Operations,1,3.2,1,0,45.2,No,Tier 1,2,0.81,Low
12268,40,19,Bachelor,Operations,5,3.7,23,9,41.3,Yes,Tier 3,5,2.13,High
12269,41,19,Bachelor,HR,5,3.6,20,7,46.1,Yes,Tier 2,2,2.18,High
12270,60,35,Bachelor,Finance,9,4.3,33,11,43.6,Yes,Tier 2,5,2.5,High
12271,51,30,Diploma,IT,8,3.3,25,9,37.9,Yes,Tier 1,2,2.5,High
12272,56,36,Master,Marketing,10,2.9,32,16,44.0,No,Tier 3,4,2.5,High
12273,31,9,Master,Sales,3,5.0,10,6,39.4,Yes,Tier 2,1,1.59,Low
12274,35,8,Master,IT,3,3.6,11,3,51.3,Yes,Tier 3,5,1.53,Low
12275,39,18,Diploma,IT,5,4.0,21,7,38.8,No,Tier 3,2,2.03,Low
12276,27,2,Master,HR,2,3.8,1,2,40.6,No,Tier 3,1,0.9,Low
12277,48,21,Master,Finance,6,3.6,17,10,37.9,No,Tier 3,2,2.27,High
12278,25,0,Master,Operations,2,3.4,5,1,37.5,No,Tier 1,2,0.87,Low
12279,25,4,Diploma,Operations,2,1.7,5,2,43.2,No,Tier 3,2,0.87,Low
12280,50,29,Bachelor,HR,9,2.8,28,13,36.8,Yes,Tier 1,4,2.5,High
12281,52,27,Master,Finance,8,3.7,24,10,42.1,No,Tier 3,2,2.5,High
12282,28,2,Bachelor,HR,1,1.7,1,2,45.2,No,Tier 1,1,0.71,Low
12283,30,8,Bachelor,Operations,4,3.5,5,5,40.9,Yes,Tier 2,2,1.46,Low
12284,58,35,Bachelor,IT,10,3.9,32,11,32.0,Yes,Tier 1,3,2.5,High
12285,52,30,Bachelor,Marketing,9,4.0,28,12,49.7,Yes,Tier 2,5,2.5,High
12286,48,22,High School,Finance,6,3.9,23,9,44.3,Yes,Tier 1,4,2.27,High
12287,37,13,Bachelor,Sales,5,4.1,14,4,44.4,Yes,Tier 1,3,1.83,Low
12288,51,24,High School,Sales,8,4.5,13,7,41.8,Yes,Tier 3,3,2.35,High
12289,28,3,Bachelor,IT,1,4.2,7,2,47.1,No,Tier 2,1,0.99,Low
12290,60,38,Bachelor,HR,10,3.6,30,14,47.7,No,Tier 1,1,2.5,High
12291,45,24,Bachelor,HR,8,3.4,18,10,48.2,No,Tier 1,4,2.5,High
12292,29,4,Diploma,Operations,3,3.6,1,5,44.3,No,Tier 1,4,1.12,Low
12293,22,2,Master,IT,1,3.3,1,2,36.1,Yes,Tier 2,5,0.96,Low
12294,35,9,Master,Operations,4,4.2,11,3,45.0,No,Tier 3,2,1.57,Low
12295,23,0,Diploma,Operations,1,3.9,1,1,44.3,No,Tier 2,4,0.68,Low
12296,56,34,Diploma,Sales,10,3.3,26,11,40.3,Yes,Tier 1,4,2.5,High
12297,24,0,Diploma,Operations,2,4.4,3,1,39.0,Yes,Tier 1,2,0.76,Low
12298,34,7,Master,Operations,3,3.3,6,6,45.7,Yes,Tier 3,5,1.36,Low
12299,45,23,Bachelor,Sales,7,2.9,24,10,42.6,Yes,Tier 1,1,2.5,High
12300,30,5,Bachelor,HR,2,3.5,11,2,41.0,Yes,Tier 2,5,1.15,Low
12301,41,20,Diploma,Finance,7,3.0,18,9,51.4,Yes,Tier 1,2,2.35,High
12302,56,36,Bachelor,Marketing,10,4.1,35,13,46.4,Yes,Tier 2,1,2.5,High
12303,32,12,Master,Operations,5,3.0,16,2,45.2,Yes,Tier 3,1,1.67,Low
12304,47,23,Master,Finance,6,3.4,22,8,49.1,No,Tier 1,1,2.5,High
12305,60,35,Bachelor,Sales,10,4.1,35,14,44.7,Yes,Tier 2,5,2.5,High
12306,22,0,High School,Finance,2,3.0,1,2,39.5,Yes,Tier 2,2,0.7,Low
12307,33,13,Diploma,Marketing,4,3.8,9,8,41.1,No,Tier 1,5,1.65,Low
12308,52,26,High School,Finance,7,2.9,20,11,46.7,No,Tier 1,5,2.5,High
12309,51,31,Bachelor,Finance,8,3.7,26,13,46.1,Yes,Tier 2,3,2.5,High
12310,36,13,Diploma,Finance,4,3.9,15,7,45.2,No,Tier 1,4,1.81,Low
12311,52,29,Bachelor,Finance,9,3.5,23,12,37.3,Yes,Tier 3,5,2.5,High
12312,52,32,Bachelor,IT,9,3.5,27,13,47.1,Yes,Tier 1,3,2.5,High
12313,54,29,PhD,Operations,8,3.8,23,12,42.7,Yes,Tier 1,2,2.5,High
12314,31,7,Bachelor,Sales,2,3.3,7,5,46.0,No,Tier 1,3,1.29,Low
12315,30,10,Master,Marketing,4,4.1,14,4,38.8,Yes,Tier 1,5,1.69,Low
12316,35,14,Master,Sales,5,4.4,15,3,52.8,No,Tier 2,2,1.94,Low
12317,37,10,Diploma,IT,4,2.9,10,6,44.2,Yes,Tier 1,3,1.53,Low
12318,60,38,Master,IT,10,4.6,36,15,40.9,No,Tier 2,5,2.5,High
12319,38,14,Bachelor,IT,4,3.3,14,5,46.2,Yes,Tier 3,2,1.74,Low
12320,29,8,Bachelor,Operations,4,4.8,10,3,47.3,No,Tier 2,2,1.46,Low
12321,45,21,Bachelor,IT,6,3.3,23,9,46.2,No,Tier 1,4,2.48,High
12322,60,39,PhD,Finance,10,4.0,33,15,38.0,No,Tier 3,5,2.5,High
12323,34,12,Bachelor,Sales,4,4.0,15,6,48.7,Yes,Tier 1,4,1.8,Low
12324,45,23,Bachelor,HR,6,3.2,24,8,41.3,No,Tier 2,2,2.37,High
12325,42,19,PhD,Marketing,5,3.5,18,7,42.9,No,Tier 1,2,2.3,High
12326,50,25,High School,IT,7,4.4,20,11,32.0,Yes,Tier 1,3,2.5,High
12327,40,19,Master,Sales,5,3.3,18,8,40.7,No,Tier 3,4,2.16,High
12328,41,14,Master,IT,5,3.2,17,7,40.6,No,Tier 1,1,2.0,Low
12329,52,29,Master,Operations,8,2.8,28,11,45.3,No,Tier 2,5,2.5,High
12330,41,20,PhD,IT,6,4.5,23,9,40.4,Yes,Tier 1,4,2.5,High
12331,55,32,PhD,IT,9,3.2,27,12,34.9,No,Tier 2,2,2.5,High
12332,52,30,High School,IT,8,4.3,29,11,44.2,Yes,Tier 2,3,2.5,High
12333,50,26,Master,IT,8,3.1,21,11,41.7,Yes,Tier 1,5,2.5,High
12334,59,33,Bachelor,Marketing,10,4.3,30,11,39.4,Yes,Tier 2,5,2.5,High
12335,32,9,Bachelor,Sales,3,4.0,13,5,43.4,No,Tier 2,3,1.51,Low
12336,38,17,Diploma,Operations,5,3.4,19,7,34.1,Yes,Tier 2,2,1.86,Low
12337,41,20,Master,IT,6,3.0,19,8,46.1,No,Tier 2,1,2.35,High
12338,33,7,PhD,IT,2,3.1,8,5,42.1,Yes,Tier 2,3,1.38,Low
12339,41,16,Master,IT,6,3.1,13,8,41.7,Yes,Tier 1,1,2.14,High
12340,28,1,Bachelor,IT,2,4.2,3,2,47.8,No,Tier 2,4,0.98,Low
12341,60,38,High School,Finance,10,3.6,30,14,40.3,No,Tier 2,5,2.5,High
12342,27,6,Bachelor,Finance,2,2.8,7,6,44.3,Yes,Tier 1,2,1.22,Low
12343,43,23,Master,HR,6,3.3,17,11,42.4,Yes,Tier 3,1,2.42,High
12344,52,28,Master,IT,8,3.4,22,12,59.1,Yes,Tier 1,2,2.5,High
12345,31,8,Bachelor,HR,3,2.1,12,5,45.4,No,Tier 1,4,1.39,Low
12346,42,17,High School,Marketing,6,3.4,18,6,37.3,Yes,Tier 1,1,1.9,Low
12347,42,15,Bachelor,HR,5,4.0,14,6,51.8,No,Tier 1,2,2.01,Low
12348,45,19,Bachelor,Sales,5,3.4,18,9,48.2,No,Tier 1,2,2.22,High
12349,42,18,Master,Finance,6,3.7,18,9,43.2,Yes,Tier 3,4,2.24,High
12350,48,26,Bachelor,Finance,8,3.8,25,11,40.8,Yes,Tier 1,3,2.5,High
12351,49,24,Bachelor,IT,8,3.3,23,10,36.4,Yes,Tier 2,4,2.5,High
12352,33,6,Bachelor,IT,2,4.0,4,6,45.2,Yes,Tier 1,1,1.29,Low
12353,38,15,High School,Marketing,5,4.4,9,6,39.6,No,Tier 2,1,1.73,Low
12354,22,0,PhD,Operations,2,2.5,1,3,38.6,No,Tier 3,5,0.87,Low
12355,49,23,Bachelor,Marketing,6,3.3,21,10,46.9,No,Tier 1,2,2.48,High
12356,41,21,Bachelor,Sales,7,5.0,22,9,50.7,Yes,Tier 3,1,2.5,High
12357,35,9,Bachelor,IT,3,3.6,11,5,40.6,No,Tier 3,3,1.36,Low
12358,47,25,Master,IT,8,3.5,24,10,47.0,Yes,Tier 2,3,2.5,High
12359,51,26,Master,Marketing,7,3.3,22,9,44.1,Yes,Tier 1,4,2.5,High
12360,35,10,Master,Marketing,3,4.3,11,5,44.8,No,Tier 2,1,1.56,Low
12361,43,22,Bachelor,Marketing,7,2.9,21,10,38.9,No,Tier 3,1,2.41,High
12362,44,24,Bachelor,Finance,8,4.1,20,10,41.9,Yes,Tier 1,5,2.5,High
12363,33,13,Diploma,HR,4,3.3,11,4,37.5,No,Tier 2,5,1.51,Low
12364,42,17,Master,HR,5,3.0,16,5,36.9,No,Tier 1,5,2.0,Low
12365,57,32,High School,IT,10,3.3,30,11,45.6,No,Tier 1,1,2.5,High
12366,53,29,Bachelor,Finance,9,3.5,24,11,40.4,Yes,Tier 3,4,2.5,High
12367,23,0,Master,Marketing,2,3.2,2,1,38.4,No,Tier 1,4,0.88,Low
12368,39,15,Master,IT,5,4.2,18,7,37.0,No,Tier 1,4,2.1,High
12369,43,19,Bachelor,Finance,5,3.0,17,9,35.4,No,Tier 2,4,2.09,Low
12370,49,29,Bachelor,Sales,8,3.6,26,13,33.2,No,Tier 1,3,2.5,High
12371,50,29,High School,Operations,8,3.8,26,12,43.6,No,Tier 1,1,2.5,High
12372,59,36,Master,Finance,10,3.6,31,15,30.0,Yes,Tier 2,2,2.5,High
12373,45,21,Master,IT,7,4.0,24,8,45.4,Yes,Tier 1,1,2.5,High
12374,57,36,Diploma,HR,10,3.2,33,13,45.3,No,Tier 1,4,2.5,High
12375,28,2,Bachelor,Marketing,1,3.9,1,1,42.5,Yes,Tier 1,3,0.79,Low
12376,36,14,Master,Operations,4,3.9,18,8,43.4,Yes,Tier 2,3,1.85,Low
12377,28,4,Master,Sales,2,4.1,7,5,41.6,No,Tier 3,1,1.13,Low
12378,21,0,Diploma,Operations,1,2.3,2,1,44.1,Yes,Tier 3,2,0.61,Low
12379,25,2,Bachelor,Operations,1,3.8,8,0,44.1,No,Tier 1,4,0.95,Low
12380,23,1,Diploma,Finance,2,4.1,2,1,49.5,No,Tier 2,3,0.88,Low
12381,21,0,Diploma,IT,1,3.2,7,1,50.7,Yes,Tier 3,4,0.8,Low
12382,24,1,Master,IT,1,3.1,4,0,50.5,No,Tier 1,4,0.95,Low
12383,60,36,Master,Operations,10,3.0,34,12,39.0,Yes,Tier 3,4,2.5,High
12384,55,35,Master,Marketing,9,2.8,39,13,46.8,No,Tier 3,5,2.5,High
12385,52,29,High School,IT,8,3.9,27,12,45.5,No,Tier 1,4,2.5,High
12386,54,31,Master,Operations,8,5.0,28,9,39.8,Yes,Tier 1,4,2.5,High
12387,45,22,Bachelor,IT,6,3.1,18,8,38.6,Yes,Tier 1,2,2.36,High
12388,30,8,Bachelor,Marketing,4,3.2,9,4,41.1,Yes,Tier 1,2,1.39,Low
12389,41,14,Bachelor,Sales,4,3.5,12,5,37.7,No,Tier 3,5,1.6,Low
12390,59,38,High School,Operations,10,2.5,33,14,36.1,No,Tier 3,5,2.5,High
12391,47,21,Master,HR,7,3.0,27,8,45.5,Yes,Tier 1,4,2.43,High
12392,47,27,Bachelor,HR,8,3.5,25,10,43.2,No,Tier 2,3,2.5,High
12393,22,0,Diploma,Operations,1,2.9,2,0,43.1,Yes,Tier 2,3,0.63,Low
12394,33,9,Diploma,Finance,3,4.3,10,5,47.6,No,Tier 1,1,1.41,Low
12395,29,3,Diploma,Sales,1,2.7,4,2,42.0,No,Tier 2,3,0.82,Low
12396,56,35,High School,Finance,9,4.1,34,11,47.2,Yes,Tier 3,3,2.5,High
12397,42,19,Bachelor,HR,5,4.5,18,8,39.3,No,Tier 1,2,2.11,High
12398,46,19,Master,Marketing,5,3.7,22,6,39.3,No,Tier 1,1,2.16,High
12399,32,12,High School,Operations,4,3.4,12,4,43.1,No,Tier 1,1,1.55,Low
12400,37,13,High School,IT,4,3.7,13,6,53.6,Yes,Tier 1,2,1.74,Low
12401,34,8,Bachelor,HR,3,3.2,7,4,49.4,Yes,Tier 1,3,1.33,Low
12402,34,9,Master,Sales,3,2.2,9,3,48.5,Yes,Tier 1,3,1.45,Low
12403,54,27,Bachelor,HR,8,2.9,20,11,36.1,No,Tier 2,1,2.5,High
12404,40,14,Bachelor,Sales,4,3.5,9,7,43.7,No,Tier 2,3,1.8,Low
12405,31,4,Bachelor,Sales,2,2.9,8,3,47.1,Yes,Tier 1,1,1.12,Low
12406,36,12,Bachelor,Operations,4,3.2,8,6,53.4,No,Tier 1,3,1.7,Low
12407,51,28,High School,Sales,9,3.8,26,9,34.6,Yes,Tier 3,4,2.5,High
12408,26,1,Master,Finance,1,3.6,3,3,46.7,Yes,Tier 3,2,0.83,Low
12409,39,18,Bachelor,Marketing,5,4.2,20,8,48.3,Yes,Tier 1,5,2.18,High
12410,57,37,Bachelor,HR,10,3.7,28,13,45.3,Yes,Tier 1,4,2.5,High
12411,24,3,Master,Marketing,1,3.7,7,2,36.2,Yes,Tier 3,3,0.91,Low
12412,24,3,Master,IT,2,3.0,6,3,44.3,Yes,Tier 1,5,1.2,Low
12413,40,14,Diploma,HR,5,2.6,15,6,45.1,No,Tier 1,4,1.8,Low
12414,30,3,Bachelor,Marketing,2,3.2,8,5,43.9,No,Tier 1,2,1.13,Low
12415,44,24,Diploma,Marketing,8,3.0,22,7,39.6,Yes,Tier 1,5,2.46,High
12416,55,35,Diploma,Operations,9,3.4,25,11,39.0,No,Tier 1,5,2.5,High
12417,46,22,Master,Operations,7,2.8,22,6,45.3,No,Tier 1,2,2.5,High
12418,57,33,Master,IT,10,4.0,30,13,39.6,Yes,Tier 2,4,2.5,High
12419,58,38,PhD,Sales,10,3.0,33,15,39.7,No,Tier 3,5,2.5,High
12420,41,16,Bachelor,HR,5,3.3,14,7,42.3,No,Tier 3,2,1.88,Low
12421,60,38,Diploma,Operations,10,3.5,32,14,43.8,No,Tier 1,4,2.5,High
12422,59,35,Diploma,HR,10,4.2,35,14,48.2,No,Tier 1,3,2.5,High
12423,41,19,Master,IT,5,4.6,16,7,37.0,No,Tier 2,1,2.15,High
12424,30,4,Bachelor,Operations,3,4.7,2,4,36.5,Yes,Tier 2,3,1.19,Low
12425,58,33,Bachelor,Operations,10,2.7,26,14,41.1,No,Tier 1,3,2.5,High
12426,24,4,Master,Sales,2,3.3,6,2,34.0,Yes,Tier 1,1,1.06,Low
12427,40,15,Master,HR,4,3.1,19,6,45.9,No,Tier 1,3,1.94,Low
12428,37,13,Master,HR,4,3.7,19,6,33.0,Yes,Tier 1,3,1.79,Low
12429,27,6,High School,HR,2,3.7,9,5,46.5,Yes,Tier 1,2,1.16,Low
12430,24,0,Master,Sales,1,3.1,1,1,48.5,No,Tier 3,2,0.81,Low
12431,49,29,Master,Operations,8,3.1,24,12,44.3,Yes,Tier 1,4,2.5,High
12432,34,11,Bachelor,IT,4,2.9,14,3,33.7,No,Tier 3,5,1.52,Low
12433,23,0,Bachelor,HR,2,1.8,6,3,43.5,Yes,Tier 3,4,0.69,Low
12434,44,17,Bachelor,Marketing,5,2.7,15,8,39.0,No,Tier 1,2,1.98,Low
12435,57,35,PhD,Sales,10,4.1,35,13,37.0,Yes,Tier 2,2,2.5,High
12436,36,11,High School,Finance,4,4.5,11,6,45.9,Yes,Tier 2,1,1.5,Low
12437,24,4,Bachelor,IT,3,4.4,8,2,46.8,Yes,Tier 1,1,1.26,Low
12438,44,18,Diploma,Marketing,6,4.1,20,6,49.4,No,Tier 1,2,2.17,High
12439,54,29,Master,HR,9,2.8,22,13,41.6,No,Tier 2,3,2.5,High
12440,50,30,Diploma,Finance,9,2.7,28,11,43.9,No,Tier 2,4,2.5,High
12441,38,14,Diploma,IT,4,2.3,18,7,51.3,No,Tier 2,2,1.71,Low
12442,39,13,Bachelor,Sales,4,3.1,12,7,53.5,No,Tier 2,2,1.76,Low
12443,51,27,Master,Finance,7,3.6,22,11,48.4,No,Tier 1,1,2.5,High
12444,39,13,Diploma,Operations,5,2.8,15,7,41.3,Yes,Tier 2,4,1.72,Low
12445,39,15,Diploma,Finance,4,3.8,15,7,43.0,Yes,Tier 1,4,1.82,Low
12446,42,15,Master,Marketing,4,3.9,14,8,42.1,Yes,Tier 2,5,1.93,Low
12447,44,19,Bachelor,IT,5,3.2,18,8,46.5,Yes,Tier 3,2,2.11,High
12448,32,9,Master,Marketing,4,2.6,6,4,38.9,No,Tier 2,5,1.39,Low
12449,50,24,Diploma,Marketing,7,4.4,23,8,44.6,No,Tier 2,1,2.5,High
12450,58,31,Bachelor,HR,9,3.5,32,12,44.6,No,Tier 2,5,2.5,High
12451,51,25,Diploma,Sales,7,4.8,21,11,44.9,No,Tier 2,3,2.5,High
12452,56,32,Diploma,Finance,9,3.6,27,11,37.9,No,Tier 2,2,2.5,High
12453,39,19,Master,IT,5,3.6,19,8,44.2,No,Tier 1,2,2.35,High
12454,56,30,Bachelor,Operations,9,2.9,34,12,51.8,Yes,Tier 3,4,2.5,High
12455,50,23,Master,Sales,7,3.2,24,11,40.7,Yes,Tier 1,5,2.5,High
12456,53,29,Bachelor,Sales,9,2.5,26,10,44.3,Yes,Tier 1,4,2.5,High
12457,38,17,Bachelor,IT,6,2.6,17,8,33.8,Yes,Tier 1,5,2.11,High
12458,48,24,Bachelor,Sales,8,4.0,25,9,44.3,No,Tier 1,5,2.5,High
12459,31,6,PhD,HR,2,3.3,6,3,44.1,No,Tier 2,1,1.34,Low
12460,53,30,Bachelor,Sales,8,3.2,29,10,43.6,Yes,Tier 1,5,2.5,High
12461,37,16,Bachelor,HR,6,3.0,13,6,46.7,No,Tier 3,4,1.94,Low
12462,26,1,Bachelor,Finance,2,3.2,6,2,41.6,No,Tier 1,5,1.02,Low
12463,24,0,Bachelor,Finance,1,4.2,2,1,48.9,Yes,Tier 1,5,0.85,Low
12464,40,15,Bachelor,Marketing,5,3.6,16,7,38.6,Yes,Tier 1,2,1.95,Low
12465,47,27,Master,HR,7,2.7,24,9,50.2,No,Tier 2,2,2.5,High
12466,35,10,Bachelor,Operations,4,4.2,13,6,44.1,No,Tier 3,2,1.6,Low
12467,26,6,Master,Finance,2,4.6,7,4,42.6,Yes,Tier 2,3,1.31,Low
12468,34,9,Diploma,Sales,4,3.8,16,3,35.8,Yes,Tier 1,2,1.49,Low
12469,31,9,Master,IT,4,4.1,14,6,37.5,Yes,Tier 3,3,1.58,Low
12470,59,32,Master,IT,9,4.3,25,13,44.8,Yes,Tier 1,3,2.5,High
12471,29,8,Diploma,HR,3,2.4,10,5,39.4,No,Tier 2,4,1.24,Low
12472,46,24,PhD,Operations,8,4.7,24,11,48.0,Yes,Tier 1,2,2.5,High
12473,36,11,Bachelor,Marketing,4,4.2,11,6,44.4,Yes,Tier 1,5,1.77,Low
12474,25,4,PhD,Sales,2,3.8,9,3,35.9,Yes,Tier 1,1,1.21,Low
12475,30,9,Master,HR,4,3.4,13,5,46.8,No,Tier 1,5,1.65,Low
12476,23,0,Bachelor,IT,1,2.6,3,0,42.2,Yes,Tier 3,2,0.6,Low
12477,33,10,Diploma,HR,3,3.3,13,5,42.8,Yes,Tier 2,5,1.35,Low
12478,50,28,Bachelor,Sales,9,3.8,19,13,48.2,No,Tier 3,2,2.5,High
12479,26,3,High School,Operations,1,2.8,9,2,36.0,Yes,Tier 2,2,0.74,Low
12480,37,16,Diploma,Operations,5,3.5,18,8,37.4,Yes,Tier 2,5,1.81,Low
12481,39,19,Diploma,Finance,6,2.7,15,10,44.6,Yes,Tier 2,3,2.19,High
12482,55,34,Bachelor,Sales,9,3.2,31,14,34.5,No,Tier 3,4,2.5,High
12483,46,23,Master,Finance,6,2.6,16,10,40.0,No,Tier 1,4,2.45,High
12484,25,3,Diploma,Finance,1,2.6,3,1,47.9,Yes,Tier 1,4,0.86,Low
12485,49,24,Diploma,Finance,7,3.7,25,8,42.5,Yes,Tier 2,4,2.5,High
12486,57,31,Bachelor,HR,9,3.1,28,14,36.1,Yes,Tier 3,1,2.5,High
12487,40,14,Diploma,IT,4,3.2,14,7,43.9,No,Tier 3,2,1.73,Low
12488,41,15,High School,Operations,5,3.1,15,7,41.0,No,Tier 2,1,1.62,Low
12489,30,5,Diploma,HR,2,5.0,7,3,39.5,No,Tier 1,4,1.09,Low
12490,25,0,Master,IT,2,3.9,5,2,60.0,No,Tier 1,4,1.14,Low
12491,56,34,Master,Operations,9,4.0,29,15,45.9,No,Tier 3,5,2.5,High
12492,26,1,Bachelor,Sales,2,3.0,5,2,41.6,No,Tier 1,4,0.83,Low
12493,46,20,Master,Operations,6,3.8,16,9,47.5,No,Tier 1,2,2.42,High
12494,24,0,Bachelor,Operations,1,3.4,5,2,41.5,No,Tier 3,4,0.66,Low
12495,59,36,Master,Operations,10,3.0,31,13,40.4,Yes,Tier 1,4,2.5,High
12496,59,32,Master,Marketing,9,4.8,28,11,44.5,No,Tier 2,1,2.5,High
12497,55,28,Bachelor,Sales,9,3.9,24,13,45.5,No,Tier 2,2,2.5,High
12498,21,0,Bachelor,HR,2,3.8,2,2,47.6,No,Tier 1,3,0.96,Low
12499,44,20,High School,HR,6,2.9,16,7,50.1,Yes,Tier 1,5,2.15,High
12500,56,36,Bachelor,IT,10,2.7,33,13,48.9,No,Tier 1,3,2.5,High
