Employee_ID,Age,Experience_Years,Education,Department,Job_Level,Performance_Rating,Projects_Completed,Certifications,Weekly_Work_Hours,Remote_Work,City_Tier,Job_Satisfaction,Salary_LPA,Salary_Status
0,10001,59,34,Bachelor,Marketing,9,3.7,30,13,38.1,No,Tier 2,5,2.5,High
1,10002,49,29,Bachelor,HR,9,3.2,25,10,48.3,No,Tier 2,1,2.5,High
2,10003,35,10,Bachelor,IT,4,3.1,13,4,41.7,No,Tier 1,2,1.51,Low
3,10004,28,3,Master,Operations,1,3.1,7,3,41.8,No,Tier 1,4,0.93,Low
4,10005,41,18,Master,IT,5,2.6,18,7,47.2,No,Tier 1,5,2.19,High
5,10006,59,36,Diploma,Sales,10,3.2,34,13,34.6,Yes,Tier 3,2,2.5,High
6,10007,39,16,Bachelor,Finance,6,2.3,16,9,42.8,No,Tier 2,5,2.08,Low
7,10008,43,23,Bachelor,Marketing,6,4.3,19,8,42.9,Yes,Tier 1,4,2.47,High
8,10009,31,5,Master,Operations,2,4.6,7,0,41.6,Yes,Tier 1,1,1.26,Low
9,10010,31,8,Bachelor,Operations,4,2.0,10,3,40.3,No,Tier 2,4,1.33,Low
10,10011,44,17,Bachelor,HR,5,3.2,19,7,39.4,Yes,Tier 1,3,2.06,Low
11,10012,56,36,Diploma,IT,10,3.2,32,13,44.4,Yes,Tier 3,5,2.5,High
12,10013,60,37,Bachelor,HR,10,3.4,31,14,37.9,Yes,Tier 2,2,2.5,High
13,10014,44,20,Diploma,Finance,7,4.2,21,7,43.8,No,Tier 1,2,2.35,High
14,10015,23,0,Bachelor,Finance,1,3.2,4,0,40.2,No,Tier 2,4,0.81,Low
15,10016,42,15,Diploma,HR,4,3.4,19,6,40.6,No,Tier 1,4,1.75,Low
16,10017,22,0,Master,Marketing,2,5.0,3,1,44.0,No,Tier 3,4,0.91,Low
17,10018,44,23,Diploma,Finance,6,3.4,19,12,40.5,Yes,Tier 1,2,2.43,High
18,10019,50,25,Bachelor,HR,8,4.6,26,12,49.3,Yes,Tier 3,1,2.5,High
19,10020,58,33,Master,IT,9,3.8,28,10,42.3,Yes,Tier 2,2,2.5,High
20,10021,22,0,Diploma,HR,2,3.1,4,0,48.2,Yes,Tier 3,1,0.69,Low
21,10022,41,15,Bachelor,HR,5,3.0,15,6,39.2,Yes,Tier 1,4,1.95,Low
22,10023,53,31,Bachelor,Sales,8,3.5,28,14,39.1,Yes,Tier 1,3,2.5,High
23,10024,32,6,High School,Finance,2,2.8,7,4,34.7,Yes,Tier 2,2,0.9,Low
24,10025,42,19,Master,Marketing,5,2.9,14,8,40.5,No,Tier 2,4,2.05,Low
25,10026,45,20,High School,Marketing,6,3.2,16,8,41.8,No,Tier 1,2,2.21,High
26,10027,47,20,Bachelor,Sales,7,3.7,22,9,43.4,No,Tier 1,4,2.43,High
27,10028,48,27,Bachelor,Operations,8,4.7,26,11,46.5,No,Tier 1,2,2.5,High
28,10029,36,9,Bachelor,Marketing,3,3.2,15,7,46.1,Yes,Tier 2,5,1.47,Low
29,10030,35,8,Master,HR,3,3.8,7,2,48.7,No,Tier 1,2,1.44,Low
30,10031,23,0,Bachelor,Sales,2,2.4,3,2,38.6,Yes,Tier 1,5,0.89,Low
31,10032,57,31,High School,IT,8,4.2,31,11,43.2,No,Tier 1,1,2.5,High
32,10033,27,6,Master,Finance,2,2.4,6,4,38.0,No,Tier 1,2,1.19,Low
33,10034,41,21,Bachelor,Finance,6,4.0,19,9,45.1,No,Tier 1,1,2.33,High
34,10035,29,5,Master,Finance,2,3.4,6,4,52.0,No,Tier 3,3,1.3,Low
35,10036,59,34,Master,HR,10,3.4,29,14,37.0,No,Tier 1,5,2.5,High
36,10037,38,15,Master,IT,5,3.3,16,8,46.4,No,Tier 3,2,2.0,Low
37,10038,24,4,Bachelor,Sales,2,2.7,2,5,48.2,Yes,Tier 1,1,1.07,Low
38,10039,45,21,Bachelor,Sales,7,2.7,24,9,38.5,No,Tier 1,4,2.39,High
39,10040,34,11,Master,Finance,3,4.0,9,5,45.2,Yes,Tier 1,1,1.62,Low
40,10041,29,2,Bachelor,IT,1,3.5,1,1,41.2,No,Tier 2,2,0.72,Low
41,10042,46,24,Diploma,IT,7,3.3,22,10,42.4,Yes,Tier 2,3,2.5,High
42,10043,22,0,Master,IT,2,3.8,2,3,41.0,Yes,Tier 2,5,0.98,Low
43,10044,40,19,Master,Marketing,6,3.6,18,6,41.9,No,Tier 1,4,2.3,High
44,10045,48,27,Bachelor,Marketing,8,3.0,25,12,48.8,Yes,Tier 3,1,2.5,High
45,10046,27,5,High School,Finance,3,5.0,9,3,42.6,No,Tier 3,2,1.08,Low
46,10047,28,8,Bachelor,IT,4,4.0,14,3,40.0,Yes,Tier 1,2,1.53,Low
47,10048,55,31,Master,Operations,8,3.6,26,11,43.3,No,Tier 2,5,2.5,High
48,10049,34,11,Master,IT,3,3.2,14,4,32.4,No,Tier 2,4,1.54,Low
49,10050,37,16,Diploma,Sales,6,4.1,18,6,38.9,No,Tier 1,1,1.92,Low
50,10051,56,36,High School,Sales,10,3.0,25,14,49.2,Yes,Tier 1,1,2.5,High
51,10052,60,38,Master,Finance,10,2.9,31,15,42.3,Yes,Tier 2,1,2.5,High
52,10053,24,0,Bachelor,Operations,1,4.6,1,4,40.6,No,Tier 3,5,0.75,Low
53,10054,22,0,Bachelor,IT,2,3.5,4,1,43.9,Yes,Tier 1,5,0.97,Low
54,10055,26,0,PhD,Operations,1,3.0,4,2,46.7,Yes,Tier 2,4,0.9,Low
55,10056,24,0,High School,Finance,1,3.5,4,1,49.6,No,Tier 3,1,0.58,Low
56,10057,49,28,Bachelor,Sales,9,4.1,25,11,40.7,No,Tier 1,1,2.5,High
57,10058,38,11,High School,Sales,3,3.9,11,3,40.9,Yes,Tier 1,4,1.41,Low
58,10059,46,19,Bachelor,Marketing,5,4.1,18,6,41.9,Yes,Tier 2,4,2.08,Low
59,10060,54,32,Master,Finance,10,2.7,28,13,48.1,Yes,Tier 1,4,2.5,High
60,10061,30,7,Bachelor,Finance,2,4.1,11,2,43.3,No,Tier 1,2,1.27,Low
61,10062,56,29,PhD,IT,9,3.4,24,12,53.8,Yes,Tier 1,4,2.5,High
62,10063,34,8,Bachelor,IT,3,3.6,7,3,42.2,No,Tier 1,3,1.47,Low
63,10064,51,24,Bachelor,Marketing,8,4.3,23,7,51.8,Yes,Tier 3,5,2.5,High
64,10065,35,9,Diploma,HR,4,4.0,9,1,38.5,Yes,Tier 2,4,1.19,Low
65,10066,28,4,Bachelor,Operations,2,3.7,3,5,36.1,No,Tier 1,2,1.03,Low
66,10067,34,13,Bachelor,HR,5,2.2,15,4,42.5,Yes,Tier 2,3,1.64,Low
67,10068,43,22,High School,HR,6,3.5,19,9,48.7,No,Tier 3,2,2.17,High
68,10069,60,37,Bachelor,Finance,10,3.0,30,14,40.6,No,Tier 1,2,2.5,High
69,10070,41,14,Bachelor,Operations,5,4.0,14,5,39.9,Yes,Tier 1,2,1.88,Low
70,10071,36,9,Master,Finance,3,4.1,8,4,48.1,No,Tier 3,2,1.5,Low
71,10072,38,13,Master,Operations,5,3.3,13,6,46.5,Yes,Tier 3,1,1.88,Low
72,10073,44,24,Master,Sales,7,3.1,21,10,39.0,Yes,Tier 1,5,2.5,High
73,10074,46,22,High School,Finance,6,4.5,19,8,38.7,Yes,Tier 1,1,2.31,High
74,10075,45,24,Diploma,Finance,8,3.1,21,10,47.1,No,Tier 1,3,2.5,High
75,10076,49,25,Master,Finance,7,2.7,25,10,34.8,Yes,Tier 1,1,2.5,High
76,10077,35,14,Bachelor,Marketing,4,3.0,15,5,48.4,No,Tier 2,3,1.74,Low
77,10078,21,0,High School,Finance,1,3.1,1,3,46.5,No,Tier 1,4,0.68,Low
78,10079,45,23,Master,IT,6,2.9,24,9,31.6,Yes,Tier 1,3,2.39,High
79,10080,27,1,Master,IT,1,4.0,5,0,43.1,No,Tier 2,1,0.94,Low
80,10081,29,8,Bachelor,Operations,3,2.1,11,5,33.1,No,Tier 3,1,1.18,Low
81,10082,44,20,High School,Sales,6,2.9,21,7,37.0,No,Tier 1,3,2.22,High
82,10083,21,0,Master,Marketing,1,3.5,3,1,40.5,No,Tier 1,1,0.78,Low
83,10084,28,8,Bachelor,Operations,4,3.6,11,4,36.7,No,Tier 3,3,1.37,Low
84,10085,44,22,Master,IT,6,4.6,19,8,54.1,Yes,Tier 2,2,2.5,High
85,10086,31,9,Master,Marketing,3,4.5,12,7,47.3,No,Tier 1,5,1.6,Low
86,10087,37,17,Master,Marketing,6,2.5,17,5,49.8,No,Tier 1,3,2.17,High
87,10088,28,4,Bachelor,Sales,3,2.3,3,3,42.3,No,Tier 1,2,1.09,Low
88,10089,55,28,Diploma,Marketing,9,3.5,28,11,43.2,No,Tier 2,2,2.5,High
89,10090,55,32,Master,Finance,9,3.1,28,12,50.9,No,Tier 1,2,2.5,High
90,10091,53,33,Bachelor,Marketing,10,2.7,29,12,45.2,No,Tier 1,2,2.5,High
91,10092,25,1,Master,Sales,2,3.5,3,1,46.1,No,Tier 1,3,1.0,Low
92,10093,59,39,Diploma,Operations,10,3.6,33,14,38.4,Yes,Tier 1,1,2.5,High
93,10094,48,28,Diploma,Sales,8,3.0,26,10,38.4,No,Tier 2,2,2.5,High
94,10095,27,6,Master,Sales,3,3.1,5,5,44.3,Yes,Tier 1,4,1.35,Low
95,10096,29,5,Master,IT,3,3.0,3,3,44.9,Yes,Tier 1,2,1.4,Low
96,10097,28,5,Master,Finance,2,3.2,4,6,38.0,Yes,Tier 3,1,1.15,Low
97,10098,32,6,Master,IT,2,3.9,9,4,44.8,Yes,Tier 2,1,1.28,Low
98,10099,54,33,Bachelor,Operations,9,2.8,29,9,36.9,Yes,Tier 1,5,2.5,High
99,10100,53,33,Master,HR,9,3.1,32,14,43.1,No,Tier 2,5,2.5,High
100,10101,43,17,Master,Operations,5,3.2,16,7,35.8,Yes,Tier 1,2,1.97,Low
101,10102,44,19,Bachelor,Finance,6,3.5,20,6,49.6,No,Tier 2,2,2.3,High
102,10103,57,31,Bachelor,Marketing,8,3.7,26,13,41.4,Yes,Tier 2,5,2.5,High
103,10104,55,35,Diploma,Sales,9,4.8,30,13,39.5,Yes,Tier 2,2,2.5,High
104,10105,60,40,Bachelor,HR,10,3.9,35,14,37.3,Yes,Tier 2,4,2.5,High
105,10106,42,15,Master,Finance,4,3.9,15,7,36.8,Yes,Tier 1,3,2.02,Low
106,10107,47,23,Bachelor,IT,6,3.3,21,11,45.2,No,Tier 2,5,2.45,High
107,10108,55,31,Diploma,Sales,9,2.9,26,12,48.0,No,Tier 1,5,2.5,High
108,10109,21,0,Bachelor,Operations,1,3.2,1,2,47.5,Yes,Tier 1,1,0.8,Low
109,10110,55,32,Diploma,IT,10,3.0,30,11,50.0,No,Tier 3,2,2.5,High
110,10111,57,36,Diploma,Finance,10,3.8,33,15,51.7,No,Tier 2,5,2.5,High
111,10112,34,12,Bachelor,Finance,5,2.4,11,6,47.8,Yes,Tier 3,5,1.7,Low
112,10113,23,3,Master,Operations,2,3.9,6,2,40.5,Yes,Tier 1,4,1.04,Low
113,10114,21,0,Bachelor,HR,1,3.4,3,1,43.8,No,Tier 2,2,0.71,Low
114,10115,25,0,Diploma,Operations,1,4.0,6,3,31.7,Yes,Tier 1,3,0.73,Low
115,10116,46,26,High School,Marketing,7,3.0,21,10,46.2,No,Tier 2,4,2.5,High
116,10117,34,14,Master,IT,4,2.9,14,7,43.7,No,Tier 1,3,1.9,Low
117,10118,59,38,Bachelor,HR,10,3.2,33,14,51.0,No,Tier 1,1,2.5,High
118,10119,47,22,Master,Sales,7,3.2,21,10,39.3,Yes,Tier 1,5,2.5,High
119,10120,29,4,Master,Marketing,2,4.0,10,3,45.6,No,Tier 2,4,1.2,Low
120,10121,35,10,Master,HR,3,4.0,11,4,38.0,Yes,Tier 1,3,1.52,Low
121,10122,35,14,Bachelor,IT,5,4.7,16,6,42.4,No,Tier 3,2,1.88,Low
122,10123,46,26,Master,Finance,7,3.2,23,8,34.8,No,Tier 1,1,2.5,High
123,10124,33,12,Bachelor,Sales,5,1.3,15,5,49.8,Yes,Tier 1,1,1.68,Low
124,10125,52,28,PhD,Operations,8,3.2,27,9,48.3,No,Tier 1,5,2.5,High
125,10126,59,35,Bachelor,IT,10,3.6,30,16,40.6,Yes,Tier 3,5,2.5,High
126,10127,52,31,Bachelor,Marketing,8,4.0,27,10,44.3,Yes,Tier 1,3,2.5,High
127,10128,24,0,Bachelor,Marketing,2,3.7,4,5,43.2,No,Tier 1,3,0.96,Low
128,10129,50,23,Diploma,Finance,7,3.2,20,10,39.9,No,Tier 2,1,2.44,High
129,10130,57,37,Master,Finance,10,4.6,33,13,43.6,No,Tier 1,3,2.5,High
130,10131,43,22,Diploma,Sales,6,2.8,20,10,40.8,Yes,Tier 2,5,2.29,High
131,10132,59,38,Bachelor,Operations,10,3.3,34,13,47.9,No,Tier 1,1,2.5,High
132,10133,35,14,Bachelor,Sales,5,2.8,14,4,41.9,Yes,Tier 2,1,1.78,Low
133,10134,49,22,Master,Finance,7,3.5,19,9,55.0,No,Tier 1,2,2.5,High
134,10135,56,29,Master,Finance,9,4.5,29,12,42.6,No,Tier 2,2,2.5,High
135,10136,33,11,Master,Marketing,3,3.4,12,7,43.6,No,Tier 2,3,1.59,Low
136,10137,52,28,Master,Finance,8,3.4,25,11,45.6,No,Tier 2,3,2.5,High
137,10138,27,1,Diploma,HR,2,2.4,5,1,47.2,No,Tier 2,5,0.91,Low
138,10139,42,17,High School,IT,5,3.3,12,9,43.4,No,Tier 3,5,1.88,Low
139,10140,48,25,Master,Finance,8,4.2,28,11,45.5,No,Tier 1,2,2.5,High
140,10141,22,0,Bachelor,Sales,1,3.3,3,2,43.9,No,Tier 1,1,0.84,Low
141,10142,26,0,Bachelor,Operations,1,3.3,1,3,39.1,No,Tier 2,4,0.77,Low
142,10143,48,21,High School,Operations,7,4.2,23,11,37.8,No,Tier 2,4,2.33,High
143,10144,48,23,Bachelor,Operations,6,3.3,20,9,46.5,No,Tier 1,3,2.46,High
144,10145,40,17,High School,HR,5,4.3,19,6,50.6,Yes,Tier 2,4,1.91,Low
145,10146,50,28,Master,Sales,8,2.7,26,10,34.8,Yes,Tier 1,4,2.5,High
146,10147,31,10,Diploma,HR,3,3.9,7,3,35.8,No,Tier 2,2,1.25,Low
147,10148,48,26,Bachelor,Finance,7,4.6,24,11,35.8,No,Tier 3,1,2.5,High
148,10149,45,18,High School,IT,6,4.2,18,6,46.9,No,Tier 2,5,2.12,High
149,10150,59,37,Master,Operations,10,2.3,35,15,47.3,Yes,Tier 1,2,2.5,High
150,10151,53,27,Bachelor,Sales,8,3.1,26,10,38.1,Yes,Tier 2,5,2.5,High
151,10152,21,1,Master,Operations,1,3.3,1,3,54.0,No,Tier 2,2,0.98,Low
152,10153,47,20,Master,HR,6,4.2,22,5,41.1,No,Tier 1,2,2.37,High
153,10154,33,6,Bachelor,Marketing,3,2.6,7,3,50.2,Yes,Tier 2,4,1.26,Low
154,10155,23,0,Master,Finance,2,2.8,7,0,47.0,No,Tier 3,5,0.87,Low
155,10156,59,35,PhD,IT,9,2.5,30,15,38.2,No,Tier 1,2,2.5,High
156,10157,26,3,Master,Finance,1,3.0,5,5,40.9,Yes,Tier 1,4,1.02,Low
157,10158,28,7,Master,Marketing,3,2.7,7,1,38.6,Yes,Tier 1,3,1.35,Low
158,10159,47,21,Diploma,IT,7,4.5,19,10,36.3,Yes,Tier 2,5,2.44,High
159,10160,29,6,Bachelor,Marketing,3,3.1,6,5,41.7,Yes,Tier 3,2,1.25,Low
160,10161,57,32,High School,Finance,10,3.9,32,13,37.0,No,Tier 2,3,2.5,High
161,10162,53,30,High School,HR,8,3.5,24,12,42.1,Yes,Tier 1,4,2.5,High
162,10163,44,19,PhD,Finance,5,3.5,20,8,52.7,Yes,Tier 2,2,2.4,High
163,10164,35,9,Bachelor,Finance,3,3.1,12,6,46.5,No,Tier 2,4,1.57,Low
164,10165,52,25,Master,Finance,7,4.0,26,9,40.2,No,Tier 2,4,2.5,High
165,10166,52,25,Master,Sales,7,3.6,23,11,39.8,No,Tier 1,4,2.5,High
166,10167,44,20,Master,Marketing,7,3.6,16,8,41.0,Yes,Tier 2,5,2.43,High
167,10168,32,6,PhD,Marketing,3,3.1,7,4,53.4,No,Tier 1,3,1.43,Low
168,10169,59,34,Diploma,Operations,10,3.2,32,14,37.6,No,Tier 1,3,2.5,High
169,10170,22,0,High School,Marketing,1,3.9,3,0,43.0,No,Tier 2,1,0.55,Low
170,10171,23,0,Bachelor,Operations,2,3.6,4,0,45.3,No,Tier 3,2,0.8,Low
171,10172,57,32,Diploma,Sales,9,3.6,32,12,49.1,No,Tier 1,4,2.5,High
172,10173,37,15,High School,HR,4,3.0,16,8,41.3,No,Tier 3,2,1.54,Low
173,10174,22,0,Bachelor,Operations,1,4.8,3,0,38.2,No,Tier 1,3,0.78,Low
174,10175,22,2,Master,Finance,2,3.2,1,2,44.4,Yes,Tier 2,3,1.02,Low
175,10176,48,21,Bachelor,HR,6,3.5,18,8,49.6,Yes,Tier 1,4,2.37,High
176,10177,43,22,Bachelor,Sales,6,3.4,20,8,41.6,Yes,Tier 1,5,2.41,High
177,10178,57,34,Master,Marketing,10,4.8,25,13,38.8,Yes,Tier 2,4,2.5,High
178,10179,52,31,Diploma,Operations,8,3.3,25,13,43.6,Yes,Tier 2,4,2.5,High
179,10180,53,33,High School,Finance,10,3.3,29,12,34.9,No,Tier 2,1,2.5,High
180,10181,21,0,Master,IT,1,3.6,3,3,41.9,Yes,Tier 2,5,0.9,Low
181,10182,39,18,Bachelor,IT,6,3.0,19,8,48.9,No,Tier 2,2,2.24,High
182,10183,22,2,Master,HR,1,3.6,4,2,47.4,No,Tier 3,5,0.88,Low
183,10184,46,19,High School,Marketing,5,5.0,19,8,42.3,Yes,Tier 2,4,2.08,Low
184,10185,52,27,Master,IT,8,3.7,24,13,51.3,No,Tier 1,4,2.5,High
185,10186,26,4,Bachelor,HR,2,3.7,6,4,52.5,Yes,Tier 1,4,1.22,Low
186,10187,52,25,Bachelor,Sales,8,3.0,24,9,46.3,No,Tier 1,4,2.5,High
187,10188,24,1,Bachelor,HR,1,4.6,7,2,35.7,No,Tier 2,4,0.78,Low
188,10189,31,11,Master,HR,4,4.8,11,5,33.6,Yes,Tier 1,5,1.66,Low
189,10190,37,16,Bachelor,HR,5,4.1,16,8,49.9,No,Tier 1,4,2.1,High
190,10191,58,35,Bachelor,Finance,9,3.9,33,13,44.2,No,Tier 1,3,2.5,High
191,10192,44,22,PhD,HR,6,3.3,17,11,51.2,Yes,Tier 2,3,2.5,High
192,10193,25,0,Master,Operations,2,3.8,8,1,36.3,No,Tier 1,1,0.85,Low
193,10194,54,28,Bachelor,HR,9,3.0,28,9,42.2,No,Tier 1,2,2.5,High
194,10195,26,3,Master,Finance,2,2.8,1,3,48.1,Yes,Tier 2,3,1.02,Low
195,10196,42,16,Bachelor,Finance,6,2.5,17,6,39.4,No,Tier 2,1,1.94,Low
196,10197,31,11,Diploma,Sales,4,3.8,10,3,48.1,Yes,Tier 1,5,1.58,Low
197,10198,36,14,Bachelor,Marketing,4,2.6,13,5,42.4,No,Tier 2,2,1.63,Low
198,10199,53,32,Master,IT,9,3.2,29,12,43.1,Yes,Tier 1,4,2.5,High
199,10200,29,7,Master,IT,2,3.5,11,5,37.1,No,Tier 3,4,1.29,Low
200,10201,26,4,Bachelor,HR,2,4.1,5,1,44.3,No,Tier 1,5,1.09,Low
201,10202,36,12,Bachelor,Sales,4,3.1,11,6,54.0,Yes,Tier 3,2,1.61,Low
202,10203,49,27,Diploma,HR,8,4.2,26,13,44.9,Yes,Tier 3,3,2.5,High
203,10204,23,1,PhD,IT,1,4.1,5,2,39.0,Yes,Tier 2,2,0.97,Low
204,10205,40,13,PhD,Finance,5,2.8,11,6,50.0,No,Tier 1,1,1.99,Low
205,10206,56,33,Bachelor,Marketing,9,4.2,34,13,39.2,Yes,Tier 2,5,2.5,High
206,10207,39,18,Master,Sales,6,3.3,16,8,51.6,No,Tier 1,3,2.28,High
207,10208,46,19,Master,Finance,6,3.2,21,10,36.6,No,Tier 3,2,2.27,High
208,10209,23,0,Bachelor,Marketing,2,3.3,4,1,44.4,No,Tier 2,2,0.78,Low
209,10210,39,16,High School,Sales,5,3.5,17,8,50.6,Yes,Tier 3,3,1.94,Low
210,10211,40,17,Bachelor,Sales,5,3.2,15,8,38.7,Yes,Tier 2,1,1.93,Low
211,10212,52,32,Master,IT,9,3.0,24,12,43.4,No,Tier 2,1,2.5,High
212,10213,27,4,Master,Finance,2,3.0,6,3,48.8,No,Tier 2,2,1.13,Low
213,10214,53,29,Bachelor,Sales,9,3.6,26,11,31.7,No,Tier 1,4,2.5,High
214,10215,60,36,PhD,Operations,10,3.4,29,12,47.6,No,Tier 2,3,2.5,High
215,10216,59,32,Diploma,Sales,10,3.8,31,12,42.6,Yes,Tier 2,1,2.5,High
216,10217,38,12,Bachelor,Marketing,5,3.5,12,7,50.2,No,Tier 3,1,1.68,Low
217,10218,60,40,Master,IT,10,3.6,33,16,38.9,Yes,Tier 2,1,2.5,High
218,10219,21,0,Master,HR,2,3.9,4,1,36.1,No,Tier 3,5,0.8,Low
219,10220,31,5,Bachelor,IT,2,4.4,9,3,40.3,No,Tier 3,4,1.21,Low
220,10221,48,21,Bachelor,HR,7,4.4,18,10,40.2,Yes,Tier 2,1,2.48,High
221,10222,45,20,Diploma,Finance,7,4.4,22,9,42.0,No,Tier 1,4,2.38,High
222,10223,43,16,Bachelor,Finance,6,4.1,21,8,40.7,No,Tier 2,2,2.11,High
223,10224,51,30,Bachelor,Sales,8,4.9,24,12,33.0,No,Tier 1,2,2.5,High
224,10225,50,29,Diploma,Operations,8,3.8,26,11,42.5,Yes,Tier 1,5,2.5,High
225,10226,55,32,Master,Finance,10,3.7,29,12,44.2,Yes,Tier 1,4,2.5,High
226,10227,27,4,Bachelor,Sales,3,5.0,12,1,42.0,Yes,Tier 3,3,1.23,Low
227,10228,36,11,Master,IT,4,1.7,10,6,44.4,Yes,Tier 1,5,1.71,Low
228,10229,46,23,Master,Finance,6,3.4,19,9,43.4,No,Tier 2,1,2.48,High
229,10230,22,1,Diploma,IT,1,4.3,1,0,36.1,No,Tier 3,2,0.62,Low
230,10231,21,0,High School,IT,1,4.1,6,1,41.5,Yes,Tier 2,2,0.7,Low
231,10232,32,5,Master,Operations,3,5.0,5,4,43.6,No,Tier 2,3,1.23,Low
232,10233,25,3,Bachelor,Finance,1,3.6,3,0,41.8,No,Tier 2,5,0.91,Low
233,10234,57,33,Master,IT,10,3.2,30,11,35.5,Yes,Tier 1,4,2.5,High
234,10235,52,30,Master,Operations,8,3.3,28,12,49.1,Yes,Tier 1,2,2.5,High
235,10236,29,7,Master,Operations,3,3.7,11,6,38.1,Yes,Tier 3,1,1.42,Low
236,10237,55,34,PhD,Finance,10,4.6,30,14,36.8,No,Tier 1,3,2.5,High
237,10238,39,17,Bachelor,Operations,5,4.6,17,9,43.2,No,Tier 2,3,2.12,High
238,10239,36,9,Bachelor,Finance,4,3.5,10,5,41.4,No,Tier 2,3,1.53,Low
239,10240,23,0,Bachelor,Finance,2,3.7,1,1,46.0,Yes,Tier 1,1,0.83,Low
240,10241,40,20,Diploma,HR,7,3.1,19,9,47.4,No,Tier 3,3,2.26,High
241,10242,44,21,Bachelor,IT,6,3.2,20,7,46.6,Yes,Tier 2,4,2.28,High
242,10243,53,33,Bachelor,Marketing,10,4.2,28,11,43.0,No,Tier 1,4,2.5,High
243,10244,44,18,Master,Finance,5,4.5,13,6,45.8,No,Tier 3,5,2.09,Low
244,10245,31,4,Bachelor,IT,2,3.0,3,4,35.2,Yes,Tier 2,5,1.01,Low
245,10246,28,1,Bachelor,Operations,2,3.7,4,1,48.5,No,Tier 2,4,0.95,Low
246,10247,56,32,Bachelor,Sales,9,3.3,31,13,41.0,No,Tier 2,1,2.5,High
247,10248,58,31,High School,Finance,9,4.1,32,12,52.8,No,Tier 1,5,2.5,High
248,10249,60,37,High School,Operations,10,3.2,32,15,48.6,Yes,Tier 2,3,2.5,High
249,10250,40,13,Bachelor,Operations,5,2.2,12,5,42.0,No,Tier 1,4,1.71,Low
250,10251,55,33,High School,Operations,9,4.2,28,12,43.1,No,Tier 2,2,2.5,High
251,10252,45,21,Bachelor,Operations,7,3.3,17,9,48.9,No,Tier 2,1,2.34,High
252,10253,55,32,Master,Operations,10,3.4,31,12,31.7,Yes,Tier 3,1,2.5,High
253,10254,45,20,Master,Finance,7,3.8,24,5,42.2,No,Tier 2,4,2.43,High
254,10255,49,24,Master,Marketing,8,3.7,20,8,51.5,Yes,Tier 1,2,2.5,High
255,10256,38,13,Diploma,HR,4,3.8,10,4,47.2,No,Tier 3,1,1.55,Low
256,10257,38,13,Master,Operations,4,2.4,16,5,38.8,Yes,Tier 2,5,1.74,Low
257,10258,22,0,Master,Operations,2,3.9,4,2,44.6,Yes,Tier 2,2,0.92,Low
258,10259,55,28,Diploma,HR,8,2.3,26,11,38.1,No,Tier 1,3,2.5,High
259,10260,36,16,Master,Finance,6,4.0,20,7,41.3,Yes,Tier 3,5,2.19,High
260,10261,56,33,Bachelor,IT,10,4.2,26,15,44.7,No,Tier 3,2,2.5,High
261,10262,53,31,Master,Sales,8,2.6,24,13,45.5,No,Tier 2,4,2.5,High
262,10263,24,0,PhD,Sales,1,3.7,3,2,46.6,Yes,Tier 3,1,0.91,Low
263,10264,53,27,High School,IT,8,4.2,25,9,49.2,Yes,Tier 1,5,2.5,High
264,10265,34,7,Master,Finance,2,3.2,8,4,37.0,No,Tier 3,4,1.21,Low
265,10266,41,21,Bachelor,Sales,7,3.9,26,9,43.1,Yes,Tier 2,2,2.5,High
266,10267,40,14,PhD,HR,4,1.7,13,6,38.7,No,Tier 1,3,1.73,Low
267,10268,28,4,Bachelor,IT,2,4.2,5,5,41.0,No,Tier 2,1,1.1,Low
268,10269,27,1,Master,Marketing,1,3.5,4,2,39.2,No,Tier 2,1,0.87,Low
269,10270,23,0,High School,Finance,1,3.3,5,0,45.5,No,Tier 1,5,0.68,Low
270,10271,37,13,Bachelor,IT,4,4.1,12,5,48.3,Yes,Tier 1,4,1.88,Low
271,10272,53,28,High School,Sales,9,4.6,25,14,48.5,No,Tier 1,2,2.5,High
272,10273,32,8,PhD,Finance,3,3.8,12,4,37.5,No,Tier 1,2,1.58,Low
273,10274,42,21,Master,HR,6,4.5,22,6,42.4,No,Tier 1,4,2.38,High
274,10275,42,19,Master,Finance,6,2.5,19,7,37.3,No,Tier 1,1,2.27,High
275,10276,50,27,PhD,Finance,8,3.9,31,8,37.2,No,Tier 1,4,2.5,High
276,10277,58,33,High School,HR,10,3.4,34,14,39.7,No,Tier 3,2,2.5,High
277,10278,58,37,Bachelor,Operations,10,3.0,29,11,44.7,Yes,Tier 2,4,2.5,High
278,10279,28,2,High School,HR,1,2.2,1,0,45.6,No,Tier 1,1,0.62,Low
279,10280,47,25,Diploma,Finance,8,3.9,25,10,46.3,Yes,Tier 3,5,2.5,High
280,10281,47,21,Diploma,HR,7,4.1,23,10,46.0,Yes,Tier 2,1,2.33,High
281,10282,54,27,Bachelor,Operations,8,4.4,24,10,38.8,Yes,Tier 2,3,2.5,High
282,10283,41,19,Bachelor,IT,6,4.3,17,6,48.9,Yes,Tier 2,3,2.33,High
283,10284,50,26,Diploma,HR,7,3.0,22,10,47.0,Yes,Tier 1,4,2.5,High
284,10285,53,33,Diploma,HR,9,4.3,26,12,40.9,No,Tier 1,1,2.5,High
285,10286,48,26,Diploma,Finance,7,4.4,27,12,41.1,Yes,Tier 1,1,2.5,High
286,10287,53,33,PhD,IT,9,3.3,28,14,39.7,No,Tier 2,2,2.5,High
287,10288,25,2,Master,Marketing,1,3.5,5,2,36.5,Yes,Tier 2,5,0.9,Low
288,10289,39,19,PhD,Marketing,6,2.9,14,9,46.3,Yes,Tier 2,1,2.28,High
289,10290,24,1,Bachelor,Sales,1,4.5,6,2,47.1,Yes,Tier 1,4,0.97,Low
290,10291,55,34,Bachelor,HR,10,2.5,32,14,38.4,Yes,Tier 2,2,2.5,High
291,10292,37,16,Master,HR,6,3.8,12,8,36.8,Yes,Tier 2,2,2.1,High
292,10293,48,23,Bachelor,IT,7,3.1,22,10,38.3,No,Tier 3,4,2.5,High
293,10294,50,25,Bachelor,Operations,7,2.8,23,11,43.6,No,Tier 1,4,2.5,High
294,10295,49,25,Diploma,Marketing,8,2.3,22,10,36.1,Yes,Tier 3,1,2.47,High
295,10296,26,4,Diploma,Sales,2,3.4,1,2,48.6,Yes,Tier 3,1,0.84,Low
296,10297,55,31,Bachelor,IT,9,2.7,26,12,48.3,Yes,Tier 2,2,2.5,High
297,10298,57,34,Bachelor,HR,9,3.5,31,12,45.1,No,Tier 2,2,2.5,High
298,10299,44,20,Master,Marketing,7,4.7,18,9,47.0,No,Tier 1,5,2.5,High
299,10300,49,29,High School,Sales,8,3.6,26,11,43.3,Yes,Tier 3,2,2.5,High
300,10301,51,28,Diploma,Finance,9,4.8,29,11,45.3,Yes,Tier 1,4,2.5,High
301,10302,55,30,Master,Marketing,9,2.9,27,10,36.5,No,Tier 2,4,2.5,High
302,10303,53,32,Diploma,Sales,10,2.7,23,13,50.0,Yes,Tier 1,5,2.5,High
303,10304,41,16,Bachelor,IT,6,2.8,15,5,40.6,No,Tier 1,3,2.04,Low
304,10305,52,30,Master,Finance,8,3.5,27,13,42.4,Yes,Tier 2,3,2.5,High
305,10306,43,20,Diploma,Sales,6,5.0,17,9,55.4,No,Tier 3,4,2.31,High
306,10307,53,30,High School,Sales,8,2.4,29,12,41.9,No,Tier 2,3,2.5,High
307,10308,23,3,Bachelor,HR,2,3.9,2,3,46.7,No,Tier 3,3,1.04,Low
308,10309,38,16,Bachelor,Operations,6,3.0,15,7,45.6,No,Tier 2,5,2.04,Low
309,10310,45,24,Bachelor,Marketing,8,3.4,19,9,36.3,Yes,Tier 1,2,2.5,High
310,10311,51,25,Master,HR,8,2.7,22,10,38.0,No,Tier 1,2,2.5,High
311,10312,23,0,Diploma,Finance,2,4.1,5,4,53.2,Yes,Tier 2,3,0.96,Low
312,10313,60,37,Bachelor,Operations,10,3.5,32,14,45.9,No,Tier 1,1,2.5,High
313,10314,44,24,Bachelor,Sales,7,4.2,22,8,42.9,No,Tier 2,5,2.5,High
314,10315,52,28,Diploma,HR,8,3.6,25,9,40.3,Yes,Tier 1,3,2.5,High
315,10316,42,15,Bachelor,Operations,4,2.2,15,5,44.6,Yes,Tier 1,1,1.76,Low
316,10317,43,22,Bachelor,Marketing,6,4.2,22,8,45.1,No,Tier 2,1,2.43,High
317,10318,22,0,Bachelor,Finance,1,2.2,5,3,44.1,No,Tier 2,5,0.7,Low
318,10319,47,25,High School,IT,7,2.3,27,9,48.3,No,Tier 1,2,2.5,High
319,10320,22,0,Bachelor,HR,1,2.9,3,3,38.7,Yes,Tier 1,4,0.73,Low
320,10321,46,23,Bachelor,Finance,6,2.9,17,9,38.0,Yes,Tier 1,1,2.36,High
321,10322,37,12,Master,IT,5,4.4,15,6,48.2,Yes,Tier 1,4,2.1,High
322,10323,60,39,High School,HR,10,3.4,38,15,53.6,No,Tier 2,4,2.5,High
323,10324,53,26,Bachelor,Finance,8,4.3,30,11,47.2,No,Tier 2,5,2.5,High
324,10325,29,5,Bachelor,Finance,3,3.1,11,3,49.5,No,Tier 1,2,1.31,Low
325,10326,59,36,Master,Operations,10,3.7,31,11,42.6,No,Tier 1,5,2.5,High
326,10327,49,22,Bachelor,HR,7,3.8,21,8,44.3,No,Tier 1,1,2.39,High
327,10328,46,25,Master,Finance,8,4.0,22,9,44.3,No,Tier 1,2,2.5,High
328,10329,55,30,Master,Sales,8,3.2,26,12,42.7,No,Tier 2,3,2.5,High
329,10330,45,25,Master,HR,7,3.3,23,10,50.1,No,Tier 1,2,2.5,High
330,10331,44,20,Bachelor,Finance,7,3.3,22,8,48.6,Yes,Tier 1,5,2.5,High
331,10332,33,11,Bachelor,Operations,3,2.4,8,7,41.0,No,Tier 2,5,1.41,Low
332,10333,27,4,Master,IT,2,3.4,4,2,34.8,Yes,Tier 1,4,1.08,Low
333,10334,56,35,PhD,IT,9,3.3,34,10,42.7,Yes,Tier 2,3,2.5,High
334,10335,40,20,Master,Sales,6,3.9,23,8,37.2,No,Tier 2,2,2.25,High
335,10336,21,0,Bachelor,HR,1,3.6,1,3,43.1,No,Tier 1,3,0.73,Low
336,10337,28,2,Diploma,Operations,2,4.4,9,3,37.6,No,Tier 2,4,0.91,Low
337,10338,36,15,Bachelor,Finance,4,3.5,17,6,49.3,Yes,Tier 2,3,1.87,Low
338,10339,34,13,Master,Finance,5,3.1,13,6,46.4,No,Tier 2,3,1.84,Low
339,10340,32,10,Bachelor,IT,4,3.5,5,7,46.3,No,Tier 2,2,1.55,Low
340,10341,43,23,Bachelor,Operations,7,4.0,17,8,48.4,Yes,Tier 3,3,2.5,High
341,10342,35,9,Master,Sales,3,2.3,9,5,45.0,No,Tier 3,4,1.41,Low
342,10343,48,21,Bachelor,IT,7,3.0,22,9,45.7,Yes,Tier 2,1,2.48,High
343,10344,54,27,Master,IT,8,3.0,27,11,50.2,No,Tier 3,1,2.5,High
344,10345,22,0,Bachelor,Sales,2,3.8,2,1,42.3,No,Tier 1,5,0.89,Low
345,10346,52,32,Bachelor,HR,10,3.8,28,12,46.0,Yes,Tier 2,1,2.5,High
346,10347,43,19,Bachelor,Finance,5,3.6,18,7,37.7,Yes,Tier 1,2,2.08,Low
347,10348,42,19,Master,HR,6,1.9,18,8,43.4,Yes,Tier 1,5,2.25,High
348,10349,45,23,Diploma,Operations,7,2.4,22,10,54.3,Yes,Tier 2,1,2.5,High
349,10350,42,17,Diploma,Marketing,6,3.3,17,10,47.1,Yes,Tier 2,1,2.17,High
350,10351,42,16,PhD,Marketing,6,3.2,12,5,42.6,Yes,Tier 1,5,2.24,High
351,10352,26,4,Diploma,Marketing,2,3.5,6,5,44.3,Yes,Tier 2,2,1.03,Low
352,10353,35,13,Bachelor,Sales,5,3.2,13,6,42.9,Yes,Tier 2,5,1.86,Low
353,10354,57,37,Bachelor,IT,10,4.5,35,14,44.2,Yes,Tier 1,2,2.5,High
354,10355,53,30,Bachelor,HR,9,2.0,25,13,41.0,Yes,Tier 1,2,2.5,High
355,10356,28,4,Bachelor,Finance,3,3.7,7,4,45.5,No,Tier 1,4,1.22,Low
356,10357,25,0,Diploma,Marketing,2,4.0,4,3,45.7,No,Tier 1,1,0.85,Low
357,10358,59,38,Bachelor,HR,10,4.0,33,16,43.0,Yes,Tier 2,1,2.5,High
358,10359,24,3,Bachelor,Marketing,1,4.0,1,2,43.7,No,Tier 1,3,0.92,Low
359,10360,26,4,Master,Marketing,3,4.1,9,4,44.7,No,Tier 1,5,1.34,Low
360,10361,52,25,Diploma,Finance,7,3.1,25,9,40.4,No,Tier 2,4,2.5,High
361,10362,50,23,Bachelor,Operations,6,2.8,22,9,45.4,Yes,Tier 2,1,2.37,High
362,10363,55,32,Diploma,Operations,10,2.2,29,12,46.9,No,Tier 1,3,2.5,High
363,10364,60,34,Bachelor,Operations,9,3.3,26,12,50.3,Yes,Tier 1,4,2.5,High
364,10365,36,10,Diploma,Sales,4,3.0,13,5,44.6,Yes,Tier 1,2,1.55,Low
365,10366,33,8,Diploma,IT,3,4.3,13,5,40.2,Yes,Tier 2,1,1.47,Low
366,10367,50,30,Master,Sales,9,3.3,24,12,42.5,Yes,Tier 3,5,2.5,High
367,10368,39,16,Bachelor,HR,5,2.8,19,6,37.3,No,Tier 2,4,1.82,Low
368,10369,37,14,Master,Sales,4,2.7,17,5,46.6,No,Tier 1,3,1.87,Low
369,10370,39,19,PhD,HR,6,4.8,15,7,32.7,No,Tier 2,5,2.25,High
370,10371,48,21,Bachelor,HR,6,3.5,19,9,48.1,Yes,Tier 1,2,2.37,High
371,10372,46,20,Diploma,IT,6,3.0,16,6,48.7,Yes,Tier 1,5,2.25,High
372,10373,57,31,Bachelor,Finance,8,3.6,28,11,30.0,Yes,Tier 1,3,2.5,High
373,10374,46,19,Master,IT,5,4.7,19,7,49.4,Yes,Tier 2,2,2.28,High
374,10375,43,17,Bachelor,Operations,5,3.2,13,8,48.1,No,Tier 2,3,2.11,High
375,10376,29,7,High School,Operations,3,3.9,10,4,41.5,No,Tier 2,1,1.18,Low
376,10377,32,9,Bachelor,Sales,3,4.3,12,6,37.0,No,Tier 2,3,1.44,Low
377,10378,21,0,Master,HR,1,2.3,5,2,38.8,No,Tier 1,5,0.86,Low
378,10379,21,1,Master,Marketing,2,3.1,5,1,39.2,Yes,Tier 1,1,0.91,Low
379,10380,54,28,Diploma,Marketing,9,4.2,22,10,49.6,Yes,Tier 2,1,2.5,High
380,10381,52,27,Master,HR,8,3.0,24,9,40.8,No,Tier 2,4,2.5,High
381,10382,45,19,Diploma,IT,5,3.8,19,11,47.5,Yes,Tier 2,5,2.21,High
382,10383,60,34,Diploma,Finance,9,3.0,34,14,42.4,No,Tier 1,5,2.5,High
383,10384,21,0,Master,IT,1,3.2,3,2,43.3,No,Tier 2,2,0.74,Low
384,10385,36,14,Diploma,HR,4,3.1,15,5,35.1,Yes,Tier 1,3,1.6,Low
385,10386,59,39,Bachelor,HR,10,3.9,32,14,37.3,No,Tier 2,3,2.5,High
386,10387,25,1,High School,Finance,2,3.6,1,1,49.5,No,Tier 2,5,0.81,Low
387,10388,42,18,Master,Sales,5,3.6,14,8,42.2,Yes,Tier 3,3,2.06,Low
388,10389,49,24,Master,Sales,7,5.0,21,8,44.5,No,Tier 1,5,2.5,High
389,10390,23,0,Bachelor,Finance,1,4.6,8,1,52.0,Yes,Tier 2,1,0.85,Low
390,10391,32,7,Master,Sales,2,2.2,8,3,42.4,No,Tier 2,3,1.25,Low
391,10392,46,23,Diploma,Marketing,7,3.2,22,9,42.1,Yes,Tier 1,3,2.48,High
392,10393,36,13,Bachelor,Sales,5,5.0,15,6,49.0,Yes,Tier 1,5,2.02,Low
393,10394,57,37,Bachelor,Sales,10,3.1,30,14,43.1,No,Tier 2,5,2.5,High
394,10395,42,16,High School,Sales,6,4.9,15,9,44.6,Yes,Tier 1,2,1.97,Low
395,10396,49,29,Bachelor,Marketing,8,3.2,28,12,48.0,No,Tier 1,3,2.5,High
396,10397,34,12,Master,Sales,4,3.3,14,5,43.0,No,Tier 3,4,1.67,Low
397,10398,48,25,High School,Operations,8,4.1,18,10,46.9,Yes,Tier 2,5,2.5,High
398,10399,25,1,Bachelor,Marketing,1,3.4,5,1,42.4,No,Tier 1,4,0.84,Low
399,10400,50,24,Diploma,Finance,8,3.8,21,9,47.9,No,Tier 2,1,2.5,High
400,10401,25,4,Diploma,IT,2,4.5,5,3,45.1,Yes,Tier 2,1,0.96,Low
401,10402,32,10,Master,Finance,4,4.0,12,6,41.9,No,Tier 3,4,1.62,Low
402,10403,36,16,Bachelor,IT,5,3.6,20,6,43.4,No,Tier 2,1,1.95,Low
403,10404,46,21,Bachelor,Finance,7,4.6,19,7,30.8,No,Tier 3,4,2.34,High
404,10405,46,24,Master,Operations,7,4.1,25,10,49.0,No,Tier 1,2,2.5,High
405,10406,41,19,Diploma,IT,5,3.0,15,8,36.7,No,Tier 2,2,1.97,Low
406,10407,59,33,Bachelor,IT,10,4.8,30,12,37.7,No,Tier 1,1,2.5,High
407,10408,56,34,Bachelor,HR,9,3.9,29,14,40.8,No,Tier 1,4,2.5,High
408,10409,53,31,Bachelor,IT,9,3.4,29,13,34.0,Yes,Tier 2,4,2.5,High
409,10410,50,29,PhD,IT,9,2.2,25,10,45.3,No,Tier 1,4,2.5,High
410,10411,57,30,Master,HR,8,2.6,24,13,44.8,Yes,Tier 2,1,2.5,High
411,10412,43,18,Bachelor,Sales,5,4.6,15,9,40.6,No,Tier 3,4,2.11,High
412,10413,30,5,Master,Sales,2,4.6,3,6,39.6,No,Tier 1,5,1.35,Low
413,10414,25,0,Diploma,HR,1,3.6,1,4,39.5,No,Tier 1,4,0.76,Low
414,10415,56,33,High School,Marketing,10,2.3,31,11,46.1,Yes,Tier 2,5,2.5,High
415,10416,54,30,Diploma,IT,8,2.8,26,13,35.0,No,Tier 3,2,2.5,High
416,10417,51,24,Bachelor,IT,7,2.4,23,11,41.0,Yes,Tier 2,5,2.5,High
417,10418,30,5,Bachelor,HR,2,2.4,12,3,35.4,No,Tier 2,2,1.01,Low
418,10419,39,17,Bachelor,HR,6,4.8,16,8,46.8,No,Tier 1,1,2.19,High
419,10420,52,30,Master,Marketing,8,4.8,29,9,41.3,No,Tier 1,2,2.5,High
420,10421,21,0,Bachelor,Operations,2,2.8,3,0,45.7,Yes,Tier 2,2,0.83,Low
421,10422,25,0,Bachelor,Sales,1,3.5,10,0,49.2,No,Tier 1,4,0.89,Low
422,10423,24,0,High School,Finance,2,2.7,1,2,49.3,No,Tier 3,3,0.71,Low
423,10424,36,14,High School,Operations,4,3.5,12,7,37.9,No,Tier 2,2,1.59,Low
424,10425,44,21,Bachelor,Sales,6,4.6,21,8,44.5,No,Tier 2,5,2.43,High
425,10426,36,16,Bachelor,IT,6,4.2,14,9,48.6,Yes,Tier 2,1,2.09,Low
426,10427,22,2,Master,Operations,1,4.0,6,3,46.5,Yes,Tier 2,5,1.01,Low
427,10428,48,21,Diploma,HR,6,3.4,20,7,47.0,No,Tier 2,1,2.22,High
428,10429,52,25,High School,Marketing,7,4.3,25,10,34.1,No,Tier 3,5,2.47,High
429,10430,47,22,Bachelor,Sales,7,3.9,18,8,46.4,No,Tier 3,2,2.42,High
430,10431,40,19,Diploma,Marketing,5,3.8,19,8,39.0,Yes,Tier 3,3,2.04,Low
431,10432,44,19,High School,Sales,6,3.4,19,8,46.3,No,Tier 3,2,2.03,Low
432,10433,32,6,Master,Operations,3,3.7,8,2,46.2,Yes,Tier 2,4,1.37,Low
433,10434,55,30,Diploma,IT,9,3.7,27,14,45.9,No,Tier 2,5,2.5,High
434,10435,53,26,Bachelor,Finance,7,3.1,27,10,42.4,No,Tier 1,3,2.5,High
435,10436,53,33,Bachelor,Marketing,10,3.0,25,12,49.6,No,Tier 1,5,2.5,High
436,10437,57,35,Diploma,Marketing,10,2.9,31,13,45.6,No,Tier 1,4,2.5,High
437,10438,32,7,Bachelor,Finance,2,2.9,6,6,44.6,Yes,Tier 1,4,1.29,Low
438,10439,23,1,Master,Marketing,2,3.4,6,3,38.3,Yes,Tier 1,4,0.97,Low
439,10440,21,0,Bachelor,Marketing,2,3.3,1,1,45.0,Yes,Tier 1,2,0.85,Low
440,10441,53,32,Master,Sales,9,3.1,22,11,52.9,Yes,Tier 3,2,2.5,High
441,10442,60,38,Diploma,Sales,10,3.0,35,13,36.0,No,Tier 3,3,2.5,High
442,10443,30,10,Master,Finance,4,3.7,10,4,46.7,Yes,Tier 1,4,1.72,Low
443,10444,49,26,Diploma,IT,7,4.4,25,11,47.3,No,Tier 1,2,2.5,High
444,10445,33,10,Master,Operations,3,3.5,15,6,51.6,Yes,Tier 3,1,1.62,Low
445,10446,32,8,Bachelor,Operations,3,3.5,10,3,46.6,No,Tier 3,1,1.36,Low
446,10447,51,25,Master,Marketing,8,2.9,23,11,43.1,No,Tier 3,2,2.5,High
447,10448,22,0,Bachelor,IT,2,3.4,3,0,45.1,Yes,Tier 3,3,0.81,Low
448,10449,55,29,High School,Finance,8,4.3,23,10,41.7,Yes,Tier 3,5,2.5,High
449,10450,43,23,High School,Finance,7,4.2,21,7,49.1,Yes,Tier 1,4,2.46,High
450,10451,37,15,Master,Sales,4,4.1,20,5,35.3,No,Tier 1,2,1.98,Low
451,10452,46,23,Bachelor,Marketing,6,4.1,20,8,40.6,No,Tier 2,3,2.41,High
452,10453,28,2,Master,HR,1,3.8,4,2,45.2,Yes,Tier 1,5,1.08,Low
453,10454,49,29,Diploma,Finance,8,3.8,29,10,48.9,No,Tier 3,3,2.5,High
454,10455,46,23,Bachelor,Marketing,6,3.7,18,11,42.9,Yes,Tier 2,5,2.45,High
455,10456,30,8,High School,IT,4,3.2,11,3,39.1,No,Tier 2,1,1.28,Low
456,10457,46,20,PhD,Sales,7,3.6,15,8,41.9,Yes,Tier 1,5,2.5,High
457,10458,54,31,Master,Operations,9,3.6,29,13,41.2,No,Tier 2,1,2.5,High
458,10459,27,2,PhD,IT,2,3.9,5,2,41.4,No,Tier 2,4,1.08,Low
459,10460,24,0,Bachelor,Finance,1,3.6,5,1,40.8,No,Tier 3,2,0.74,Low
460,10461,31,6,Bachelor,Finance,2,4.9,5,4,40.8,Yes,Tier 1,1,1.3,Low
461,10462,49,25,Master,IT,8,2.7,22,9,34.4,Yes,Tier 3,3,2.5,High
462,10463,56,32,Bachelor,Finance,10,4.0,30,11,44.5,No,Tier 3,5,2.5,High
463,10464,45,22,Master,Marketing,6,3.5,19,10,46.4,No,Tier 2,3,2.44,High
464,10465,41,14,PhD,Finance,4,3.5,16,5,50.5,Yes,Tier 2,1,1.91,Low
465,10466,56,36,Master,Sales,10,3.0,32,15,47.3,No,Tier 2,3,2.5,High
466,10467,30,5,Master,Marketing,3,4.2,6,4,47.0,Yes,Tier 1,5,1.42,Low
467,10468,57,37,Bachelor,HR,10,3.9,32,14,44.5,Yes,Tier 1,2,2.5,High
468,10469,29,2,Bachelor,Finance,1,4.0,5,3,34.2,No,Tier 3,3,0.78,Low
469,10470,44,24,PhD,Finance,8,3.6,22,9,44.4,No,Tier 2,4,2.5,High
470,10471,55,28,High School,Sales,9,3.3,27,12,43.6,Yes,Tier 1,5,2.5,High
471,10472,55,32,Master,Sales,10,3.5,28,13,48.1,No,Tier 2,5,2.5,High
472,10473,56,36,Master,Operations,10,3.8,30,13,45.8,No,Tier 1,4,2.5,High
473,10474,38,13,Bachelor,IT,4,2.2,16,5,42.4,Yes,Tier 1,1,1.63,Low
474,10475,59,37,PhD,IT,10,4.1,32,14,52.8,No,Tier 2,4,2.5,High
475,10476,52,28,Bachelor,IT,8,5.0,24,13,47.2,No,Tier 1,1,2.5,High
476,10477,44,22,Bachelor,Sales,6,3.8,14,9,44.7,Yes,Tier 1,2,2.49,High
477,10478,43,23,High School,IT,6,3.3,19,9,45.3,No,Tier 2,1,2.28,High
478,10479,52,30,Bachelor,IT,9,3.4,25,13,43.3,Yes,Tier 2,2,2.5,High
479,10480,57,32,Bachelor,HR,10,4.0,27,12,43.1,No,Tier 1,2,2.5,High
480,10481,32,7,Bachelor,IT,2,3.3,7,5,32.1,No,Tier 1,4,1.16,Low
481,10482,33,13,Master,Finance,4,4.1,16,8,38.4,Yes,Tier 1,2,1.89,Low
482,10483,43,20,PhD,Operations,6,3.4,17,6,40.3,No,Tier 1,1,2.37,High
483,10484,45,23,Diploma,Sales,6,4.6,20,9,45.3,No,Tier 1,3,2.34,High
484,10485,55,32,Bachelor,Marketing,10,4.6,29,12,34.7,Yes,Tier 1,5,2.5,High
485,10486,50,27,Master,Operations,8,3.3,22,9,40.4,No,Tier 1,5,2.5,High
486,10487,37,10,High School,HR,3,3.4,15,3,39.8,Yes,Tier 3,1,1.26,Low
487,10488,40,19,High School,Sales,5,3.5,20,6,43.6,No,Tier 1,3,2.0,Low
488,10489,45,25,Diploma,Sales,8,3.5,20,10,45.3,No,Tier 1,2,2.5,High
489,10490,42,18,Bachelor,Finance,5,2.9,20,7,39.8,No,Tier 1,1,2.05,Low
490,10491,33,8,Diploma,Operations,4,2.8,12,3,40.1,No,Tier 1,2,1.28,Low
491,10492,39,14,PhD,Operations,4,4.3,11,6,39.6,No,Tier 2,4,1.85,Low
492,10493,56,36,Bachelor,IT,10,4.2,29,13,41.0,No,Tier 1,3,2.5,High
493,10494,32,5,Bachelor,Finance,2,4.2,5,5,42.7,No,Tier 1,5,1.23,Low
494,10495,39,13,Diploma,IT,4,3.5,10,5,49.6,No,Tier 1,1,1.69,Low
495,10496,32,6,Bachelor,IT,3,4.7,6,5,37.9,No,Tier 2,5,1.3,Low
496,10497,29,3,Master,Sales,2,3.5,4,2,51.8,Yes,Tier 1,2,1.17,Low
497,10498,27,0,Master,Operations,1,4.1,4,1,36.8,No,Tier 2,2,0.8,Low
498,10499,48,24,Master,IT,7,2.6,22,9,47.8,No,Tier 1,4,2.5,High
499,10500,34,9,Bachelor,HR,4,3.4,10,6,40.6,No,Tier 1,2,1.54,Low
500,10501,51,31,Master,HR,9,3.4,27,13,38.4,No,Tier 2,2,2.5,High
501,10502,39,12,Master,Operations,4,3.5,9,5,49.6,Yes,Tier 2,5,1.75,Low
502,10503,36,11,Master,HR,3,2.6,13,5,43.4,Yes,Tier 2,5,1.59,Low
503,10504,25,2,High School,Sales,2,4.0,6,0,43.2,Yes,Tier 1,1,0.81,Low
504,10505,55,33,High School,Finance,10,4.2,28,11,41.6,No,Tier 2,1,2.5,High
505,10506,32,10,Diploma,Marketing,4,3.0,8,4,40.1,No,Tier 1,2,1.42,Low
506,10507,45,18,Master,IT,6,2.8,21,7,42.1,No,Tier 2,3,2.17,High
507,10508,41,16,Bachelor,Marketing,6,3.0,16,8,30.0,No,Tier 2,1,1.93,Low
508,10509,56,35,Bachelor,Finance,9,3.8,32,11,33.7,No,Tier 1,2,2.5,High
509,10510,43,19,Master,Finance,5,3.1,19,6,45.0,No,Tier 2,5,2.07,Low
510,10511,36,10,Master,Sales,4,3.4,8,5,48.9,No,Tier 2,4,1.66,Low
511,10512,59,35,Master,HR,9,2.8,35,13,49.8,Yes,Tier 1,5,2.5,High
512,10513,59,35,Bachelor,HR,9,4.8,30,13,38.2,No,Tier 3,5,2.5,High
513,10514,34,7,Master,Finance,3,3.5,11,6,44.0,No,Tier 3,4,1.42,Low
514,10515,51,28,Bachelor,Sales,8,4.2,29,12,32.0,No,Tier 1,5,2.5,High
515,10516,25,1,Diploma,Sales,1,3.8,4,3,41.2,No,Tier 3,1,0.77,Low
516,10517,55,33,Diploma,Operations,9,3.5,26,12,47.1,No,Tier 1,5,2.5,High
517,10518,43,20,Bachelor,IT,7,3.4,13,8,42.9,Yes,Tier 2,4,2.36,High
518,10519,49,29,Bachelor,HR,9,3.0,26,11,41.3,Yes,Tier 3,2,2.5,High
519,10520,31,7,Master,Finance,2,3.2,9,5,42.9,No,Tier 2,2,1.35,Low
520,10521,38,14,Diploma,Operations,4,2.8,13,7,49.4,Yes,Tier 1,2,1.73,Low
521,10522,32,12,Master,Marketing,4,2.8,13,5,41.8,Yes,Tier 3,4,1.6,Low
522,10523,29,5,Bachelor,HR,2,4.9,8,4,43.4,Yes,Tier 1,4,1.27,Low
523,10524,30,10,Bachelor,IT,3,3.7,13,6,50.6,No,Tier 1,1,1.52,Low
524,10525,37,14,Bachelor,Sales,4,4.5,14,5,41.9,No,Tier 1,4,1.81,Low
525,10526,58,36,Bachelor,Finance,10,3.0,32,13,34.8,Yes,Tier 3,2,2.5,High
526,10527,27,7,Bachelor,HR,2,2.7,8,4,49.8,No,Tier 3,4,1.15,Low
527,10528,33,12,Bachelor,Marketing,4,2.9,13,3,48.1,No,Tier 1,3,1.61,Low
528,10529,60,33,Diploma,IT,10,3.2,28,13,31.9,Yes,Tier 3,5,2.5,High
529,10530,29,2,Diploma,IT,1,3.5,3,1,42.3,Yes,Tier 1,1,0.73,Low
530,10531,47,27,Bachelor,Operations,7,3.4,23,12,42.9,No,Tier 3,2,2.5,High
531,10532,22,0,Master,HR,1,3.0,3,4,49.8,No,Tier 2,2,0.85,Low
532,10533,25,1,Bachelor,Marketing,1,3.6,2,1,42.9,Yes,Tier 1,3,0.81,Low
533,10534,49,23,Master,IT,7,3.6,20,8,43.8,Yes,Tier 1,1,2.5,High
534,10535,57,31,Master,Finance,8,4.0,32,12,44.0,Yes,Tier 1,5,2.5,High
535,10536,58,31,PhD,IT,9,4.5,30,12,40.7,Yes,Tier 1,1,2.5,High
536,10537,39,16,Master,Marketing,5,3.3,13,8,49.5,No,Tier 2,1,2.04,Low
537,10538,28,3,Bachelor,Sales,1,4.3,8,3,39.0,No,Tier 1,2,0.91,Low
538,10539,21,0,Master,Sales,2,3.5,5,1,40.6,No,Tier 3,4,0.89,Low
539,10540,42,17,Master,Operations,5,2.5,16,7,43.0,No,Tier 2,5,2.05,Low
540,10541,37,11,Bachelor,HR,4,4.7,10,4,36.3,Yes,Tier 2,1,1.58,Low
541,10542,27,1,Bachelor,Marketing,2,5.0,2,3,51.8,No,Tier 1,3,1.11,Low
542,10543,45,25,High School,Operations,8,3.9,24,12,43.0,Yes,Tier 3,2,2.5,High
543,10544,24,2,Master,IT,1,3.6,2,1,47.1,No,Tier 2,4,1.01,Low
544,10545,56,35,Master,IT,9,3.3,34,11,38.2,No,Tier 3,4,2.5,High
545,10546,26,3,Diploma,Sales,1,3.2,9,2,46.6,No,Tier 3,2,0.85,Low
546,10547,51,27,Bachelor,Operations,7,4.3,24,9,47.0,No,Tier 1,1,2.5,High
547,10548,39,14,Bachelor,Sales,5,3.5,17,5,47.7,No,Tier 1,2,1.9,Low
548,10549,59,32,Diploma,Finance,9,4.6,28,10,52.5,No,Tier 3,4,2.5,High
549,10550,47,23,PhD,Sales,6,3.5,20,9,40.2,No,Tier 3,4,2.42,High
550,10551,30,8,Diploma,Finance,4,3.2,12,4,42.1,No,Tier 2,3,1.37,Low
551,10552,46,21,High School,IT,7,3.1,24,9,38.8,No,Tier 1,3,2.32,High
552,10553,39,16,Bachelor,Operations,5,3.0,21,6,42.5,No,Tier 2,4,1.91,Low
553,10554,59,39,Master,Finance,10,3.8,35,13,46.3,No,Tier 1,3,2.5,High
554,10555,23,0,High School,Operations,2,2.7,5,1,46.1,Yes,Tier 1,3,0.74,Low
555,10556,33,11,Master,Operations,4,3.0,13,4,51.2,Yes,Tier 2,3,1.65,Low
556,10557,48,25,Bachelor,Finance,8,4.4,27,10,45.5,No,Tier 1,4,2.5,High
557,10558,40,14,Diploma,HR,5,2.9,15,4,43.0,No,Tier 2,1,1.69,Low
558,10559,48,22,Diploma,Sales,6,4.1,23,6,37.5,Yes,Tier 3,1,2.18,High
559,10560,28,5,Bachelor,Finance,2,2.2,4,1,47.3,No,Tier 3,5,0.97,Low
560,10561,59,36,Bachelor,IT,10,4.4,31,13,42.2,Yes,Tier 3,3,2.5,High
561,10562,21,0,PhD,Operations,1,2.7,5,1,47.4,No,Tier 3,1,0.85,Low
562,10563,23,0,Master,Marketing,1,2.9,5,2,40.9,Yes,Tier 1,5,0.82,Low
563,10564,33,10,PhD,Finance,3,3.9,13,4,49.0,No,Tier 3,2,1.64,Low
564,10565,48,24,Bachelor,Sales,7,3.7,23,8,44.9,No,Tier 3,3,2.5,High
565,10566,45,23,PhD,Operations,7,4.1,20,11,48.0,Yes,Tier 3,1,2.5,High
566,10567,53,28,Bachelor,HR,8,2.7,25,12,44.9,Yes,Tier 2,1,2.5,High
567,10568,58,35,Bachelor,IT,9,3.3,31,14,38.4,No,Tier 1,1,2.5,High
568,10569,26,5,High School,HR,2,3.1,8,4,41.2,No,Tier 1,5,0.99,Low
569,10570,52,25,High School,Marketing,8,2.8,21,10,36.6,No,Tier 1,2,2.5,High
570,10571,41,20,Master,Finance,6,3.9,18,7,43.9,No,Tier 3,3,2.4,High
571,10572,36,14,Bachelor,Operations,4,4.1,14,6,35.7,Yes,Tier 2,1,1.74,Low
572,10573,41,15,Diploma,Finance,5,3.3,9,5,44.5,No,Tier 3,4,1.75,Low
573,10574,31,11,Bachelor,Sales,3,4.5,14,4,30.0,No,Tier 2,3,1.51,Low
574,10575,57,37,Bachelor,Finance,10,3.0,33,12,47.0,No,Tier 2,4,2.5,High
575,10576,56,29,Bachelor,IT,9,4.5,27,12,37.5,No,Tier 1,5,2.5,High
576,10577,55,29,Bachelor,Marketing,8,3.9,25,11,38.2,No,Tier 1,1,2.5,High
577,10578,39,14,Master,HR,5,2.7,16,6,49.9,No,Tier 1,3,1.93,Low
578,10579,40,15,Master,Marketing,4,4.8,13,6,44.6,Yes,Tier 2,3,1.96,Low
579,10580,38,13,Bachelor,Operations,4,3.2,12,4,47.2,Yes,Tier 1,1,1.69,Low
580,10581,34,14,Bachelor,Finance,4,4.3,16,6,38.0,No,Tier 2,2,1.78,Low
581,10582,35,14,Bachelor,Operations,5,3.6,15,6,47.8,No,Tier 1,5,1.89,Low
582,10583,51,31,Master,HR,9,3.7,25,13,42.3,No,Tier 3,1,2.5,High
583,10584,21,0,Bachelor,Operations,2,4.1,7,2,43.6,No,Tier 1,3,1.01,Low
584,10585,23,0,Diploma,Sales,1,4.0,1,2,50.5,Yes,Tier 2,2,0.72,Low
585,10586,36,11,High School,Marketing,3,3.3,11,5,37.2,No,Tier 1,3,1.29,Low
586,10587,43,22,Bachelor,HR,7,3.8,25,9,47.6,Yes,Tier 2,4,2.5,High
587,10588,31,9,Bachelor,HR,4,3.8,5,6,44.9,Yes,Tier 1,3,1.55,Low
588,10589,32,5,Master,HR,2,3.6,3,3,41.9,Yes,Tier 2,5,1.2,Low
589,10590,30,8,Diploma,IT,3,3.4,11,5,37.5,No,Tier 3,1,1.21,Low
590,10591,52,29,Bachelor,Marketing,8,3.6,20,11,41.9,Yes,Tier 1,3,2.5,High
591,10592,36,15,Master,Operations,4,4.8,10,6,38.9,No,Tier 1,4,1.81,Low
592,10593,28,8,Master,HR,4,3.3,12,6,48.9,Yes,Tier 2,4,1.65,Low
593,10594,58,38,Bachelor,Marketing,10,4.3,32,15,43.5,No,Tier 2,1,2.5,High
594,10595,32,8,Bachelor,HR,3,3.1,15,4,39.6,No,Tier 1,4,1.35,Low
595,10596,44,20,Bachelor,Sales,6,2.9,16,9,35.8,No,Tier 2,1,2.11,High
596,10597,48,28,PhD,Sales,8,5.0,25,9,40.7,Yes,Tier 1,5,2.5,High
597,10598,28,6,Diploma,Sales,2,3.9,9,3,49.2,Yes,Tier 1,1,1.2,Low
598,10599,48,21,PhD,Finance,6,3.9,21,7,43.6,No,Tier 1,2,2.44,High
599,10600,56,31,Master,HR,8,3.9,27,12,42.1,Yes,Tier 3,4,2.5,High
600,10601,46,24,Bachelor,Finance,8,4.4,21,9,51.5,No,Tier 2,4,2.5,High
601,10602,28,1,High School,Marketing,2,3.8,4,2,40.9,No,Tier 2,3,0.75,Low
602,10603,48,24,Bachelor,Finance,8,4.0,26,10,39.0,Yes,Tier 3,2,2.5,High
603,10604,48,25,Bachelor,Marketing,7,2.8,25,9,45.0,Yes,Tier 1,3,2.5,High
604,10605,57,30,Diploma,Marketing,9,4.1,25,11,45.1,No,Tier 2,1,2.5,High
605,10606,56,36,Master,Marketing,10,3.3,29,13,40.1,No,Tier 3,5,2.5,High
606,10607,47,23,PhD,Operations,6,3.9,20,8,39.0,Yes,Tier 1,4,2.5,High
607,10608,37,13,Bachelor,Finance,4,2.4,10,6,50.2,No,Tier 1,5,1.74,Low
608,10609,29,4,Master,Operations,2,3.9,7,3,40.8,No,Tier 3,1,1.03,Low
609,10610,53,33,High School,HR,10,2.0,31,13,35.7,No,Tier 3,1,2.5,High
610,10611,40,15,Bachelor,Finance,4,3.3,15,7,44.0,Yes,Tier 1,2,1.86,Low
611,10612,33,13,Diploma,HR,4,2.4,18,4,47.5,Yes,Tier 1,3,1.66,Low
612,10613,48,23,Bachelor,HR,7,3.9,26,8,42.0,No,Tier 1,4,2.5,High
613,10614,49,22,PhD,Marketing,7,3.5,21,7,45.7,Yes,Tier 1,4,2.5,High
614,10615,33,11,Master,Finance,4,3.0,14,5,37.8,Yes,Tier 1,5,1.74,Low
615,10616,55,32,High School,HR,9,4.4,26,12,46.1,No,Tier 2,2,2.5,High
616,10617,26,3,Bachelor,Sales,2,2.9,4,0,38.2,Yes,Tier 3,1,0.82,Low
617,10618,38,18,Bachelor,HR,5,1.5,21,10,44.5,Yes,Tier 1,2,2.02,Low
618,10619,25,4,Bachelor,Sales,2,3.8,5,0,46.8,Yes,Tier 3,4,1.02,Low
619,10620,45,19,Master,Finance,6,2.4,22,8,43.5,No,Tier 1,3,2.25,High
620,10621,22,0,Master,Operations,2,2.9,6,2,36.8,Yes,Tier 1,5,0.96,Low
621,10622,30,6,Bachelor,Finance,3,3.2,10,3,37.0,No,Tier 2,1,1.15,Low
622,10623,50,30,Bachelor,Operations,8,2.6,24,12,51.0,No,Tier 1,1,2.5,High
623,10624,25,0,Bachelor,Operations,1,3.2,2,0,39.2,No,Tier 1,1,0.68,Low
624,10625,53,28,Diploma,Finance,8,2.6,27,11,46.8,Yes,Tier 3,3,2.5,High
625,10626,21,0,Bachelor,HR,1,3.6,1,0,43.6,Yes,Tier 1,4,0.75,Low
626,10627,38,16,Bachelor,IT,5,2.7,15,8,38.0,No,Tier 2,4,2.0,Low
627,10628,52,27,Master,HR,7,3.5,26,11,40.3,Yes,Tier 1,2,2.5,High
628,10629,31,6,Master,HR,3,4.3,6,2,51.5,No,Tier 1,2,1.36,Low
629,10630,41,21,High School,Marketing,6,4.0,18,9,60.0,No,Tier 2,4,2.29,High
630,10631,46,26,Bachelor,Marketing,8,3.4,19,12,41.4,No,Tier 3,1,2.5,High
631,10632,45,18,Diploma,HR,6,2.9,16,6,41.1,Yes,Tier 1,3,2.01,Low
632,10633,42,18,Diploma,Sales,6,3.6,19,7,34.8,No,Tier 2,4,1.97,Low
633,10634,47,27,Master,Operations,8,3.0,22,10,34.8,Yes,Tier 3,3,2.5,High
634,10635,33,13,High School,Marketing,5,3.6,13,5,38.7,Yes,Tier 2,5,1.72,Low
635,10636,53,33,Bachelor,HR,9,2.4,29,11,40.8,No,Tier 1,1,2.5,High
636,10637,54,27,Diploma,IT,7,4.0,23,10,42.9,No,Tier 2,5,2.5,High
637,10638,55,31,Master,Sales,8,3.5,30,11,46.5,No,Tier 2,4,2.5,High
638,10639,21,0,Bachelor,Finance,1,4.9,7,1,44.1,No,Tier 2,2,0.85,Low
639,10640,41,19,Diploma,HR,6,4.3,21,7,46.5,No,Tier 2,4,2.18,High
640,10641,26,0,Bachelor,HR,2,3.9,1,2,39.9,Yes,Tier 1,5,0.9,Low
641,10642,48,22,Master,Operations,7,3.4,26,10,42.6,Yes,Tier 2,3,2.5,High
642,10643,37,17,PhD,Sales,5,3.0,19,5,41.2,No,Tier 2,4,2.04,Low
643,10644,25,0,Diploma,Marketing,1,4.1,2,1,36.7,Yes,Tier 2,2,0.66,Low
644,10645,51,27,Master,Marketing,7,3.4,23,12,33.1,No,Tier 3,5,2.5,High
645,10646,25,0,PhD,Marketing,1,4.3,6,2,39.7,Yes,Tier 3,4,0.92,Low
646,10647,58,36,Master,Finance,10,3.8,32,14,30.6,Yes,Tier 2,5,2.5,High
647,10648,23,0,Bachelor,Sales,2,3.8,1,2,37.3,Yes,Tier 2,5,0.83,Low
648,10649,43,21,Bachelor,Sales,6,3.9,19,8,45.7,No,Tier 2,1,2.27,High
649,10650,57,35,Bachelor,Marketing,9,2.9,30,13,43.9,No,Tier 2,3,2.5,High
650,10651,57,33,Master,Marketing,10,2.8,27,12,43.1,Yes,Tier 3,1,2.5,High
651,10652,30,4,Bachelor,Operations,3,2.8,9,4,48.9,Yes,Tier 2,5,1.26,Low
652,10653,30,5,Master,IT,3,4.2,9,3,39.4,No,Tier 1,2,1.28,Low
653,10654,39,15,Bachelor,IT,5,2.9,17,6,46.4,Yes,Tier 2,2,1.99,Low
654,10655,37,17,Master,HR,5,3.0,19,8,39.0,No,Tier 2,1,2.03,Low
655,10656,41,14,Master,HR,5,3.8,12,6,44.4,No,Tier 2,2,1.88,Low
656,10657,34,11,Diploma,Sales,4,3.3,10,5,43.8,No,Tier 2,5,1.57,Low
657,10658,29,7,Master,Sales,3,3.3,12,3,44.0,No,Tier 1,4,1.4,Low
658,10659,21,0,Bachelor,Finance,2,3.2,3,1,41.1,Yes,Tier 1,5,0.91,Low
659,10660,33,6,Master,Finance,2,2.0,4,3,44.6,No,Tier 1,4,1.14,Low
660,10661,24,0,Bachelor,IT,1,2.9,4,1,45.0,No,Tier 1,2,0.77,Low
661,10662,21,0,Bachelor,HR,1,4.3,5,1,35.8,No,Tier 1,3,0.81,Low
662,10663,60,36,Master,IT,10,3.1,33,13,47.2,Yes,Tier 3,3,2.5,High
663,10664,52,28,Bachelor,IT,8,2.3,23,12,36.8,No,Tier 1,5,2.5,High
664,10665,54,31,Master,HR,8,2.8,33,13,38.6,No,Tier 3,5,2.5,High
665,10666,48,24,Bachelor,Finance,8,3.7,18,8,44.2,No,Tier 1,2,2.5,High
666,10667,51,24,Bachelor,Operations,8,3.7,22,9,46.0,Yes,Tier 1,3,2.5,High
667,10668,28,8,Bachelor,Operations,4,3.3,14,3,44.1,Yes,Tier 2,3,1.44,Low
668,10669,59,35,Bachelor,Operations,10,3.1,32,11,44.6,No,Tier 1,5,2.5,High
669,10670,46,25,Bachelor,HR,7,2.6,25,10,37.3,No,Tier 3,3,2.48,High
670,10671,54,28,High School,Marketing,9,3.7,23,11,40.4,Yes,Tier 1,5,2.5,High
671,10672,23,0,Bachelor,Marketing,1,4.0,4,4,32.7,No,Tier 1,1,0.72,Low
672,10673,32,11,High School,Marketing,4,4.3,12,5,38.4,Yes,Tier 3,3,1.51,Low
673,10674,21,0,PhD,Sales,2,2.8,1,1,36.3,Yes,Tier 1,4,0.99,Low
674,10675,25,0,PhD,Finance,2,4.4,5,0,43.1,Yes,Tier 1,2,1.01,Low
675,10676,50,30,Bachelor,Finance,8,3.5,25,11,54.8,Yes,Tier 1,5,2.5,High
676,10677,50,28,Master,Sales,9,3.5,24,12,46.8,Yes,Tier 2,3,2.5,High
677,10678,37,12,Bachelor,IT,4,4.1,14,6,31.8,Yes,Tier 1,3,1.66,Low
678,10679,43,17,Master,Operations,5,3.1,16,11,35.4,Yes,Tier 2,5,2.06,Low
679,10680,35,10,Master,Marketing,4,2.1,11,3,36.5,No,Tier 3,4,1.49,Low
680,10681,57,33,PhD,Operations,9,4.0,29,13,34.2,No,Tier 3,3,2.5,High
681,10682,41,15,Bachelor,Marketing,4,3.7,19,6,41.6,No,Tier 1,1,1.94,Low
682,10683,34,8,Master,Operations,4,3.3,7,5,44.1,Yes,Tier 1,2,1.54,Low
683,10684,22,2,Bachelor,IT,2,3.9,3,4,36.5,Yes,Tier 1,5,1.02,Low
684,10685,31,5,PhD,Operations,3,4.0,8,4,41.9,No,Tier 2,3,1.35,Low
685,10686,59,36,High School,Operations,10,2.5,29,12,44.1,No,Tier 1,2,2.5,High
686,10687,58,37,Bachelor,HR,10,3.5,30,15,46.5,Yes,Tier 3,5,2.5,High
687,10688,54,33,Master,Operations,10,2.0,30,10,43.8,Yes,Tier 2,5,2.5,High
688,10689,58,37,Master,HR,10,3.4,35,11,44.7,No,Tier 1,5,2.5,High
689,10690,54,31,Diploma,Finance,9,3.3,30,12,42.8,No,Tier 2,4,2.5,High
690,10691,38,13,PhD,Sales,5,3.8,14,7,37.9,No,Tier 1,1,1.89,Low
691,10692,50,30,Diploma,Operations,8,2.8,25,12,39.0,No,Tier 1,5,2.5,High
692,10693,35,9,Bachelor,Finance,4,3.2,11,7,36.4,No,Tier 1,4,1.54,Low
693,10694,47,24,Diploma,HR,7,1.4,24,10,50.5,No,Tier 1,5,2.4,High
694,10695,54,33,Bachelor,Operations,10,3.9,30,12,35.7,Yes,Tier 2,5,2.5,High
695,10696,58,34,Bachelor,Operations,10,3.4,33,14,47.8,No,Tier 2,4,2.5,High
696,10697,53,31,Bachelor,IT,8,3.6,25,11,35.7,Yes,Tier 1,1,2.5,High
697,10698,44,18,Diploma,Finance,6,2.5,16,8,46.8,No,Tier 3,2,1.98,Low
698,10699,35,12,Diploma,Marketing,4,3.8,15,6,47.9,No,Tier 1,3,1.67,Low
699,10700,50,23,Bachelor,Marketing,7,4.6,18,8,48.8,No,Tier 1,5,2.5,High
700,10701,37,14,Master,IT,5,3.4,13,7,37.8,No,Tier 1,1,2.05,Low
701,10702,25,5,Master,HR,2,3.9,5,6,43.8,Yes,Tier 2,3,1.23,Low
702,10703,49,29,High School,Marketing,9,2.9,22,13,40.0,Yes,Tier 3,5,2.5,High
703,10704,24,1,Bachelor,Marketing,2,3.5,3,1,38.6,No,Tier 2,3,0.88,Low
704,10705,30,9,Diploma,Sales,3,2.5,12,7,43.2,No,Tier 3,4,1.31,Low
705,10706,37,15,High School,Finance,5,4.0,15,7,47.1,Yes,Tier 1,1,1.88,Low
706,10707,30,4,Master,HR,2,3.6,8,3,40.0,No,Tier 1,1,1.15,Low
707,10708,37,17,Bachelor,Operations,6,2.7,20,7,44.6,Yes,Tier 2,2,1.98,Low
708,10709,40,14,Diploma,Finance,4,3.0,13,7,38.5,Yes,Tier 2,2,1.67,Low
709,10710,44,23,Diploma,HR,7,3.5,28,9,37.8,Yes,Tier 1,3,2.46,High
710,10711,25,0,High School,Marketing,1,4.1,2,2,41.4,No,Tier 3,4,0.66,Low
711,10712,54,30,Master,Sales,8,4.5,26,11,41.7,Yes,Tier 1,3,2.5,High
712,10713,26,6,PhD,Finance,3,3.4,6,5,46.3,No,Tier 1,5,1.4,Low
713,10714,22,1,Diploma,Marketing,2,2.6,5,3,36.7,Yes,Tier 2,1,0.82,Low
714,10715,33,12,Diploma,HR,4,3.7,12,5,53.8,Yes,Tier 2,3,1.67,Low
715,10716,31,9,Master,Finance,4,4.7,10,3,34.0,No,Tier 1,3,1.51,Low
716,10717,43,21,Master,Operations,6,2.4,19,9,44.1,No,Tier 1,1,2.35,High
717,10718,36,12,Bachelor,Finance,5,2.9,12,5,41.6,Yes,Tier 2,1,1.75,Low
718,10719,51,30,High School,Marketing,9,3.9,27,11,39.8,Yes,Tier 2,2,2.5,High
719,10720,31,6,High School,Finance,2,3.6,7,3,42.1,No,Tier 2,2,1.08,Low
720,10721,36,15,Bachelor,Operations,4,3.1,14,5,46.4,Yes,Tier 2,1,1.7,Low
721,10722,28,6,Bachelor,Sales,3,3.6,10,2,47.1,No,Tier 1,3,1.26,Low
722,10723,24,0,High School,Sales,2,4.1,2,2,41.9,No,Tier 3,5,0.67,Low
723,10724,60,40,Bachelor,Marketing,10,3.4,36,15,44.7,Yes,Tier 3,3,2.5,High
724,10725,24,4,High School,HR,3,3.4,4,3,36.3,No,Tier 1,5,0.96,Low
725,10726,45,19,Master,Marketing,6,3.9,17,8,42.1,No,Tier 1,1,2.25,High
726,10727,23,0,Bachelor,Sales,1,3.3,1,1,45.0,Yes,Tier 1,5,0.81,Low
727,10728,52,30,High School,IT,9,4.2,32,12,31.6,Yes,Tier 2,2,2.5,High
728,10729,23,0,Bachelor,IT,2,4.8,6,3,43.4,Yes,Tier 3,1,0.98,Low
729,10730,47,22,Bachelor,Finance,6,2.9,22,9,42.2,No,Tier 2,4,2.35,High
730,10731,49,27,PhD,Operations,7,2.7,30,13,49.3,No,Tier 3,5,2.5,High
731,10732,52,28,Bachelor,Finance,8,3.7,27,11,43.8,Yes,Tier 1,5,2.5,High
732,10733,39,18,Bachelor,IT,6,2.7,17,6,45.4,Yes,Tier 2,4,2.23,High
733,10734,41,17,Master,Sales,5,2.7,18,8,41.6,Yes,Tier 1,4,2.15,High
734,10735,25,0,Bachelor,Finance,1,2.2,6,1,46.2,Yes,Tier 1,1,0.81,Low
735,10736,38,16,Master,Marketing,5,3.3,14,8,45.8,Yes,Tier 2,3,2.08,Low
736,10737,48,21,Bachelor,Operations,6,3.5,17,9,36.5,No,Tier 1,4,2.32,High
737,10738,42,17,Bachelor,Marketing,6,3.2,18,7,44.6,Yes,Tier 2,5,2.07,Low
738,10739,41,14,High School,Operations,5,4.4,13,8,48.9,Yes,Tier 2,4,1.87,Low
739,10740,26,5,Bachelor,Sales,3,4.4,1,3,47.9,No,Tier 3,1,1.18,Low
740,10741,21,1,Master,Finance,1,4.8,1,0,43.1,Yes,Tier 1,1,0.98,Low
741,10742,25,5,Master,Operations,2,3.5,6,4,44.6,Yes,Tier 2,5,1.24,Low
742,10743,32,7,Diploma,Marketing,2,4.3,9,4,47.6,Yes,Tier 3,5,1.23,Low
743,10744,46,23,Diploma,Finance,6,3.7,22,11,37.3,Yes,Tier 3,5,2.29,High
744,10745,54,32,Master,Finance,9,3.6,34,11,45.4,No,Tier 2,3,2.5,High
745,10746,34,12,PhD,Marketing,4,3.2,12,5,33.1,No,Tier 2,5,1.68,Low
746,10747,46,26,High School,IT,8,2.0,24,10,47.3,Yes,Tier 1,1,2.5,High
747,10748,47,21,Bachelor,Operations,7,3.9,16,10,41.1,Yes,Tier 2,1,2.38,High
748,10749,29,5,Bachelor,Marketing,2,4.3,7,4,42.6,Yes,Tier 2,4,1.15,Low
749,10750,46,20,Master,Sales,7,2.5,20,8,40.2,No,Tier 2,5,2.39,High
750,10751,42,21,High School,HR,6,3.5,16,9,42.8,No,Tier 2,3,2.13,High
751,10752,50,26,Diploma,Marketing,7,4.1,21,9,44.3,No,Tier 1,2,2.5,High
752,10753,37,13,Master,Finance,5,3.3,15,7,46.8,Yes,Tier 1,4,1.91,Low
753,10754,46,21,High School,Finance,6,4.3,18,9,49.5,Yes,Tier 2,3,2.25,High
754,10755,56,36,Bachelor,Marketing,10,3.4,32,16,43.2,No,Tier 1,5,2.5,High
755,10756,21,0,Bachelor,HR,1,3.2,4,2,34.7,No,Tier 1,3,0.66,Low
756,10757,28,2,Bachelor,Marketing,1,4.3,10,3,49.5,No,Tier 1,2,1.06,Low
757,10758,55,35,Bachelor,HR,10,2.9,30,14,35.6,Yes,Tier 1,3,2.5,High
758,10759,35,9,Bachelor,HR,3,3.0,15,4,40.9,No,Tier 3,2,1.32,Low
759,10760,42,15,Diploma,Sales,4,2.9,10,8,40.5,No,Tier 2,2,1.83,Low
760,10761,34,14,Bachelor,Operations,4,2.8,15,6,43.1,No,Tier 1,2,1.8,Low
761,10762,46,21,Master,Finance,7,3.6,19,8,36.7,Yes,Tier 2,3,2.4,High
762,10763,48,25,Master,Finance,7,3.2,22,10,36.4,No,Tier 1,5,2.5,High
763,10764,43,19,Diploma,HR,5,3.8,20,8,42.9,Yes,Tier 2,1,2.07,Low
764,10765,34,9,Diploma,Finance,3,2.4,10,4,39.0,No,Tier 1,1,1.25,Low
765,10766,44,22,Bachelor,IT,7,2.8,16,9,49.7,Yes,Tier 3,3,2.41,High
766,10767,22,1,Bachelor,HR,2,3.5,1,2,40.2,No,Tier 1,5,0.94,Low
767,10768,46,23,Bachelor,Finance,7,4.5,23,9,37.9,No,Tier 2,1,2.5,High
768,10769,34,12,Master,IT,5,3.7,9,6,51.4,Yes,Tier 3,2,1.86,Low
769,10770,27,3,High School,Sales,2,3.1,7,3,45.3,No,Tier 3,3,0.8,Low
770,10771,23,0,High School,Finance,1,2.5,3,1,56.6,Yes,Tier 1,3,0.67,Low
771,10772,43,23,Bachelor,IT,7,3.1,21,8,33.4,Yes,Tier 2,4,2.46,High
772,10773,38,14,Master,Marketing,5,3.5,14,6,44.0,Yes,Tier 1,4,1.98,Low
773,10774,58,33,Diploma,Operations,9,2.0,31,12,45.4,Yes,Tier 2,4,2.5,High
774,10775,55,34,Bachelor,Marketing,10,2.7,27,12,43.1,No,Tier 1,5,2.5,High
775,10776,35,10,Bachelor,IT,3,3.0,11,4,41.2,Yes,Tier 3,3,1.39,Low
776,10777,45,22,Master,HR,7,3.3,18,9,49.2,No,Tier 1,4,2.5,High
777,10778,57,34,Master,HR,9,3.5,31,14,45.3,No,Tier 2,3,2.5,High
778,10779,48,27,Bachelor,Finance,7,3.1,26,11,34.6,No,Tier 2,2,2.5,High
779,10780,30,3,Diploma,Marketing,2,3.8,6,4,38.7,No,Tier 3,4,0.84,Low
780,10781,59,37,Bachelor,HR,10,3.6,34,14,37.2,Yes,Tier 2,3,2.5,High
781,10782,37,15,Diploma,HR,4,3.3,13,7,42.4,No,Tier 1,5,1.76,Low
782,10783,59,36,Master,Marketing,10,3.9,32,15,47.7,Yes,Tier 1,5,2.5,High
783,10784,42,19,Master,Sales,5,3.9,18,9,41.1,No,Tier 1,5,2.33,High
784,10785,46,20,Master,HR,6,2.6,18,9,41.7,No,Tier 2,4,2.31,High
785,10786,45,25,Master,Operations,7,3.5,21,10,38.1,No,Tier 2,5,2.5,High
786,10787,37,11,Bachelor,IT,3,4.1,11,5,46.8,Yes,Tier 2,1,1.63,Low
787,10788,33,7,Diploma,Finance,2,4.2,6,4,49.2,No,Tier 1,2,1.26,Low
788,10789,40,13,Master,HR,5,3.7,9,5,42.8,No,Tier 2,3,1.82,Low
789,10790,45,23,Bachelor,Operations,6,3.3,20,6,50.9,No,Tier 2,1,2.3,High
790,10791,24,0,Master,Operations,2,3.8,5,2,40.3,Yes,Tier 3,4,0.94,Low
791,10792,30,3,Bachelor,HR,2,4.0,6,4,36.0,No,Tier 2,3,1.0,Low
792,10793,23,2,High School,Sales,1,3.6,1,2,47.0,Yes,Tier 1,3,0.77,Low
793,10794,38,16,PhD,IT,5,3.6,15,6,42.5,No,Tier 1,5,2.13,High
794,10795,56,36,Diploma,Finance,10,3.3,34,13,40.1,No,Tier 1,3,2.5,High
795,10796,42,17,PhD,HR,5,2.6,15,5,43.4,Yes,Tier 2,3,2.06,Low
796,10797,54,31,PhD,Finance,8,3.4,24,11,35.1,Yes,Tier 2,2,2.5,High
797,10798,28,5,Master,Marketing,3,3.1,13,2,34.3,No,Tier 1,4,1.27,Low
798,10799,60,40,Master,Operations,10,3.1,35,14,43.5,Yes,Tier 1,1,2.5,High
799,10800,39,12,Bachelor,Operations,5,4.4,10,4,45.2,Yes,Tier 1,5,1.72,Low
800,10801,57,31,Master,HR,8,4.1,28,10,50.0,No,Tier 3,2,2.5,High
801,10802,26,5,Bachelor,HR,2,2.4,7,2,47.4,No,Tier 1,1,1.02,Low
802,10803,46,19,Bachelor,Marketing,6,2.8,14,9,46.2,No,Tier 1,1,2.17,High
803,10804,54,31,Bachelor,Sales,8,3.3,28,11,49.4,Yes,Tier 1,2,2.5,High
804,10805,26,2,Bachelor,HR,2,3.1,7,1,45.4,Yes,Tier 1,5,1.06,Low
805,10806,57,31,Bachelor,Operations,8,3.7,27,13,41.3,No,Tier 2,4,2.5,High
806,10807,53,30,Bachelor,Finance,9,2.7,22,12,47.6,No,Tier 3,2,2.5,High
807,10808,42,18,Bachelor,IT,5,4.1,18,5,47.4,No,Tier 1,2,2.11,High
808,10809,41,14,Master,Finance,5,3.5,16,7,43.0,No,Tier 2,2,1.99,Low
809,10810,26,6,Diploma,Sales,2,3.3,6,4,37.0,Yes,Tier 1,5,1.17,Low
810,10811,26,6,PhD,IT,2,3.5,6,4,34.1,Yes,Tier 3,2,1.19,Low
811,10812,24,0,Master,Finance,2,3.2,9,1,47.2,No,Tier 1,2,1.05,Low
812,10813,50,27,Master,Finance,7,2.2,23,12,45.4,No,Tier 1,3,2.5,High
813,10814,31,9,Bachelor,Marketing,3,3.5,7,4,46.1,No,Tier 2,3,1.41,Low
814,10815,50,26,Master,Sales,8,3.3,24,7,47.4,No,Tier 1,3,2.5,High
815,10816,51,30,High School,Operations,8,2.9,28,10,38.5,No,Tier 1,3,2.5,High
816,10817,44,21,Master,Marketing,6,4.2,21,9,33.6,No,Tier 2,2,2.35,High
817,10818,29,8,High School,IT,3,3.9,3,4,45.6,Yes,Tier 2,3,1.25,Low
818,10819,23,0,Master,Operations,2,5.0,1,1,49.0,No,Tier 2,1,0.99,Low
819,10820,51,29,PhD,Marketing,9,4.0,29,10,44.8,No,Tier 2,4,2.5,High
820,10821,60,38,Bachelor,Sales,10,3.1,34,14,35.6,Yes,Tier 2,3,2.5,High
821,10822,57,31,Diploma,HR,9,2.9,25,12,44.2,No,Tier 2,5,2.5,High
822,10823,56,30,Master,HR,9,3.2,30,11,37.4,Yes,Tier 2,4,2.5,High
823,10824,44,22,Bachelor,IT,6,3.1,23,9,35.3,No,Tier 2,1,2.34,High
824,10825,51,26,Master,HR,7,3.6,23,10,43.0,No,Tier 1,4,2.5,High
825,10826,26,4,Diploma,Marketing,3,2.5,8,3,43.8,No,Tier 1,4,1.12,Low
826,10827,22,2,Diploma,IT,1,3.9,10,1,42.5,No,Tier 1,1,0.92,Low
827,10828,40,20,PhD,Operations,6,3.6,16,10,45.2,No,Tier 1,3,2.41,High
828,10829,48,23,Master,Sales,6,3.8,23,12,39.0,No,Tier 2,1,2.49,High
829,10830,31,4,Master,IT,2,2.8,11,5,43.4,No,Tier 1,5,1.21,Low
830,10831,24,0,Bachelor,Operations,2,3.7,5,2,40.6,Yes,Tier 1,1,0.96,Low
831,10832,35,8,Master,IT,4,4.3,8,2,41.7,Yes,Tier 1,2,1.59,Low
832,10833,26,5,Bachelor,Finance,2,2.9,8,1,44.3,No,Tier 1,2,1.11,Low
833,10834,50,23,Bachelor,Finance,6,2.9,25,9,48.3,No,Tier 2,4,2.48,High
834,10835,58,35,Master,IT,10,4.0,28,13,44.5,Yes,Tier 2,3,2.5,High
835,10836,22,0,Bachelor,HR,1,2.9,3,1,46.1,Yes,Tier 2,3,0.81,Low
836,10837,35,12,Bachelor,Finance,4,3.3,12,6,43.1,Yes,Tier 1,2,1.73,Low
837,10838,31,6,Bachelor,Sales,2,4.5,6,2,45.4,No,Tier 3,5,1.19,Low
838,10839,28,8,Master,Operations,4,2.9,10,6,48.2,No,Tier 3,1,1.41,Low
839,10840,46,20,Diploma,Marketing,7,4.5,19,10,52.4,Yes,Tier 2,1,2.46,High
840,10841,25,2,Master,Finance,1,3.3,6,1,49.1,No,Tier 3,1,0.89,Low
841,10842,26,6,Diploma,IT,2,2.8,11,1,42.7,Yes,Tier 2,5,1.03,Low
842,10843,46,22,Bachelor,HR,6,3.9,17,9,48.7,No,Tier 3,5,2.33,High
843,10844,24,3,Master,Marketing,1,3.6,6,4,45.7,No,Tier 3,1,0.91,Low
844,10845,39,15,Diploma,Operations,4,3.5,15,6,40.0,No,Tier 3,1,1.6,Low
845,10846,40,15,High School,Operations,4,3.0,16,7,45.8,Yes,Tier 2,5,1.71,Low
846,10847,53,26,Diploma,Finance,8,3.6,24,10,37.4,Yes,Tier 2,1,2.5,High
847,10848,40,13,Bachelor,Operations,5,2.2,11,6,45.8,No,Tier 2,5,1.76,Low
848,10849,32,10,Master,Operations,3,3.6,15,6,51.8,Yes,Tier 1,4,1.75,Low
849,10850,21,0,High School,HR,2,4.3,8,2,47.1,No,Tier 1,2,0.82,Low
850,10851,46,24,Master,HR,7,2.4,24,10,49.0,No,Tier 3,2,2.48,High
851,10852,34,10,Bachelor,HR,3,3.2,12,3,41.1,Yes,Tier 1,5,1.44,Low
852,10853,58,35,Bachelor,IT,10,2.9,31,16,45.4,No,Tier 2,1,2.5,High
853,10854,57,36,Master,Operations,10,2.5,34,12,46.5,Yes,Tier 1,2,2.5,High
854,10855,31,9,Bachelor,Operations,3,2.2,4,5,41.5,No,Tier 1,3,1.39,Low
855,10856,56,31,Bachelor,Operations,8,2.7,28,12,46.4,No,Tier 3,1,2.5,High
856,10857,33,8,High School,Sales,4,3.3,8,4,45.3,Yes,Tier 3,5,1.21,Low
857,10858,23,1,High School,HR,2,4.2,4,3,46.5,No,Tier 2,3,0.83,Low
858,10859,53,26,Bachelor,Marketing,7,2.5,27,9,37.8,Yes,Tier 1,5,2.5,High
859,10860,26,4,High School,Finance,2,3.7,6,2,49.4,No,Tier 2,1,1.0,Low
860,10861,30,9,Bachelor,Marketing,3,3.6,9,3,45.3,Yes,Tier 1,4,1.52,Low
861,10862,25,3,Bachelor,IT,2,4.6,2,4,42.4,No,Tier 1,4,1.18,Low
862,10863,43,22,Bachelor,IT,6,3.9,20,9,42.5,No,Tier 1,4,2.49,High
863,10864,30,5,Diploma,Operations,3,3.9,9,4,42.8,Yes,Tier 2,1,1.19,Low
864,10865,22,0,Bachelor,Marketing,1,4.0,1,2,38.9,No,Tier 1,1,0.75,Low
865,10866,33,9,Master,Operations,4,2.9,5,7,48.9,No,Tier 2,3,1.5,Low
866,10867,60,34,PhD,Sales,10,3.1,36,15,47.8,No,Tier 1,1,2.5,High
867,10868,22,0,High School,IT,2,4.2,4,2,48.2,No,Tier 1,1,0.87,Low
868,10869,40,15,Master,IT,5,2.2,14,7,50.6,No,Tier 1,3,1.98,Low
869,10870,21,0,Bachelor,Marketing,1,3.1,6,1,43.9,Yes,Tier 3,3,0.77,Low
870,10871,57,33,Bachelor,IT,10,2.6,30,13,34.7,No,Tier 2,5,2.5,High
871,10872,29,8,Bachelor,Sales,4,3.7,13,5,46.1,No,Tier 1,2,1.48,Low
872,10873,37,13,High School,Sales,5,3.2,17,5,46.0,Yes,Tier 2,2,1.75,Low
873,10874,29,5,High School,Sales,2,3.9,4,4,50.8,Yes,Tier 3,5,1.01,Low
874,10875,31,10,Bachelor,Finance,3,3.4,12,6,48.4,No,Tier 2,4,1.5,Low
875,10876,35,12,Bachelor,Sales,4,2.5,17,4,43.7,No,Tier 2,1,1.65,Low
876,10877,44,20,Master,Sales,6,2.5,17,8,42.3,No,Tier 1,3,2.29,High
877,10878,58,36,Bachelor,Finance,10,3.5,29,13,48.0,No,Tier 2,3,2.5,High
878,10879,55,29,Diploma,Operations,8,3.0,24,11,30.0,Yes,Tier 2,4,2.5,High
879,10880,50,25,Master,HR,8,3.2,25,9,44.2,No,Tier 2,3,2.5,High
880,10881,51,28,Bachelor,IT,9,4.1,26,9,47.7,No,Tier 3,4,2.5,High
881,10882,25,4,Bachelor,Sales,3,4.0,1,2,42.4,Yes,Tier 1,5,1.21,Low
882,10883,34,11,Master,IT,3,4.7,13,4,41.1,Yes,Tier 1,4,1.66,Low
883,10884,31,11,Master,Marketing,4,3.3,11,6,44.5,No,Tier 3,2,1.57,Low
884,10885,29,9,Master,IT,4,3.1,10,5,49.7,No,Tier 2,4,1.65,Low
885,10886,54,30,Master,Operations,8,3.8,25,12,45.3,Yes,Tier 1,5,2.5,High
886,10887,32,8,Master,Finance,4,3.1,10,2,39.6,Yes,Tier 1,4,1.51,Low
887,10888,55,33,PhD,IT,9,3.2,32,11,49.1,Yes,Tier 3,5,2.5,High
888,10889,55,29,Bachelor,IT,9,3.4,25,10,50.1,Yes,Tier 1,2,2.5,High
889,10890,21,0,High School,IT,1,4.6,1,2,39.0,Yes,Tier 1,1,0.65,Low
890,10891,60,37,Bachelor,HR,10,4.0,32,13,57.0,No,Tier 1,5,2.5,High
891,10892,42,22,Diploma,HR,6,4.0,22,9,43.0,Yes,Tier 3,1,2.28,High
892,10893,49,25,Master,Marketing,8,4.5,22,11,47.7,No,Tier 3,5,2.5,High
893,10894,28,1,Bachelor,Finance,2,4.1,1,1,46.6,No,Tier 2,4,0.98,Low
894,10895,31,4,Bachelor,IT,2,2.8,8,2,39.5,No,Tier 2,1,0.96,Low
895,10896,57,32,High School,IT,9,4.1,32,12,40.7,No,Tier 1,5,2.5,High
896,10897,34,11,Master,IT,4,4.2,12,5,43.3,Yes,Tier 1,5,1.74,Low
897,10898,50,26,Bachelor,IT,8,3.9,20,11,33.6,Yes,Tier 3,1,2.5,High
898,10899,55,31,Master,HR,8,3.4,27,12,47.1,Yes,Tier 1,5,2.5,High
899,10900,41,21,Bachelor,Operations,7,3.9,20,11,33.5,No,Tier 2,1,2.43,High
900,10901,57,37,Bachelor,Operations,10,3.5,31,12,43.1,Yes,Tier 2,2,2.5,High
901,10902,25,1,Diploma,Marketing,2,2.9,5,3,39.6,No,Tier 1,3,0.82,Low
902,10903,39,18,High School,Sales,5,3.0,15,8,45.9,No,Tier 2,2,1.92,Low
903,10904,34,10,Master,Finance,3,4.0,11,3,32.0,No,Tier 2,1,1.47,Low
904,10905,46,21,Master,Operations,7,2.9,19,6,34.7,No,Tier 2,4,2.33,High
905,10906,24,0,Bachelor,IT,1,3.0,5,0,40.0,No,Tier 1,4,0.74,Low
906,10907,45,23,Diploma,Operations,7,4.0,21,11,45.6,No,Tier 1,3,2.5,High
907,10908,45,19,Bachelor,Marketing,6,3.6,18,9,44.1,No,Tier 2,1,2.23,High
908,10909,38,16,Master,Sales,5,3.9,14,7,48.3,Yes,Tier 3,5,2.01,Low
909,10910,60,38,Master,Operations,10,2.7,33,14,43.5,No,Tier 1,2,2.5,High
910,10911,28,7,Diploma,Marketing,2,3.9,8,3,42.9,No,Tier 3,2,1.12,Low
911,10912,59,38,High School,HR,10,3.1,31,14,37.6,Yes,Tier 2,3,2.5,High
912,10913,60,33,Master,Sales,10,2.8,30,12,41.9,No,Tier 3,3,2.5,High
913,10914,34,10,Bachelor,Marketing,3,3.2,12,7,42.9,No,Tier 1,3,1.5,Low
914,10915,52,30,Bachelor,Operations,8,4.4,26,10,32.7,No,Tier 1,3,2.5,High
915,10916,58,37,High School,HR,10,3.3,35,14,38.5,No,Tier 1,3,2.5,High
916,10917,53,33,Bachelor,Marketing,10,4.9,30,15,45.3,No,Tier 1,3,2.5,High
917,10918,43,19,Master,Marketing,6,2.2,15,9,43.9,Yes,Tier 3,5,2.17,High
918,10919,35,10,PhD,Operations,4,2.5,14,3,41.7,Yes,Tier 1,5,1.63,Low
919,10920,53,27,Bachelor,Sales,7,4.4,27,9,40.0,No,Tier 2,2,2.5,High
920,10921,45,22,Bachelor,HR,6,4.5,23,9,34.3,No,Tier 1,2,2.47,High
921,10922,37,13,High School,IT,5,2.9,14,6,32.1,No,Tier 2,3,1.55,Low
922,10923,53,30,Bachelor,Finance,8,3.5,21,13,41.5,Yes,Tier 1,2,2.5,High
923,10924,22,0,Bachelor,Sales,1,4.0,6,2,50.4,Yes,Tier 1,3,0.93,Low
924,10925,34,8,Bachelor,HR,3,3.4,10,4,43.2,No,Tier 1,5,1.45,Low
925,10926,60,37,Bachelor,Marketing,10,3.6,33,13,48.1,Yes,Tier 2,4,2.5,High
926,10927,60,38,Diploma,HR,10,3.5,35,13,37.1,Yes,Tier 1,5,2.5,High
927,10928,59,39,High School,Finance,10,2.5,39,15,44.4,No,Tier 1,1,2.5,High
928,10929,26,3,Bachelor,Operations,2,3.3,4,1,39.5,Yes,Tier 1,5,0.92,Low
929,10930,26,0,High School,Finance,2,3.5,2,3,39.3,No,Tier 3,1,0.62,Low
930,10931,23,0,Diploma,IT,1,3.6,1,2,46.7,Yes,Tier 2,2,0.77,Low
931,10932,27,3,PhD,IT,2,2.4,3,3,42.4,Yes,Tier 2,5,1.05,Low
932,10933,28,6,Bachelor,Finance,3,4.0,5,2,36.1,No,Tier 2,4,1.23,Low
933,10934,35,11,Bachelor,Sales,3,3.6,7,5,43.5,No,Tier 1,5,1.44,Low
934,10935,49,23,Master,Sales,7,2.8,22,9,39.4,Yes,Tier 2,5,2.5,High
935,10936,53,32,PhD,Marketing,10,4.7,34,12,35.8,No,Tier 1,5,2.5,High
936,10937,50,28,Bachelor,IT,9,3.3,31,11,38.0,Yes,Tier 1,3,2.5,High
937,10938,59,36,Master,Marketing,10,3.3,30,13,53.2,No,Tier 2,5,2.5,High
938,10939,47,25,Bachelor,IT,8,3.9,22,9,49.1,Yes,Tier 2,5,2.5,High
939,10940,56,32,Bachelor,Finance,10,4.7,32,13,32.9,No,Tier 1,4,2.5,High
940,10941,49,29,Bachelor,Sales,9,3.9,27,10,42.1,No,Tier 1,1,2.5,High
941,10942,58,36,Master,Sales,10,4.0,32,13,42.4,Yes,Tier 2,1,2.5,High
942,10943,53,30,Master,Finance,8,2.8,26,12,41.7,Yes,Tier 2,4,2.5,High
943,10944,57,36,Bachelor,Marketing,10,3.6,35,15,39.7,No,Tier 1,2,2.5,High
944,10945,47,20,Diploma,Marketing,6,3.2,16,7,46.7,Yes,Tier 1,5,2.23,High
945,10946,53,28,Bachelor,HR,9,4.0,27,13,47.7,Yes,Tier 3,2,2.5,High
946,10947,24,4,Diploma,IT,3,4.0,7,1,48.2,Yes,Tier 2,4,1.19,Low
947,10948,42,15,Bachelor,Marketing,5,4.6,15,8,44.7,No,Tier 3,2,2.01,Low
948,10949,22,1,Master,Finance,1,2.1,6,3,46.0,No,Tier 1,1,0.91,Low
949,10950,30,8,Master,Marketing,3,3.1,9,2,41.3,Yes,Tier 2,3,1.35,Low
950,10951,25,1,Master,Sales,1,4.3,2,0,35.1,No,Tier 1,2,0.8,Low
951,10952,30,4,Master,IT,3,2.6,6,4,35.0,No,Tier 2,3,1.15,Low
952,10953,53,29,Bachelor,Operations,8,4.0,22,11,38.7,Yes,Tier 1,2,2.5,High
953,10954,58,31,Master,HR,8,4.2,29,11,42.0,No,Tier 1,4,2.5,High
954,10955,33,10,Bachelor,IT,4,3.5,13,7,36.6,No,Tier 1,3,1.68,Low
955,10956,51,27,Diploma,Sales,7,2.6,23,9,37.4,No,Tier 2,2,2.5,High
956,10957,56,36,High School,Sales,10,3.4,30,13,41.1,Yes,Tier 2,4,2.5,High
957,10958,44,20,Bachelor,Sales,6,4.4,17,7,47.3,No,Tier 2,1,2.24,High
958,10959,35,12,Bachelor,Sales,5,4.5,12,2,44.7,No,Tier 3,5,1.75,Low
959,10960,49,24,Bachelor,Finance,8,3.6,23,10,38.7,No,Tier 2,4,2.5,High
960,10961,28,6,Master,HR,3,2.9,12,2,43.2,No,Tier 2,4,1.35,Low
961,10962,25,0,Diploma,Operations,2,4.6,7,2,36.4,Yes,Tier 3,1,0.71,Low
962,10963,49,22,Diploma,Sales,7,4.0,23,10,38.7,No,Tier 2,3,2.4,High
963,10964,24,2,PhD,Sales,1,2.9,5,2,34.7,No,Tier 1,2,0.92,Low
964,10965,32,8,Diploma,Marketing,4,3.7,7,4,45.1,Yes,Tier 3,3,1.32,Low
965,10966,22,1,Bachelor,HR,2,3.7,8,2,41.6,Yes,Tier 1,4,0.96,Low
966,10967,47,25,Bachelor,IT,8,3.1,22,9,42.2,Yes,Tier 2,2,2.5,High
967,10968,51,26,Bachelor,HR,8,3.7,25,9,47.0,No,Tier 1,5,2.5,High
968,10969,56,32,High School,HR,9,4.2,30,14,38.0,No,Tier 2,5,2.5,High
969,10970,56,30,High School,Operations,9,3.3,27,12,45.3,No,Tier 2,2,2.5,High
970,10971,46,23,Diploma,HR,6,4.3,24,9,52.9,Yes,Tier 1,4,2.5,High
971,10972,47,22,Bachelor,Operations,7,2.4,22,10,38.1,No,Tier 2,1,2.35,High
972,10973,25,1,Bachelor,Sales,2,4.9,6,2,35.2,No,Tier 2,3,0.95,Low
973,10974,40,15,Diploma,Sales,4,3.5,16,7,36.7,Yes,Tier 1,3,1.79,Low
974,10975,31,9,Bachelor,Finance,3,4.2,10,5,44.9,Yes,Tier 1,1,1.46,Low
975,10976,30,4,Master,Operations,2,3.6,6,0,51.7,Yes,Tier 1,1,1.1,Low
976,10977,60,37,High School,Operations,10,3.0,32,15,51.5,No,Tier 3,5,2.5,High
977,10978,58,34,Bachelor,IT,9,3.5,27,14,47.2,No,Tier 2,1,2.5,High
978,10979,26,6,Master,Marketing,3,2.3,5,3,47.4,No,Tier 3,2,1.2,Low
979,10980,28,1,Bachelor,HR,1,3.9,6,3,45.3,Yes,Tier 1,5,0.94,Low
980,10981,43,20,Bachelor,IT,6,3.6,16,6,46.6,No,Tier 1,4,2.35,High
981,10982,46,26,Bachelor,Operations,8,3.4,23,11,44.5,No,Tier 1,5,2.5,High
982,10983,32,7,Master,IT,2,4.0,6,4,39.0,No,Tier 1,5,1.31,Low
983,10984,46,25,Master,Finance,7,3.5,22,9,51.6,Yes,Tier 2,3,2.5,High
984,10985,33,10,Bachelor,Marketing,4,3.9,11,5,49.7,No,Tier 3,1,1.56,Low
985,10986,60,35,Master,Operations,10,4.1,30,14,39.1,No,Tier 1,2,2.5,High
986,10987,38,18,Bachelor,Operations,6,3.1,14,5,46.2,Yes,Tier 3,1,2.04,Low
987,10988,45,23,Bachelor,HR,6,3.0,21,10,50.3,Yes,Tier 1,3,2.5,High
988,10989,53,31,Bachelor,Marketing,8,2.4,25,11,45.1,No,Tier 3,1,2.5,High
989,10990,60,39,Diploma,Finance,10,3.6,33,16,42.0,No,Tier 1,2,2.5,High
990,10991,32,5,Master,Sales,2,3.8,9,4,50.1,No,Tier 3,1,1.3,Low
991,10992,56,33,Bachelor,IT,9,2.6,32,12,44.3,Yes,Tier 1,3,2.5,High
992,10993,24,1,Bachelor,HR,2,4.4,1,2,39.9,Yes,Tier 3,2,0.82,Low
993,10994,25,2,Master,Operations,1,3.0,9,2,37.2,Yes,Tier 1,1,0.91,Low
994,10995,57,30,High School,Sales,9,2.1,26,13,30.0,No,Tier 1,3,2.5,High
995,10996,28,3,Bachelor,Finance,1,4.5,4,1,52.9,No,Tier 2,3,1.01,Low
996,10997,48,22,High School,Marketing,7,2.2,18,8,38.8,No,Tier 1,5,2.33,High
997,10998,51,25,Master,IT,7,4.1,23,8,47.8,Yes,Tier 2,2,2.5,High
998,10999,29,8,Master,HR,3,4.0,14,4,38.4,No,Tier 3,2,1.39,Low
999,11000,49,26,Bachelor,Operations,8,3.7,20,9,43.8,No,Tier 2,1,2.5,High
1000,11001,34,9,Master,Operations,3,3.2,5,4,45.2,No,Tier 2,5,1.48,Low
1001,11002,60,38,Bachelor,Sales,10,3.8,34,16,36.8,No,Tier 1,2,2.5,High
1002,11003,42,22,Master,Sales,6,4.2,22,8,47.8,No,Tier 2,3,2.5,High
1003,11004,31,6,Bachelor,IT,2,2.9,8,3,42.0,No,Tier 2,2,1.07,Low
1004,11005,43,16,Bachelor,Marketing,6,4.1,17,6,45.8,Yes,Tier 3,5,2.05,Low
1005,11006,21,0,PhD,Finance,1,4.1,1,1,50.3,No,Tier 1,4,1.03,Low
1006,11007,57,31,Bachelor,Marketing,9,3.7,25,15,46.7,Yes,Tier 2,3,2.5,High
1007,11008,41,19,Diploma,Marketing,5,3.2,19,6,42.5,No,Tier 1,2,2.07,Low
1008,11009,46,24,Bachelor,Marketing,7,4.1,27,10,52.7,No,Tier 1,3,2.5,High
1009,11010,56,29,PhD,IT,8,3.8,28,14,42.8,Yes,Tier 1,1,2.5,High
1010,11011,43,23,Bachelor,IT,6,2.8,23,10,43.5,No,Tier 1,3,2.5,High
1011,11012,21,0,High School,Finance,1,3.3,1,2,42.2,No,Tier 1,2,0.63,Low
1012,11013,60,39,Bachelor,Marketing,10,4.0,35,13,36.9,No,Tier 1,1,2.5,High
1013,11014,35,15,Bachelor,IT,4,3.6,12,8,36.3,No,Tier 3,1,1.77,Low
1014,11015,41,19,Diploma,Finance,6,4.2,23,9,40.2,No,Tier 1,1,2.34,High
1015,11016,29,5,Master,Operations,2,3.3,4,1,37.9,No,Tier 3,4,1.03,Low
1016,11017,29,4,PhD,Finance,2,2.9,4,2,41.6,Yes,Tier 1,4,1.15,Low
1017,11018,30,8,Bachelor,Marketing,3,4.9,6,3,47.1,Yes,Tier 1,1,1.45,Low
1018,11019,46,25,Bachelor,HR,8,2.4,23,6,41.0,Yes,Tier 2,2,2.5,High
1019,11020,55,32,Bachelor,Marketing,10,3.2,29,11,44.1,No,Tier 2,1,2.5,High
1020,11021,45,23,Diploma,HR,6,3.7,25,9,40.5,Yes,Tier 2,1,2.37,High
1021,11022,46,20,Master,Finance,6,4.1,21,9,55.7,No,Tier 2,3,2.5,High
1022,11023,31,5,Bachelor,Operations,2,3.9,5,3,50.5,Yes,Tier 1,3,1.19,Low
1023,11024,58,32,Bachelor,Operations,10,5.0,31,14,41.8,No,Tier 2,3,2.5,High
1024,11025,22,0,Master,IT,1,3.4,1,3,44.4,Yes,Tier 2,5,0.87,Low
1025,11026,27,1,Bachelor,Operations,2,2.9,2,2,36.3,No,Tier 1,3,0.84,Low
1026,11027,38,14,Bachelor,Sales,4,3.4,14,6,41.9,No,Tier 3,3,1.72,Low
1027,11028,47,25,High School,Finance,8,3.3,20,10,40.0,No,Tier 2,2,2.5,High
1028,11029,54,27,Master,IT,8,3.5,27,10,46.7,No,Tier 1,4,2.5,High
1029,11030,47,21,PhD,Operations,6,2.9,25,7,38.3,No,Tier 3,4,2.33,High
1030,11031,37,17,Bachelor,Finance,5,4.0,16,7,51.3,No,Tier 3,4,2.03,Low
1031,11032,44,17,PhD,Marketing,5,3.7,15,8,42.7,No,Tier 2,5,2.15,High
1032,11033,45,22,Diploma,Operations,6,2.7,20,10,38.7,Yes,Tier 1,1,2.32,High
1033,11034,27,3,Bachelor,HR,1,4.1,4,4,43.2,No,Tier 3,3,0.97,Low
1034,11035,26,6,Bachelor,Finance,2,3.0,8,4,46.7,No,Tier 1,2,1.21,Low
1035,11036,44,24,Bachelor,IT,7,2.7,19,11,45.6,Yes,Tier 1,5,2.5,High
1036,11037,53,33,Bachelor,Marketing,10,3.6,30,13,43.8,No,Tier 1,4,2.5,High
1037,11038,49,29,Bachelor,Sales,8,2.4,31,11,47.4,No,Tier 2,5,2.5,High
1038,11039,42,15,Diploma,Marketing,4,3.9,10,8,47.1,No,Tier 3,2,1.79,Low
1039,11040,46,19,Bachelor,Operations,6,1.7,15,9,47.1,No,Tier 2,5,2.17,High
1040,11041,48,26,Diploma,HR,7,2.8,23,12,41.6,Yes,Tier 3,4,2.5,High
1041,11042,41,15,Master,Marketing,4,4.5,16,5,41.6,Yes,Tier 1,1,2.0,Low
1042,11043,27,2,Diploma,Sales,1,3.1,7,1,42.0,Yes,Tier 1,4,0.76,Low
1043,11044,37,15,High School,IT,4,3.2,17,6,40.5,Yes,Tier 2,4,1.7,Low
1044,11045,40,18,Bachelor,Finance,6,4.3,13,8,43.5,No,Tier 3,4,2.14,High
1045,11046,40,16,Bachelor,HR,6,3.0,14,9,43.0,Yes,Tier 2,5,2.09,Low
1046,11047,42,18,Master,Sales,5,4.0,15,6,51.3,No,Tier 1,2,2.2,High
1047,11048,48,22,Bachelor,Operations,6,4.3,20,10,40.5,No,Tier 1,4,2.47,High
1048,11049,60,35,Bachelor,Operations,10,3.8,31,12,38.1,No,Tier 1,5,2.5,High
1049,11050,27,3,Master,Operations,1,2.6,2,5,46.2,Yes,Tier 1,2,1.06,Low
1050,11051,21,0,Bachelor,HR,2,3.1,2,0,43.4,Yes,Tier 1,1,0.8,Low
1051,11052,52,26,High School,Marketing,8,5.0,25,11,39.6,Yes,Tier 3,4,2.5,High
1052,11053,33,6,Bachelor,HR,3,3.2,6,5,46.9,Yes,Tier 2,3,1.32,Low
1053,11054,50,29,Master,Operations,8,5.0,26,12,41.6,No,Tier 2,5,2.5,High
1054,11055,43,16,Bachelor,Sales,5,4.6,20,6,50.6,No,Tier 1,1,2.11,High
1055,11056,39,14,Bachelor,Finance,4,3.8,19,5,38.2,No,Tier 1,1,1.83,Low
1056,11057,52,28,Diploma,Finance,9,3.7,20,12,40.1,No,Tier 2,1,2.5,High
1057,11058,50,25,Diploma,HR,7,3.2,23,11,43.6,Yes,Tier 3,5,2.5,High
1058,11059,49,27,Bachelor,Operations,7,3.4,32,12,49.8,No,Tier 2,2,2.5,High
1059,11060,49,27,Bachelor,IT,8,3.1,26,12,39.4,Yes,Tier 3,3,2.5,High
1060,11061,50,25,High School,HR,7,3.5,23,8,44.9,No,Tier 3,2,2.41,High
1061,11062,36,15,PhD,Operations,4,2.6,18,5,37.2,No,Tier 1,4,1.78,Low
1062,11063,60,39,Master,Marketing,10,2.6,35,14,47.6,Yes,Tier 1,3,2.5,High
1063,11064,39,12,Bachelor,Finance,5,4.3,14,5,39.7,Yes,Tier 2,2,1.79,Low
1064,11065,38,13,Master,Finance,4,2.5,13,5,46.1,Yes,Tier 1,4,1.85,Low
1065,11066,21,0,High School,Finance,2,4.1,4,2,46.4,No,Tier 1,3,0.79,Low
1066,11067,34,7,Bachelor,IT,3,2.3,10,5,33.9,Yes,Tier 1,5,1.24,Low
1067,11068,22,0,Bachelor,Operations,2,3.9,5,1,44.0,No,Tier 1,4,0.91,Low
1068,11069,48,27,Master,Operations,7,3.4,24,10,40.5,No,Tier 3,2,2.5,High
1069,11070,50,30,Master,Operations,8,4.4,26,12,45.5,No,Tier 1,3,2.5,High
1070,11071,58,31,Bachelor,Operations,8,3.3,23,11,38.6,No,Tier 1,4,2.5,High
1071,11072,24,2,PhD,IT,2,2.2,4,2,40.1,Yes,Tier 2,4,0.99,Low
1072,11073,21,0,Diploma,Sales,2,3.4,5,1,49.0,No,Tier 2,5,0.82,Low
1073,11074,28,3,Master,HR,1,3.6,7,3,48.6,No,Tier 2,4,1.01,Low
1074,11075,49,29,PhD,HR,9,3.4,24,10,38.0,No,Tier 3,3,2.5,High
1075,11076,59,34,Diploma,Operations,9,3.9,25,14,52.0,No,Tier 2,1,2.5,High
1076,11077,23,0,Master,Marketing,1,3.1,3,1,30.1,No,Tier 2,3,0.68,Low
1077,11078,52,30,High School,Finance,8,2.7,29,11,44.1,Yes,Tier 1,3,2.5,High
1078,11079,30,8,Bachelor,IT,3,2.9,8,5,36.6,No,Tier 2,5,1.33,Low
1079,11080,30,9,Bachelor,Marketing,3,3.2,7,4,44.9,No,Tier 2,5,1.41,Low
1080,11081,39,12,Bachelor,Marketing,4,3.2,11,5,41.7,Yes,Tier 3,4,1.58,Low
1081,11082,54,33,PhD,Operations,9,5.0,30,11,37.9,No,Tier 3,5,2.5,High
1082,11083,53,33,Master,IT,10,4.3,33,10,39.3,Yes,Tier 2,4,2.5,High
1083,11084,43,16,Bachelor,HR,5,3.9,15,7,39.1,No,Tier 2,1,1.93,Low
1084,11085,48,22,Master,Finance,7,3.8,23,10,43.4,No,Tier 1,2,2.5,High
1085,11086,52,27,PhD,HR,8,3.7,27,10,47.9,No,Tier 1,5,2.5,High
1086,11087,27,1,High School,Marketing,1,3.7,1,1,52.8,No,Tier 1,5,0.81,Low
1087,11088,49,27,PhD,Finance,8,3.6,28,8,42.1,No,Tier 1,1,2.5,High
1088,11089,28,8,High School,Sales,4,3.5,10,2,44.5,Yes,Tier 1,5,1.35,Low
1089,11090,21,0,Master,Marketing,2,2.1,1,2,48.9,No,Tier 1,1,0.96,Low
1090,11091,23,3,Bachelor,HR,1,3.3,10,0,40.8,Yes,Tier 2,4,0.91,Low
1091,11092,44,20,Diploma,HR,6,3.3,19,7,39.1,Yes,Tier 2,5,2.13,High
1092,11093,43,23,Bachelor,Operations,6,3.0,17,10,52.7,Yes,Tier 2,5,2.4,High
1093,11094,28,2,Bachelor,HR,1,3.1,3,2,42.1,No,Tier 2,4,0.79,Low
1094,11095,57,33,Bachelor,IT,9,3.7,27,13,44.1,No,Tier 1,5,2.5,High
1095,11096,23,0,High School,Marketing,2,4.0,1,2,35.0,No,Tier 3,3,0.66,Low
1096,11097,53,26,Bachelor,Finance,8,3.7,23,10,40.4,No,Tier 1,1,2.5,High
1097,11098,48,21,Master,HR,6,4.0,19,7,52.4,Yes,Tier 3,2,2.34,High
1098,11099,28,4,Bachelor,Operations,3,4.0,5,2,45.3,No,Tier 1,3,1.16,Low
1099,11100,54,31,Diploma,Operations,9,3.3,28,11,42.9,Yes,Tier 2,2,2.5,High
1100,11101,55,28,Bachelor,HR,9,3.8,27,9,50.0,No,Tier 1,3,2.5,High
1101,11102,52,32,High School,IT,10,2.4,27,11,34.8,No,Tier 1,3,2.5,High
1102,11103,44,18,Master,Operations,5,3.3,20,7,40.9,No,Tier 1,3,2.16,High
1103,11104,34,14,Master,Finance,4,3.2,11,5,54.4,No,Tier 2,1,1.88,Low
1104,11105,52,29,Bachelor,Marketing,8,4.5,28,11,42.8,No,Tier 1,2,2.5,High
1105,11106,36,14,Bachelor,Sales,5,3.7,18,7,42.7,No,Tier 2,4,1.87,Low
1106,11107,24,3,Master,IT,2,2.6,5,3,48.9,No,Tier 1,4,1.06,Low
1107,11108,57,31,Bachelor,Operations,8,3.9,28,14,49.2,Yes,Tier 1,5,2.5,High
1108,11109,41,14,Master,Marketing,4,4.1,12,4,36.5,Yes,Tier 3,1,1.68,Low
1109,11110,34,8,Bachelor,Sales,4,3.4,8,4,45.1,Yes,Tier 3,1,1.47,Low
1110,11111,51,31,Master,HR,8,3.9,32,13,51.8,Yes,Tier 2,1,2.5,High
1111,11112,38,17,Bachelor,HR,5,1.9,18,5,39.8,Yes,Tier 1,3,1.9,Low
1112,11113,27,2,Bachelor,Finance,2,1.7,6,1,41.1,No,Tier 1,1,0.84,Low
1113,11114,30,5,PhD,Sales,3,2.7,2,2,43.1,No,Tier 3,4,1.13,Low
1114,11115,27,0,Bachelor,HR,1,3.6,1,4,46.5,No,Tier 1,1,0.75,Low
1115,11116,53,30,Bachelor,HR,9,4.5,31,10,35.9,Yes,Tier 3,3,2.5,High
1116,11117,43,18,Diploma,Operations,5,2.8,18,9,30.0,Yes,Tier 1,2,1.91,Low
1117,11118,41,15,Bachelor,Finance,5,2.9,16,6,44.1,Yes,Tier 3,1,1.81,Low
1118,11119,39,14,Bachelor,Marketing,5,3.6,15,5,48.8,No,Tier 1,2,1.92,Low
1119,11120,39,17,Diploma,HR,5,3.2,15,11,41.4,No,Tier 1,5,2.04,Low
1120,11121,56,34,High School,IT,10,3.1,31,13,39.9,No,Tier 2,3,2.5,High
1121,11122,49,22,Bachelor,IT,6,3.2,17,9,42.2,No,Tier 3,1,2.4,High
1122,11123,38,16,Master,Marketing,6,4.4,12,7,51.0,No,Tier 3,5,2.08,Low
1123,11124,22,0,Bachelor,Sales,1,4.2,1,2,39.7,Yes,Tier 2,5,0.78,Low
1124,11125,21,0,Diploma,Finance,2,3.5,3,4,45.9,No,Tier 2,2,0.83,Low
1125,11126,25,1,Master,Operations,2,4.6,1,4,37.2,No,Tier 2,4,0.97,Low
1126,11127,40,16,High School,IT,5,3.8,16,6,37.5,No,Tier 2,4,1.81,Low
1127,11128,31,4,Bachelor,IT,3,4.3,4,5,47.2,Yes,Tier 3,4,1.25,Low
1128,11129,22,1,Diploma,Marketing,1,2.9,2,1,51.2,Yes,Tier 2,4,0.73,Low
1129,11130,23,0,Diploma,Sales,2,3.1,6,2,47.4,Yes,Tier 2,3,0.8,Low
1130,11131,43,19,Diploma,Sales,6,3.1,18,6,32.7,No,Tier 2,1,1.95,Low
1131,11132,32,10,Bachelor,Marketing,3,3.4,9,6,40.9,No,Tier 2,1,1.36,Low
1132,11133,40,18,High School,IT,6,3.5,18,7,44.2,No,Tier 3,3,2.02,Low
1133,11134,25,0,Bachelor,Finance,2,3.7,1,0,43.3,No,Tier 1,2,0.83,Low
1134,11135,57,30,Bachelor,IT,8,4.8,28,13,33.4,Yes,Tier 1,1,2.5,High
1135,11136,58,37,Bachelor,Sales,10,4.0,35,16,36.5,No,Tier 2,5,2.5,High
1136,11137,50,23,Bachelor,Operations,6,3.2,23,11,39.0,Yes,Tier 1,1,2.42,High
1137,11138,29,9,Master,IT,3,3.5,16,3,42.7,No,Tier 2,3,1.51,Low
1138,11139,54,28,Diploma,Finance,8,4.5,21,13,33.3,No,Tier 3,2,2.5,High
1139,11140,55,34,Bachelor,HR,10,4.0,31,12,46.0,No,Tier 2,1,2.5,High
1140,11141,42,21,High School,IT,7,4.5,16,11,42.5,No,Tier 3,3,2.31,High
1141,11142,44,21,High School,Marketing,6,3.2,19,9,37.8,No,Tier 1,5,2.17,High
1142,11143,37,10,Bachelor,HR,4,3.0,11,5,44.0,No,Tier 3,4,1.46,Low
1143,11144,30,5,Bachelor,Marketing,2,3.0,13,3,35.8,Yes,Tier 2,5,1.05,Low
1144,11145,50,27,Master,Marketing,8,3.2,24,10,42.7,No,Tier 1,5,2.5,High
1145,11146,43,22,Bachelor,Marketing,6,2.8,20,8,34.0,No,Tier 2,2,2.24,High
1146,11147,52,31,PhD,IT,8,3.7,30,11,34.7,No,Tier 3,1,2.5,High
1147,11148,37,16,High School,Sales,6,3.7,16,6,40.7,No,Tier 1,4,1.93,Low
1148,11149,37,13,High School,HR,4,4.4,18,7,39.4,No,Tier 2,3,1.6,Low
1149,11150,34,7,High School,Finance,2,2.4,10,2,44.9,No,Tier 3,4,1.02,Low
1150,11151,29,3,Diploma,Sales,2,2.9,7,4,42.9,Yes,Tier 1,1,1.06,Low
1151,11152,60,34,Bachelor,IT,9,4.0,26,13,53.5,No,Tier 2,2,2.5,High
1152,11153,22,0,Bachelor,Marketing,1,3.6,8,2,41.7,No,Tier 2,1,0.78,Low
1153,11154,45,24,High School,Finance,8,3.5,21,10,30.0,No,Tier 1,3,2.49,High
1154,11155,59,33,PhD,HR,9,4.3,29,14,32.8,Yes,Tier 2,4,2.5,High
1155,11156,29,7,Master,Sales,2,2.8,7,4,37.0,No,Tier 1,5,1.27,Low
1156,11157,42,15,Bachelor,Operations,4,3.0,12,7,59.9,Yes,Tier 2,1,1.88,Low
1157,11158,24,0,High School,Sales,1,2.9,1,3,42.8,No,Tier 1,2,0.63,Low
1158,11159,46,21,Diploma,Finance,6,2.2,20,7,48.5,Yes,Tier 1,2,2.23,High
1159,11160,49,22,Diploma,IT,6,3.6,16,7,48.0,No,Tier 2,4,2.29,High
1160,11161,54,29,Diploma,HR,8,3.2,26,11,36.7,Yes,Tier 1,5,2.5,High
1161,11162,43,17,Bachelor,Finance,5,3.0,19,8,34.0,Yes,Tier 1,3,1.96,Low
1162,11163,57,35,Diploma,Marketing,10,2.9,33,15,46.2,No,Tier 3,5,2.5,High
1163,11164,31,6,Bachelor,HR,2,3.5,9,4,31.9,Yes,Tier 3,4,1.12,Low
1164,11165,26,2,PhD,Sales,1,3.0,2,5,47.9,Yes,Tier 3,5,1.02,Low
1165,11166,38,12,Master,Finance,5,3.6,9,6,42.4,Yes,Tier 2,4,1.87,Low
1166,11167,41,17,PhD,Sales,5,3.8,19,7,46.1,No,Tier 3,5,2.23,High
1167,11168,56,30,Diploma,Sales,8,3.3,26,13,44.5,No,Tier 3,1,2.5,High
1168,11169,58,38,Bachelor,Sales,10,3.3,33,14,44.8,Yes,Tier 1,2,2.5,High
1169,11170,54,34,Bachelor,IT,9,3.6,30,13,43.5,No,Tier 1,4,2.5,High
1170,11171,37,17,High School,Sales,5,3.5,18,6,44.4,Yes,Tier 1,4,1.89,Low
1171,11172,57,32,High School,Marketing,9,4.4,33,10,43.2,No,Tier 2,2,2.5,High
1172,11173,45,21,Master,Marketing,7,3.7,23,9,36.1,No,Tier 3,3,2.46,High
1173,11174,58,34,Bachelor,HR,10,4.2,24,14,41.0,No,Tier 2,4,2.5,High
1174,11175,32,8,Bachelor,Operations,4,3.9,9,7,53.8,No,Tier 2,1,1.64,Low
1175,11176,43,21,Bachelor,Sales,7,2.6,16,8,44.6,Yes,Tier 1,5,2.44,High
1176,11177,42,18,Bachelor,Sales,6,3.1,20,9,48.7,Yes,Tier 1,1,2.21,High
1177,11178,41,19,High School,Finance,5,3.5,18,9,38.1,No,Tier 2,4,2.04,Low
1178,11179,47,27,Bachelor,IT,7,4.1,26,10,38.0,Yes,Tier 3,3,2.5,High
1179,11180,51,31,Diploma,Operations,8,4.8,27,13,37.0,Yes,Tier 1,4,2.5,High
1180,11181,26,1,High School,HR,1,3.2,1,3,36.3,Yes,Tier 3,3,0.55,Low
1181,11182,47,21,PhD,Operations,6,3.5,18,10,34.9,No,Tier 1,2,2.38,High
1182,11183,60,40,Bachelor,Sales,10,4.0,31,17,44.2,No,Tier 2,5,2.5,High
1183,11184,54,28,Master,Finance,9,3.5,22,12,41.2,Yes,Tier 2,1,2.5,High
1184,11185,32,6,Bachelor,IT,2,4.6,4,1,47.4,Yes,Tier 3,3,1.15,Low
1185,11186,27,0,Bachelor,HR,1,2.6,1,2,41.4,No,Tier 1,1,0.67,Low
1186,11187,30,5,Diploma,Operations,2,3.9,4,1,31.0,Yes,Tier 1,2,0.99,Low
1187,11188,37,16,High School,HR,6,3.9,17,7,45.2,No,Tier 1,4,2.07,Low
1188,11189,46,25,Diploma,Sales,8,4.2,24,10,32.8,Yes,Tier 3,3,2.5,High
1189,11190,41,18,Master,HR,5,3.5,18,7,44.1,No,Tier 1,5,2.22,High
1190,11191,48,21,Master,Finance,7,4.1,23,7,39.1,Yes,Tier 1,3,2.5,High
1191,11192,22,0,Bachelor,HR,1,3.3,3,1,44.2,Yes,Tier 2,4,0.75,Low
1192,11193,21,0,Bachelor,Marketing,2,3.0,1,1,35.8,No,Tier 2,4,0.67,Low
1193,11194,56,33,Master,Finance,10,2.9,35,12,46.9,No,Tier 3,5,2.5,High
1194,11195,46,19,High School,Operations,5,2.6,20,8,43.2,No,Tier 3,5,1.84,Low
1195,11196,49,28,Bachelor,IT,9,3.2,26,12,41.3,No,Tier 2,2,2.5,High
1196,11197,41,16,Bachelor,IT,6,3.7,16,6,34.5,Yes,Tier 3,1,2.0,Low
1197,11198,31,10,Master,Sales,3,3.4,12,6,52.1,Yes,Tier 2,3,1.62,Low
1198,11199,60,37,PhD,Sales,10,3.6,32,14,38.5,Yes,Tier 1,2,2.5,High
1199,11200,31,6,Diploma,Marketing,2,4.3,8,5,44.3,Yes,Tier 3,1,1.15,Low
1200,11201,56,33,Master,Operations,10,3.2,31,12,38.3,No,Tier 2,2,2.5,High
1201,11202,59,35,Master,IT,9,5.0,29,16,60.0,No,Tier 1,5,2.5,High
1202,11203,60,33,Diploma,IT,9,4.0,25,13,43.7,No,Tier 2,5,2.5,High
1203,11204,55,29,Bachelor,IT,9,3.4,21,13,39.9,No,Tier 1,4,2.5,High
1204,11205,54,29,Bachelor,IT,9,3.4,28,10,46.0,No,Tier 1,3,2.5,High
1205,11206,44,19,PhD,HR,5,2.8,14,7,46.8,No,Tier 2,3,2.17,High
1206,11207,42,16,Diploma,Operations,6,3.5,17,7,45.0,Yes,Tier 3,3,1.98,Low
1207,11208,25,2,Master,Finance,2,2.1,2,5,41.4,No,Tier 2,2,1.0,Low
1208,11209,53,29,Bachelor,Finance,9,4.3,23,11,45.2,No,Tier 1,2,2.5,High
1209,11210,56,34,Master,Marketing,9,1.7,28,12,42.2,Yes,Tier 3,3,2.5,High
1210,11211,40,14,Bachelor,HR,4,3.5,15,8,42.9,Yes,Tier 1,4,1.85,Low
1211,11212,39,12,Bachelor,IT,4,2.8,9,6,39.1,No,Tier 1,1,1.7,Low
1212,11213,55,34,Master,IT,10,3.0,29,13,35.7,No,Tier 1,2,2.5,High
1213,11214,37,14,Master,Sales,5,3.1,14,5,45.8,Yes,Tier 1,3,1.95,Low
1214,11215,54,28,Master,Sales,8,4.8,22,11,46.0,No,Tier 1,5,2.5,High
1215,11216,29,3,High School,Marketing,1,2.8,9,4,49.5,Yes,Tier 2,2,0.87,Low
1216,11217,46,21,Master,IT,7,4.1,15,9,43.2,No,Tier 3,1,2.46,High
1217,11218,22,1,Diploma,Marketing,2,4.3,3,1,41.9,Yes,Tier 3,2,0.78,Low
1218,11219,29,8,Bachelor,HR,4,2.0,13,3,36.0,Yes,Tier 3,1,1.32,Low
1219,11220,29,2,Bachelor,Finance,2,3.1,1,0,42.8,No,Tier 2,1,0.84,Low
1220,11221,60,39,Bachelor,IT,10,4.5,34,13,44.8,No,Tier 2,2,2.5,High
1221,11222,37,11,Bachelor,Operations,4,2.6,12,5,33.9,No,Tier 3,1,1.49,Low
1222,11223,21,0,PhD,HR,2,4.3,1,1,48.3,Yes,Tier 2,2,1.03,Low
1223,11224,45,25,Diploma,IT,7,3.5,23,10,39.4,No,Tier 2,2,2.5,High
1224,11225,60,37,Master,Operations,10,3.5,34,17,42.0,Yes,Tier 2,4,2.5,High
1225,11226,45,25,Bachelor,Sales,8,3.5,22,10,46.0,Yes,Tier 1,5,2.5,High
1226,11227,59,33,Diploma,Marketing,9,3.7,31,11,43.0,No,Tier 2,1,2.5,High
1227,11228,55,35,Diploma,Sales,10,2.9,32,14,50.0,No,Tier 2,2,2.5,High
1228,11229,23,0,PhD,Finance,2,3.3,2,2,46.1,Yes,Tier 2,1,1.03,Low
1229,11230,57,37,Master,Sales,10,3.7,35,13,42.3,Yes,Tier 1,2,2.5,High
1230,11231,50,29,Master,IT,8,3.6,24,12,30.0,No,Tier 2,2,2.5,High
1231,11232,58,34,PhD,Operations,10,3.7,32,13,48.0,No,Tier 3,2,2.5,High
1232,11233,54,33,Diploma,Sales,9,3.0,28,14,37.1,No,Tier 3,5,2.5,High
1233,11234,32,11,Bachelor,IT,4,3.9,11,3,47.3,No,Tier 1,1,1.66,Low
1234,11235,39,12,Master,Finance,5,3.6,12,6,45.5,No,Tier 1,5,1.85,Low
1235,11236,57,32,Bachelor,Operations,10,2.5,29,14,42.0,No,Tier 2,5,2.5,High
1236,11237,37,12,Bachelor,Sales,4,3.2,7,8,47.8,No,Tier 1,5,1.75,Low
1237,11238,30,10,Bachelor,Marketing,4,2.9,12,3,45.6,Yes,Tier 1,5,1.53,Low
1238,11239,32,6,Bachelor,Marketing,3,2.9,8,3,44.6,No,Tier 1,4,1.29,Low
1239,11240,36,9,Bachelor,Operations,4,3.2,11,4,34.4,Yes,Tier 3,1,1.31,Low
1240,11241,44,23,Diploma,Marketing,6,3.9,23,10,43.2,No,Tier 2,1,2.36,High
1241,11242,39,12,Bachelor,Sales,5,3.1,14,5,36.8,Yes,Tier 2,2,1.63,Low
1242,11243,28,8,Bachelor,Sales,4,3.6,4,3,37.5,No,Tier 2,1,1.36,Low
1243,11244,51,26,Bachelor,Operations,8,3.5,21,10,41.2,No,Tier 2,5,2.5,High
1244,11245,41,17,Diploma,Sales,5,3.0,17,7,50.3,No,Tier 1,3,2.02,Low
1245,11246,37,14,Master,IT,5,3.3,15,7,44.8,No,Tier 2,1,1.92,Low
1246,11247,43,23,High School,Finance,7,4.1,19,8,45.2,Yes,Tier 1,3,2.41,High
1247,11248,57,30,Bachelor,Marketing,8,3.6,29,10,46.9,No,Tier 2,4,2.5,High
1248,11249,36,12,Master,IT,4,3.9,12,7,38.6,Yes,Tier 1,2,1.74,Low
1249,11250,26,3,Bachelor,Operations,2,4.3,8,5,35.1,Yes,Tier 2,2,1.03,Low
1250,11251,28,6,Bachelor,Marketing,3,3.8,11,6,34.2,Yes,Tier 2,2,1.34,Low
1251,11252,45,25,Master,IT,8,2.3,24,10,44.2,Yes,Tier 1,4,2.5,High
1252,11253,38,18,Bachelor,Sales,5,3.7,19,9,47.9,No,Tier 1,5,2.13,High
1253,11254,45,23,Master,Operations,6,3.1,20,8,47.6,No,Tier 1,3,2.46,High
1254,11255,32,10,Master,Operations,4,4.7,13,5,38.8,No,Tier 2,1,1.61,Low
1255,11256,35,15,Bachelor,Marketing,4,3.8,16,6,49.8,Yes,Tier 1,5,2.02,Low
1256,11257,46,24,Bachelor,Sales,8,3.1,21,11,53.2,Yes,Tier 1,2,2.5,High
1257,11258,46,25,Diploma,Marketing,8,3.9,20,11,46.0,Yes,Tier 2,2,2.5,High
1258,11259,52,29,Bachelor,HR,8,3.6,25,14,50.4,Yes,Tier 2,5,2.5,High
1259,11260,30,7,Bachelor,IT,3,2.4,6,4,47.4,Yes,Tier 1,3,1.4,Low
1260,11261,36,13,Bachelor,HR,4,4.1,15,8,41.9,Yes,Tier 2,5,1.74,Low
1261,11262,27,6,Bachelor,IT,2,3.2,11,4,39.7,No,Tier 3,4,1.21,Low
1262,11263,37,11,Bachelor,Finance,4,4.4,14,5,34.9,No,Tier 3,2,1.62,Low
1263,11264,43,21,High School,Operations,6,3.4,26,9,40.8,No,Tier 1,3,2.23,High
1264,11265,46,22,Bachelor,Marketing,7,4.4,19,11,41.8,Yes,Tier 3,1,2.5,High
1265,11266,41,19,Bachelor,Finance,5,3.8,20,8,41.9,No,Tier 2,2,2.13,High
1266,11267,42,22,Master,Finance,7,4.1,18,9,42.4,No,Tier 3,5,2.47,High
1267,11268,27,2,High School,Operations,2,3.2,4,0,31.5,Yes,Tier 2,3,0.72,Low
1268,11269,34,7,Bachelor,Operations,3,3.7,5,4,46.9,Yes,Tier 2,2,1.3,Low
1269,11270,35,8,PhD,IT,3,2.4,11,4,47.5,Yes,Tier 2,1,1.53,Low
1270,11271,27,4,Diploma,HR,3,3.4,5,2,44.9,Yes,Tier 2,1,1.12,Low
1271,11272,29,7,Bachelor,Sales,2,2.5,3,3,37.2,No,Tier 2,5,1.05,Low
1272,11273,28,4,High School,IT,2,2.8,4,1,44.8,Yes,Tier 1,4,0.93,Low
1273,11274,43,23,Bachelor,Sales,6,2.9,26,8,43.1,No,Tier 1,5,2.5,High
1274,11275,49,28,Bachelor,Finance,8,3.9,26,13,45.4,Yes,Tier 1,3,2.5,High
1275,11276,38,12,Bachelor,Sales,4,3.4,15,4,50.8,No,Tier 3,5,1.64,Low
1276,11277,51,30,Bachelor,HR,9,3.5,27,12,42.1,Yes,Tier 2,3,2.5,High
1277,11278,50,26,Master,IT,7,3.4,23,11,43.9,No,Tier 2,4,2.5,High
1278,11279,59,39,Diploma,Operations,10,4.2,34,17,38.7,Yes,Tier 2,5,2.5,High
1279,11280,55,32,High School,HR,10,3.5,29,13,47.6,Yes,Tier 1,1,2.5,High
1280,11281,38,16,Master,HR,5,3.7,13,8,46.5,No,Tier 1,3,2.08,Low
1281,11282,59,39,Bachelor,IT,10,3.1,36,15,44.1,No,Tier 2,3,2.5,High
1282,11283,37,10,Master,Operations,4,4.2,14,5,37.7,Yes,Tier 3,1,1.55,Low
1283,11284,34,8,Bachelor,HR,3,4.3,9,5,39.6,No,Tier 1,5,1.41,Low
1284,11285,51,30,Master,Operations,9,3.5,26,13,33.8,No,Tier 1,4,2.5,High
1285,11286,44,18,Bachelor,Marketing,5,3.1,16,8,39.5,No,Tier 1,2,2.05,Low
1286,11287,55,29,Master,Marketing,8,2.4,31,13,46.5,Yes,Tier 1,5,2.5,High
1287,11288,54,30,Master,Marketing,8,2.9,26,15,45.0,No,Tier 1,5,2.5,High
1288,11289,23,0,Bachelor,Sales,2,2.1,5,2,43.8,Yes,Tier 2,3,0.83,Low
1289,11290,57,35,Diploma,HR,10,2.9,31,13,50.4,Yes,Tier 1,3,2.5,High
1290,11291,60,36,Bachelor,IT,10,3.7,31,13,44.5,Yes,Tier 1,4,2.5,High
1291,11292,46,22,Diploma,IT,7,3.5,19,9,40.1,No,Tier 2,4,2.42,High
1292,11293,43,23,Diploma,Sales,6,5.0,19,11,39.5,No,Tier 3,4,2.42,High
1293,11294,59,32,Bachelor,IT,9,3.3,30,12,41.8,No,Tier 1,1,2.5,High
1294,11295,35,12,Bachelor,Marketing,5,3.2,10,6,40.7,No,Tier 2,2,1.76,Low
1295,11296,24,2,Bachelor,HR,1,4.2,6,2,47.8,No,Tier 1,2,0.95,Low
1296,11297,49,29,Bachelor,IT,9,2.2,26,12,45.1,No,Tier 3,4,2.5,High
1297,11298,42,19,Bachelor,IT,5,2.5,20,7,41.4,No,Tier 2,3,2.1,High
1298,11299,45,19,High School,Finance,5,3.9,17,6,41.6,No,Tier 3,2,1.91,Low
1299,11300,33,13,High School,Finance,4,3.4,16,6,46.5,Yes,Tier 1,5,1.7,Low
1300,11301,38,13,Diploma,Finance,4,3.4,13,8,48.1,No,Tier 2,1,1.69,Low
1301,11302,53,33,Bachelor,HR,9,2.9,36,12,33.8,No,Tier 2,3,2.5,High
1302,11303,36,12,Diploma,Marketing,5,3.7,9,4,42.1,No,Tier 1,1,1.66,Low
1303,11304,22,0,Bachelor,Operations,2,3.0,9,4,43.5,No,Tier 1,5,0.94,Low
1304,11305,55,33,Bachelor,Marketing,9,3.5,29,13,45.7,No,Tier 2,2,2.5,High
1305,11306,54,32,Master,Marketing,10,2.7,29,13,43.6,No,Tier 2,1,2.5,High
1306,11307,50,27,High School,HR,7,3.4,23,10,45.0,No,Tier 1,1,2.5,High
1307,11308,33,9,Bachelor,HR,3,4.8,6,5,41.8,Yes,Tier 2,1,1.41,Low
1308,11309,33,12,Master,Finance,4,3.2,11,7,39.0,Yes,Tier 1,5,1.7,Low
1309,11310,38,18,Master,IT,5,3.4,16,8,46.9,No,Tier 1,3,2.24,High
1310,11311,52,28,PhD,Sales,9,3.4,26,11,47.1,Yes,Tier 2,3,2.5,High
1311,11312,52,27,High School,Sales,7,3.6,27,9,46.3,No,Tier 1,5,2.5,High
1312,11313,55,28,Diploma,Operations,9,3.8,26,12,47.1,Yes,Tier 1,1,2.5,High
1313,11314,59,33,Master,IT,9,3.7,30,12,38.1,No,Tier 1,1,2.5,High
1314,11315,49,26,Bachelor,Operations,7,3.7,25,12,40.5,Yes,Tier 2,4,2.5,High
1315,11316,49,22,Bachelor,Finance,7,3.4,16,9,48.6,No,Tier 2,2,2.47,High
1316,11317,36,16,Master,Operations,5,3.6,12,7,44.8,No,Tier 3,2,1.99,Low
1317,11318,30,8,Master,IT,3,3.4,6,5,43.3,No,Tier 1,3,1.55,Low
1318,11319,50,24,PhD,IT,8,2.3,21,10,41.7,Yes,Tier 2,5,2.5,High
1319,11320,45,18,PhD,Sales,6,5.0,13,10,49.3,No,Tier 1,1,2.49,High
1320,11321,59,38,Master,Finance,10,4.0,32,16,34.1,No,Tier 2,2,2.5,High
1321,11322,40,13,Bachelor,HR,4,2.9,10,4,44.5,Yes,Tier 2,5,1.59,Low
1322,11323,25,0,Master,Operations,1,3.6,4,1,42.7,Yes,Tier 1,5,0.88,Low
1323,11324,21,0,High School,Sales,2,2.6,4,3,36.7,Yes,Tier 2,1,0.69,Low
1324,11325,50,27,Diploma,Operations,8,3.2,24,9,51.1,Yes,Tier 1,5,2.5,High
1325,11326,23,3,Master,Operations,1,2.5,1,1,30.0,Yes,Tier 1,2,0.78,Low
1326,11327,34,11,Bachelor,HR,3,3.5,11,4,43.6,Yes,Tier 1,4,1.49,Low
1327,11328,50,24,Diploma,Finance,8,2.5,23,9,45.6,No,Tier 2,2,2.5,High
1328,11329,24,4,Diploma,IT,3,3.8,8,0,38.1,No,Tier 2,4,1.06,Low
1329,11330,38,14,Master,Marketing,5,3.9,19,5,44.4,No,Tier 1,5,1.99,Low
1330,11331,57,36,Bachelor,Operations,10,3.0,35,11,41.9,No,Tier 1,2,2.5,High
1331,11332,45,21,Master,Marketing,6,3.6,20,10,47.9,No,Tier 1,1,2.46,High
1332,11333,21,0,Diploma,Finance,1,2.9,2,3,60.0,No,Tier 1,5,0.82,Low
1333,11334,35,12,Master,Marketing,4,3.8,11,6,44.7,Yes,Tier 2,1,1.75,Low
1334,11335,29,3,Master,Operations,1,3.1,9,3,46.0,Yes,Tier 2,4,0.96,Low
1335,11336,35,14,Bachelor,HR,5,4.0,15,7,38.1,No,Tier 1,3,1.89,Low
1336,11337,44,17,Bachelor,Marketing,5,2.3,18,6,44.1,No,Tier 1,3,1.96,Low
1337,11338,24,4,Diploma,Finance,3,2.8,5,4,41.1,No,Tier 3,4,0.97,Low
1338,11339,32,12,PhD,Finance,4,2.8,9,6,46.9,Yes,Tier 1,3,1.76,Low
1339,11340,57,32,Bachelor,HR,9,3.6,28,13,35.9,No,Tier 1,5,2.5,High
1340,11341,57,35,PhD,Marketing,9,3.9,30,14,37.6,Yes,Tier 2,5,2.5,High
1341,11342,26,1,Bachelor,Marketing,2,3.7,4,2,48.9,Yes,Tier 2,2,0.95,Low
1342,11343,59,32,Master,IT,9,3.2,27,13,44.0,No,Tier 2,5,2.5,High
1343,11344,44,19,Master,Sales,6,1.7,18,8,49.6,No,Tier 3,3,2.21,High
1344,11345,31,11,Master,Finance,4,3.5,15,5,44.8,No,Tier 1,1,1.7,Low
1345,11346,33,10,PhD,IT,3,4.0,7,5,45.5,No,Tier 2,2,1.69,Low
1346,11347,54,30,Bachelor,Finance,9,5.0,22,12,41.5,No,Tier 1,1,2.5,High
1347,11348,45,19,Diploma,IT,5,3.2,21,7,42.0,No,Tier 2,3,2.09,Low
1348,11349,27,3,Master,Sales,2,3.1,2,3,47.8,Yes,Tier 3,1,1.01,Low
1349,11350,24,0,Master,IT,1,3.7,2,2,42.3,Yes,Tier 2,3,0.89,Low
1350,11351,28,7,Bachelor,Finance,3,3.3,10,5,48.9,No,Tier 2,5,1.38,Low
1351,11352,40,20,Diploma,Marketing,7,4.3,19,6,42.5,Yes,Tier 3,2,2.26,High
1352,11353,49,22,Bachelor,Finance,6,3.0,20,9,37.1,Yes,Tier 1,4,2.37,High
1353,11354,30,3,Bachelor,Operations,1,3.3,6,2,36.6,Yes,Tier 2,3,0.89,Low
1354,11355,54,28,Bachelor,HR,8,4.1,32,10,42.1,No,Tier 3,5,2.5,High
1355,11356,46,23,Bachelor,HR,6,3.7,26,10,47.6,No,Tier 2,1,2.4,High
1356,11357,23,2,Master,Operations,2,4.3,3,0,39.7,No,Tier 1,5,0.97,Low
1357,11358,26,4,Diploma,HR,3,3.2,9,3,46.7,No,Tier 1,1,1.16,Low
1358,11359,25,2,Bachelor,HR,2,4.3,6,2,43.5,Yes,Tier 1,1,1.0,Low
1359,11360,25,0,Bachelor,Sales,2,2.4,3,0,46.0,No,Tier 1,1,0.8,Low
1360,11361,43,20,Diploma,Marketing,6,2.4,17,8,41.6,No,Tier 2,1,2.05,Low
1361,11362,29,6,Master,Marketing,3,4.3,9,3,43.9,Yes,Tier 1,2,1.39,Low
1362,11363,55,31,Master,Finance,8,3.5,27,14,47.7,No,Tier 1,1,2.5,High
1363,11364,40,17,Bachelor,Operations,6,4.1,16,9,42.9,No,Tier 1,2,2.14,High
1364,11365,55,28,Master,IT,8,3.6,23,11,40.4,No,Tier 2,4,2.5,High
1365,11366,38,13,Master,Finance,4,3.5,16,5,33.9,Yes,Tier 2,2,1.75,Low
1366,11367,37,12,Master,Finance,4,2.6,11,6,45.7,No,Tier 2,1,1.72,Low
1367,11368,44,24,Diploma,Finance,7,3.5,20,10,39.1,No,Tier 1,4,2.5,High
1368,11369,23,0,PhD,Finance,1,4.4,5,2,40.4,No,Tier 1,5,0.92,Low
1369,11370,52,28,Bachelor,Marketing,9,3.5,25,10,37.6,Yes,Tier 1,2,2.5,High
1370,11371,55,32,Bachelor,IT,9,3.9,28,12,41.8,No,Tier 1,5,2.5,High
1371,11372,58,36,High School,Finance,10,3.9,34,14,53.5,No,Tier 1,4,2.5,High
1372,11373,33,11,Bachelor,Marketing,4,2.8,15,6,44.8,Yes,Tier 2,2,1.61,Low
1373,11374,45,21,Diploma,Finance,6,4.1,14,9,39.8,Yes,Tier 1,1,2.26,High
1374,11375,29,9,Diploma,HR,4,3.3,10,5,40.7,No,Tier 3,2,1.38,Low
1375,11376,24,4,Bachelor,Finance,3,3.3,3,4,35.8,Yes,Tier 2,1,1.1,Low
1376,11377,34,9,Master,Operations,4,4.9,9,6,37.3,No,Tier 1,3,1.61,Low
1377,11378,57,32,Master,Operations,9,3.9,29,13,36.6,Yes,Tier 2,2,2.5,High
1378,11379,54,33,Bachelor,Finance,9,3.1,29,11,44.4,Yes,Tier 2,2,2.5,High
1379,11380,31,7,Master,Sales,2,3.5,6,5,45.2,No,Tier 2,5,1.3,Low
1380,11381,23,0,Master,HR,1,3.5,1,2,43.4,Yes,Tier 3,5,0.71,Low
1381,11382,48,22,Master,IT,7,4.6,22,9,44.8,No,Tier 1,4,2.5,High
1382,11383,49,25,Diploma,Finance,8,3.5,27,10,39.2,No,Tier 3,1,2.5,High
1383,11384,29,8,Master,IT,4,4.9,4,4,37.3,No,Tier 1,5,1.53,Low
1384,11385,23,0,PhD,HR,2,2.7,2,1,37.2,No,Tier 3,4,0.77,Low
1385,11386,45,21,Master,Finance,7,3.5,22,6,37.0,No,Tier 1,1,2.5,High
1386,11387,54,30,Bachelor,Sales,9,3.0,27,10,44.8,Yes,Tier 1,1,2.5,High
1387,11388,32,7,Bachelor,Marketing,2,3.2,6,3,53.1,No,Tier 2,1,1.28,Low
1388,11389,29,2,Bachelor,Sales,2,3.2,3,0,37.8,Yes,Tier 1,3,0.88,Low
1389,11390,35,14,Bachelor,Sales,5,3.0,15,5,41.3,Yes,Tier 1,1,1.81,Low
1390,11391,60,35,Diploma,Marketing,10,4.6,30,15,44.0,No,Tier 1,4,2.5,High
1391,11392,45,25,Bachelor,Marketing,7,4.4,23,10,41.6,No,Tier 2,1,2.5,High
1392,11393,25,2,Master,Operations,2,3.8,5,1,44.7,Yes,Tier 3,1,0.92,Low
1393,11394,31,6,Master,Marketing,3,3.2,6,3,40.1,Yes,Tier 2,4,1.25,Low
1394,11395,54,33,Diploma,Finance,9,3.1,31,14,39.6,No,Tier 3,2,2.5,High
1395,11396,44,22,PhD,IT,7,4.0,19,10,42.1,Yes,Tier 2,1,2.5,High
1396,11397,35,15,Bachelor,Operations,4,3.7,12,7,44.6,No,Tier 1,4,1.91,Low
1397,11398,58,36,Master,Operations,10,3.4,37,15,49.4,No,Tier 1,5,2.5,High
1398,11399,28,2,Master,IT,2,3.9,4,1,44.9,Yes,Tier 2,4,1.15,Low
1399,11400,25,0,Master,Operations,2,4.1,1,2,41.7,Yes,Tier 1,3,0.96,Low
1400,11401,46,26,PhD,Marketing,7,3.4,27,8,47.2,No,Tier 1,5,2.5,High
1401,11402,38,15,Bachelor,Sales,5,3.0,18,6,48.0,No,Tier 2,2,1.93,Low
1402,11403,26,1,Master,HR,2,2.6,5,2,41.5,Yes,Tier 2,2,0.89,Low
1403,11404,57,34,Diploma,Marketing,9,3.7,32,11,42.3,Yes,Tier 1,4,2.5,High
1404,11405,33,6,Master,Sales,2,4.9,13,4,40.9,Yes,Tier 3,4,1.31,Low
1405,11406,48,24,Master,Sales,8,2.8,20,10,47.1,Yes,Tier 2,1,2.5,High
1406,11407,25,3,Master,Operations,1,4.2,6,4,43.4,No,Tier 2,1,1.06,Low
1407,11408,33,13,Bachelor,Finance,5,3.1,18,9,36.0,No,Tier 3,3,1.82,Low
1408,11409,37,14,Master,Finance,5,3.2,20,7,45.0,No,Tier 1,1,2.03,Low
1409,11410,60,39,Diploma,Operations,10,4.1,33,14,50.4,No,Tier 2,4,2.5,High
1410,11411,52,29,High School,Operations,9,3.3,31,9,50.8,Yes,Tier 3,4,2.5,High
1411,11412,49,28,Master,IT,8,3.7,27,11,40.6,Yes,Tier 2,1,2.5,High
1412,11413,23,0,Bachelor,IT,2,3.6,7,2,39.5,No,Tier 2,3,0.96,Low
1413,11414,60,40,Master,HR,10,3.1,37,13,52.5,No,Tier 1,4,2.5,High
1414,11415,54,31,Bachelor,HR,9,4.1,29,12,50.8,No,Tier 2,3,2.5,High
1415,11416,60,34,Diploma,HR,10,3.5,36,13,45.3,No,Tier 1,4,2.5,High
1416,11417,47,24,Master,HR,7,2.6,21,10,34.4,No,Tier 3,3,2.44,High
1417,11418,33,6,Bachelor,Sales,3,2.9,13,5,40.0,Yes,Tier 3,3,1.2,Low
1418,11419,53,27,Diploma,Sales,7,1.5,30,10,37.5,No,Tier 3,3,2.5,High
1419,11420,26,6,Master,IT,2,3.5,11,4,52.1,No,Tier 2,1,1.41,Low
1420,11421,44,17,Bachelor,Finance,6,4.3,16,8,35.4,No,Tier 1,2,2.05,Low
1421,11422,39,16,Bachelor,Operations,6,2.8,16,7,52.0,No,Tier 1,3,2.09,Low
1422,11423,36,15,Bachelor,Finance,5,3.9,12,6,42.5,No,Tier 3,3,1.89,Low
1423,11424,60,37,Master,Marketing,10,3.8,31,15,37.0,No,Tier 1,4,2.5,High
1424,11425,48,26,Master,Sales,7,3.0,25,10,47.9,No,Tier 1,2,2.5,High
1425,11426,53,28,Master,HR,9,4.5,22,9,46.1,No,Tier 2,4,2.5,High
1426,11427,33,9,Diploma,HR,4,3.3,9,6,36.7,No,Tier 1,4,1.43,Low
1427,11428,45,24,Master,Marketing,8,4.8,27,8,42.9,No,Tier 2,3,2.5,High
1428,11429,56,34,Master,Finance,10,2.4,30,13,49.9,Yes,Tier 2,5,2.5,High
1429,11430,47,21,Master,HR,7,3.3,22,9,41.0,No,Tier 2,2,2.45,High
1430,11431,58,33,Bachelor,Finance,9,3.4,31,13,51.4,No,Tier 3,4,2.5,High
1431,11432,27,7,Master,Operations,3,3.5,8,4,39.3,No,Tier 1,5,1.42,Low
1432,11433,25,4,Master,Marketing,2,4.0,6,0,34.9,Yes,Tier 1,5,1.08,Low
1433,11434,51,27,Diploma,Finance,8,5.0,25,10,43.2,No,Tier 1,4,2.5,High
1434,11435,43,18,Bachelor,Operations,6,3.8,12,8,35.7,Yes,Tier 3,3,2.05,Low
1435,11436,30,4,Master,Finance,3,3.5,9,3,43.6,No,Tier 1,1,1.29,Low
1436,11437,52,25,High School,Finance,7,2.8,23,10,43.0,Yes,Tier 1,4,2.5,High
1437,11438,50,23,PhD,HR,7,2.3,24,10,39.2,No,Tier 2,3,2.5,High
1438,11439,59,35,Master,IT,9,4.3,32,14,52.4,Yes,Tier 1,2,2.5,High
1439,11440,51,31,Bachelor,Sales,8,3.1,27,11,43.0,Yes,Tier 3,3,2.5,High
1440,11441,38,18,Bachelor,Finance,6,5.0,18,7,47.3,No,Tier 3,5,2.28,High
1441,11442,56,30,Diploma,Finance,8,4.1,28,13,47.6,Yes,Tier 2,2,2.5,High
1442,11443,22,1,PhD,Finance,2,3.7,7,2,51.8,No,Tier 2,2,1.13,Low
1443,11444,34,8,Bachelor,IT,4,3.8,10,4,37.0,No,Tier 1,1,1.53,Low
1444,11445,33,10,Master,Operations,3,3.8,12,5,34.2,No,Tier 2,1,1.39,Low
1445,11446,49,29,Bachelor,Marketing,9,3.0,23,13,51.6,Yes,Tier 2,4,2.5,High
1446,11447,32,7,Diploma,HR,3,2.4,8,3,45.9,No,Tier 1,3,1.23,Low
1447,11448,59,36,High School,IT,10,3.1,35,13,43.6,Yes,Tier 1,4,2.5,High
1448,11449,22,0,Bachelor,Operations,1,3.5,4,0,42.3,No,Tier 3,1,0.66,Low
1449,11450,52,25,PhD,Finance,7,3.1,20,9,41.4,No,Tier 1,5,2.5,High
1450,11451,33,11,Bachelor,Operations,3,2.7,9,6,47.3,Yes,Tier 2,1,1.45,Low
1451,11452,47,23,Bachelor,IT,6,3.0,20,9,35.8,Yes,Tier 1,3,2.5,High
1452,11453,37,14,Bachelor,IT,4,4.2,17,8,45.4,Yes,Tier 1,5,1.92,Low
1453,11454,60,36,Bachelor,IT,10,4.0,34,14,48.2,No,Tier 3,4,2.5,High
1454,11455,51,25,Bachelor,Marketing,7,3.6,14,10,46.7,Yes,Tier 1,4,2.5,High
1455,11456,54,31,Master,Sales,8,3.9,28,11,42.6,No,Tier 2,1,2.5,High
1456,11457,44,18,Bachelor,HR,6,2.8,18,6,43.0,No,Tier 1,1,2.1,High
1457,11458,55,33,Bachelor,Marketing,10,3.0,27,12,49.4,No,Tier 1,4,2.5,High
1458,11459,26,6,Diploma,Marketing,2,3.7,7,4,45.9,No,Tier 3,4,1.06,Low
1459,11460,39,12,PhD,Sales,4,2.8,16,5,51.8,Yes,Tier 2,2,1.76,Low
1460,11461,50,28,Diploma,Marketing,9,3.6,26,11,34.3,No,Tier 3,3,2.5,High
1461,11462,27,0,High School,IT,1,2.7,2,1,47.5,No,Tier 3,2,0.59,Low
1462,11463,30,10,Master,IT,3,2.4,11,3,38.9,No,Tier 3,2,1.45,Low
1463,11464,52,26,Bachelor,Operations,8,4.0,23,10,42.6,Yes,Tier 3,4,2.5,High
1464,11465,54,34,Bachelor,Finance,9,4.2,31,13,49.9,Yes,Tier 1,3,2.5,High
1465,11466,48,21,Bachelor,Marketing,7,3.1,16,8,38.0,Yes,Tier 3,4,2.29,High
1466,11467,35,8,Master,Finance,3,2.5,8,4,53.6,Yes,Tier 1,2,1.48,Low
1467,11468,50,26,Diploma,HR,8,2.1,26,11,48.5,Yes,Tier 1,2,2.5,High
1468,11469,57,32,Master,IT,10,4.7,28,13,45.9,No,Tier 1,4,2.5,High
1469,11470,49,27,Bachelor,Operations,8,3.6,22,12,38.3,No,Tier 1,1,2.5,High
1470,11471,42,19,Bachelor,HR,5,3.1,16,9,42.1,No,Tier 2,1,2.04,Low
1471,11472,24,0,Bachelor,Operations,2,3.3,5,2,41.2,No,Tier 1,4,0.9,Low
1472,11473,40,18,Bachelor,Sales,5,2.3,16,8,36.8,Yes,Tier 1,5,2.06,Low
1473,11474,52,28,Master,IT,9,3.9,27,13,48.5,No,Tier 2,5,2.5,High
1474,11475,56,36,Bachelor,HR,10,4.8,30,14,41.0,No,Tier 1,1,2.5,High
1475,11476,24,0,Bachelor,Sales,2,3.0,1,0,42.1,No,Tier 2,3,0.76,Low
1476,11477,47,26,Bachelor,HR,7,5.0,24,8,42.4,No,Tier 1,2,2.5,High
1477,11478,37,16,PhD,Operations,5,3.4,16,7,41.9,Yes,Tier 1,3,2.04,Low
1478,11479,32,9,Bachelor,Sales,4,4.6,12,5,45.7,No,Tier 1,1,1.66,Low
1479,11480,42,18,Master,Sales,5,3.7,20,9,39.9,Yes,Tier 1,4,2.2,High
1480,11481,37,11,Bachelor,IT,3,3.7,11,4,48.1,Yes,Tier 2,5,1.54,Low
1481,11482,30,7,High School,Finance,2,4.7,9,5,40.0,Yes,Tier 2,1,1.05,Low
1482,11483,21,0,Diploma,Operations,2,4.0,2,3,42.9,No,Tier 1,3,0.82,Low
1483,11484,42,19,Bachelor,Operations,5,3.7,20,9,36.5,Yes,Tier 1,3,2.17,High
1484,11485,46,25,Diploma,Sales,8,2.2,24,10,48.4,No,Tier 1,1,2.5,High
1485,11486,38,15,High School,Sales,5,2.5,13,6,49.6,Yes,Tier 3,2,1.67,Low
1486,11487,34,13,Master,IT,5,3.8,12,5,46.6,No,Tier 1,3,1.93,Low
1487,11488,49,22,Master,Finance,6,4.5,21,10,43.9,No,Tier 3,2,2.5,High
1488,11489,32,12,Master,Operations,5,3.6,16,6,42.8,Yes,Tier 2,2,1.78,Low
1489,11490,56,30,Diploma,Marketing,8,3.1,29,11,35.2,Yes,Tier 1,4,2.5,High
1490,11491,55,31,Diploma,Marketing,8,2.3,25,15,36.2,No,Tier 3,1,2.5,High
1491,11492,32,5,High School,Finance,3,3.0,5,1,46.8,Yes,Tier 2,1,1.04,Low
1492,11493,27,0,Master,HR,2,3.6,1,1,42.1,No,Tier 2,2,0.87,Low
1493,11494,49,26,Master,IT,8,2.9,22,9,36.2,No,Tier 1,4,2.5,High
1494,11495,31,10,Bachelor,Finance,3,2.9,6,5,36.0,Yes,Tier 2,3,1.38,Low
1495,11496,53,31,Diploma,Marketing,8,3.5,30,9,46.2,Yes,Tier 1,3,2.5,High
1496,11497,26,0,Bachelor,Sales,2,4.4,2,3,47.4,No,Tier 1,1,0.91,Low
1497,11498,35,8,Bachelor,Marketing,4,3.9,11,5,35.3,Yes,Tier 3,2,1.35,Low
1498,11499,52,29,Bachelor,Sales,8,3.7,25,11,43.8,Yes,Tier 3,4,2.5,High
1499,11500,31,6,Bachelor,IT,2,3.6,8,3,44.9,Yes,Tier 1,4,1.26,Low
1500,11501,43,23,Master,Sales,7,3.9,20,10,40.1,Yes,Tier 2,3,2.5,High
1501,11502,46,26,Diploma,Finance,7,3.4,24,11,49.2,Yes,Tier 2,3,2.5,High
1502,11503,54,32,High School,Sales,9,3.2,26,13,41.3,No,Tier 1,5,2.5,High
1503,11504,54,33,PhD,HR,9,4.0,29,12,34.4,No,Tier 1,5,2.5,High
1504,11505,49,26,Diploma,Finance,7,3.4,27,10,42.0,No,Tier 1,2,2.5,High
1505,11506,24,0,High School,IT,1,2.7,4,3,49.8,Yes,Tier 2,5,0.68,Low
1506,11507,37,16,Diploma,Finance,5,4.4,17,8,41.3,Yes,Tier 3,4,1.89,Low
1507,11508,55,35,High School,HR,10,2.3,28,13,37.8,No,Tier 1,5,2.5,High
1508,11509,33,12,Bachelor,IT,4,4.5,14,6,46.1,No,Tier 2,1,1.75,Low
1509,11510,59,39,Master,Marketing,10,3.8,36,15,44.3,Yes,Tier 2,1,2.5,High
1510,11511,35,14,Bachelor,HR,5,2.9,15,7,43.0,Yes,Tier 2,3,1.77,Low
1511,11512,49,27,Bachelor,IT,7,3.5,25,12,45.4,No,Tier 1,3,2.5,High
1512,11513,49,25,Master,Sales,8,3.2,23,9,39.5,No,Tier 2,2,2.5,High
1513,11514,31,9,Bachelor,Finance,4,4.0,12,4,40.0,Yes,Tier 3,1,1.46,Low
1514,11515,52,30,Master,IT,9,4.0,30,12,46.6,No,Tier 1,2,2.5,High
1515,11516,22,0,Master,Finance,1,3.8,4,1,38.2,No,Tier 1,2,0.76,Low
1516,11517,34,10,High School,Sales,4,4.0,9,4,51.1,No,Tier 3,5,1.49,Low
1517,11518,40,13,Master,IT,4,3.4,11,7,49.1,No,Tier 1,3,1.88,Low
1518,11519,42,15,Bachelor,Marketing,5,4.6,17,6,37.3,Yes,Tier 3,2,1.93,Low
1519,11520,31,8,PhD,HR,4,4.3,7,2,50.4,No,Tier 1,2,1.62,Low
1520,11521,47,21,Bachelor,IT,7,3.2,20,10,43.8,No,Tier 1,3,2.41,High
1521,11522,23,0,PhD,Sales,2,4.0,2,1,49.9,No,Tier 1,3,1.06,Low
1522,11523,37,14,Master,IT,4,4.0,12,7,43.7,No,Tier 1,1,1.93,Low
1523,11524,48,26,Diploma,Finance,8,3.3,26,11,42.1,No,Tier 1,3,2.5,High
1524,11525,49,27,Bachelor,Operations,8,3.3,26,11,41.6,Yes,Tier 2,5,2.5,High
1525,11526,41,21,PhD,IT,6,4.3,16,6,30.8,Yes,Tier 1,1,2.42,High
1526,11527,36,16,Master,Marketing,5,3.5,17,4,47.6,No,Tier 3,2,1.99,Low
1527,11528,57,31,High School,IT,8,3.7,29,11,39.5,Yes,Tier 2,5,2.5,High
1528,11529,40,17,Master,HR,6,4.4,19,7,47.8,Yes,Tier 2,5,2.3,High
1529,11530,26,1,Bachelor,IT,1,5.0,4,3,51.4,Yes,Tier 1,1,1.07,Low
1530,11531,39,12,High School,Operations,4,3.2,16,6,40.1,No,Tier 2,2,1.52,Low
1531,11532,25,0,Bachelor,Finance,1,3.4,3,5,39.8,Yes,Tier 2,1,0.79,Low
1532,11533,23,0,Diploma,IT,1,3.5,2,0,48.0,No,Tier 1,4,0.72,Low
1533,11534,21,1,Master,Marketing,1,3.6,1,2,40.7,Yes,Tier 3,4,0.81,Low
1534,11535,58,32,Bachelor,Sales,9,3.7,26,12,49.6,Yes,Tier 1,1,2.5,High
1535,11536,35,9,Master,IT,4,3.2,8,5,39.5,Yes,Tier 1,2,1.62,Low
1536,11537,54,34,High School,IT,9,2.7,31,15,50.2,Yes,Tier 2,2,2.5,High
1537,11538,55,30,Bachelor,HR,9,4.6,26,14,41.5,No,Tier 2,3,2.5,High
1538,11539,45,24,Diploma,Marketing,7,3.9,23,10,44.7,No,Tier 1,5,2.5,High
1539,11540,44,23,Diploma,Operations,6,3.2,18,10,47.9,No,Tier 3,1,2.29,High
1540,11541,32,12,High School,Sales,4,3.8,10,6,45.6,Yes,Tier 2,5,1.6,Low
1541,11542,38,17,Diploma,Finance,6,4.7,14,6,48.4,No,Tier 2,5,2.09,Low
1542,11543,35,11,Bachelor,IT,3,3.0,17,5,35.7,Yes,Tier 1,4,1.59,Low
1543,11544,36,13,Bachelor,Operations,4,3.6,13,5,41.0,Yes,Tier 3,4,1.68,Low
1544,11545,47,24,Bachelor,Sales,7,2.6,22,9,43.3,No,Tier 1,1,2.5,High
1545,11546,28,8,Bachelor,Finance,3,3.4,9,3,39.2,No,Tier 2,1,1.35,Low
1546,11547,45,23,Master,Operations,7,3.9,25,9,47.9,Yes,Tier 1,2,2.5,High
1547,11548,37,10,Master,Marketing,4,2.8,7,5,40.4,Yes,Tier 2,1,1.58,Low
1548,11549,49,24,Bachelor,Marketing,8,3.4,22,10,39.2,No,Tier 1,2,2.5,High
1549,11550,28,8,Bachelor,Sales,4,4.0,5,5,47.7,Yes,Tier 1,2,1.51,Low
1550,11551,35,14,Diploma,Finance,5,3.9,8,8,37.8,No,Tier 3,1,1.76,Low
1551,11552,47,22,PhD,Marketing,6,2.7,19,11,38.0,No,Tier 1,2,2.45,High
1552,11553,27,5,High School,Sales,2,3.7,8,3,45.5,No,Tier 1,5,1.01,Low
1553,11554,23,2,Bachelor,Marketing,1,3.9,3,3,49.7,Yes,Tier 2,2,0.91,Low
1554,11555,49,23,Bachelor,Marketing,7,3.6,22,12,43.8,No,Tier 2,5,2.5,High
1555,11556,44,17,Bachelor,Operations,5,4.2,17,8,34.9,Yes,Tier 1,5,2.02,Low
1556,11557,23,0,Diploma,Operations,2,3.1,3,2,46.4,Yes,Tier 1,5,0.86,Low
1557,11558,40,19,Master,Marketing,5,3.8,21,6,40.0,No,Tier 3,3,2.1,High
1558,11559,35,11,Diploma,HR,4,2.7,10,4,48.6,Yes,Tier 2,3,1.53,Low
1559,11560,45,20,Bachelor,Operations,6,2.5,20,8,41.1,Yes,Tier 1,2,2.24,High
1560,11561,50,26,Diploma,Finance,7,4.0,19,12,48.7,No,Tier 3,1,2.5,High
1561,11562,34,9,High School,Sales,3,3.5,10,4,40.9,No,Tier 2,2,1.27,Low
1562,11563,27,2,Master,Sales,1,3.2,4,2,39.6,Yes,Tier 1,3,0.97,Low
1563,11564,37,12,Diploma,Finance,5,2.8,10,7,33.4,Yes,Tier 1,4,1.68,Low
1564,11565,40,15,Master,Finance,4,4.0,16,6,39.7,Yes,Tier 1,4,1.96,Low
1565,11566,56,31,Bachelor,Finance,8,2.5,26,12,43.9,Yes,Tier 3,2,2.5,High
1566,11567,29,8,High School,Finance,3,4.1,14,4,43.5,No,Tier 1,3,1.36,Low
1567,11568,58,33,PhD,IT,10,3.8,23,14,46.1,No,Tier 1,5,2.5,High
1568,11569,42,21,Diploma,Sales,6,2.6,20,9,49.2,No,Tier 3,3,2.23,High
1569,11570,22,0,Master,IT,1,3.6,3,2,43.1,Yes,Tier 1,2,0.93,Low
1570,11571,44,20,Diploma,Marketing,6,5.0,18,8,43.3,Yes,Tier 2,3,2.24,High
1571,11572,28,2,Master,Marketing,1,4.3,3,0,48.6,Yes,Tier 1,4,0.96,Low
1572,11573,31,6,High School,Sales,2,3.0,8,4,44.2,Yes,Tier 2,5,1.11,Low
1573,11574,33,11,Bachelor,Marketing,4,4.0,14,5,38.4,Yes,Tier 1,2,1.73,Low
1574,11575,37,12,Master,Finance,5,2.6,8,6,40.4,Yes,Tier 1,2,1.74,Low
1575,11576,28,3,PhD,IT,2,2.6,3,2,32.4,Yes,Tier 2,1,0.99,Low
1576,11577,41,17,Master,Finance,5,3.5,14,7,38.3,No,Tier 2,5,2.11,High
1577,11578,38,11,Master,Marketing,4,3.9,9,5,34.5,No,Tier 2,2,1.62,Low
1578,11579,50,27,Master,Operations,7,4.0,25,10,44.8,No,Tier 2,3,2.5,High
1579,11580,38,14,Diploma,IT,4,4.0,16,5,49.1,Yes,Tier 2,3,1.84,Low
1580,11581,51,29,Bachelor,Finance,8,3.8,29,12,38.3,No,Tier 2,3,2.5,High
1581,11582,58,35,Bachelor,Sales,9,2.5,33,14,38.5,No,Tier 2,3,2.5,High
1582,11583,52,32,Bachelor,Finance,10,3.5,30,11,47.7,Yes,Tier 2,2,2.5,High
1583,11584,31,11,Bachelor,Operations,4,4.1,8,5,40.7,No,Tier 2,4,1.55,Low
1584,11585,45,18,Bachelor,Marketing,6,3.8,21,8,44.3,No,Tier 2,5,2.23,High
1585,11586,53,31,Diploma,IT,8,3.6,27,13,46.7,No,Tier 1,3,2.5,High
1586,11587,58,34,Master,Sales,10,3.7,33,13,39.5,Yes,Tier 1,2,2.5,High
1587,11588,28,7,Diploma,IT,3,3.7,5,4,39.6,No,Tier 1,2,1.28,Low
1588,11589,31,9,Bachelor,Sales,3,2.2,10,5,40.5,No,Tier 3,3,1.31,Low
1589,11590,42,16,Bachelor,IT,6,4.3,18,8,35.2,Yes,Tier 2,1,2.1,High
1590,11591,44,21,Master,Marketing,6,3.4,20,7,45.4,No,Tier 2,2,2.38,High
1591,11592,37,14,Master,Sales,5,4.0,12,8,46.0,No,Tier 1,5,2.0,Low
1592,11593,32,7,Bachelor,HR,3,2.0,12,4,43.4,Yes,Tier 1,5,1.36,Low
1593,11594,52,32,Diploma,IT,10,4.6,26,13,49.8,No,Tier 3,1,2.5,High
1594,11595,35,8,Bachelor,IT,3,2.7,9,3,41.7,No,Tier 3,2,1.24,Low
1595,11596,36,13,High School,Finance,5,5.0,15,6,46.1,Yes,Tier 1,1,1.9,Low
1596,11597,42,20,Bachelor,Sales,7,4.9,24,9,45.4,Yes,Tier 2,2,2.49,High
1597,11598,48,25,Bachelor,Operations,8,2.6,22,8,39.0,No,Tier 1,2,2.5,High
1598,11599,40,13,High School,HR,5,4.0,13,5,48.8,No,Tier 1,1,1.77,Low
1599,11600,53,26,Bachelor,Marketing,7,2.8,23,9,43.6,Yes,Tier 2,4,2.5,High
1600,11601,30,3,PhD,Finance,1,3.1,6,1,47.9,Yes,Tier 2,3,0.97,Low
1601,11602,60,38,PhD,HR,10,3.1,35,14,36.5,No,Tier 2,3,2.5,High
1602,11603,52,31,Bachelor,Sales,9,3.8,31,12,43.5,No,Tier 1,3,2.5,High
1603,11604,53,28,High School,HR,9,3.7,27,13,40.7,Yes,Tier 1,1,2.5,High
1604,11605,22,2,Diploma,IT,1,2.7,3,1,38.7,No,Tier 1,2,0.76,Low
1605,11606,53,30,Bachelor,IT,9,3.8,29,12,50.0,Yes,Tier 1,2,2.5,High
1606,11607,53,31,PhD,Finance,9,3.4,28,11,44.0,Yes,Tier 2,5,2.5,High
1607,11608,33,9,Diploma,Sales,3,2.3,12,2,35.6,No,Tier 1,2,1.24,Low
1608,11609,50,30,Master,Sales,8,3.2,29,12,40.5,Yes,Tier 1,4,2.5,High
1609,11610,53,32,Diploma,HR,9,4.6,33,13,47.7,No,Tier 1,3,2.5,High
1610,11611,33,11,PhD,Finance,4,3.2,11,6,38.7,Yes,Tier 2,4,1.77,Low
1611,11612,46,20,Bachelor,Sales,6,2.3,18,7,38.2,No,Tier 2,3,2.18,High
1612,11613,42,16,Master,Operations,5,4.0,17,7,42.3,Yes,Tier 2,1,2.03,Low
1613,11614,59,34,Bachelor,Operations,10,2.9,33,14,45.3,Yes,Tier 1,4,2.5,High
1614,11615,22,0,Bachelor,IT,1,3.6,3,3,39.4,No,Tier 1,2,0.86,Low
1615,11616,58,37,Diploma,HR,10,3.4,36,15,45.0,No,Tier 1,3,2.5,High
1616,11617,59,38,Diploma,Marketing,10,4.6,35,15,43.2,No,Tier 1,5,2.5,High
1617,11618,46,21,PhD,IT,6,3.4,19,10,43.8,No,Tier 1,4,2.5,High
1618,11619,35,12,Master,Finance,5,2.8,14,6,31.0,No,Tier 1,1,1.71,Low
1619,11620,54,31,Master,Sales,8,3.2,27,12,43.1,No,Tier 2,5,2.5,High
1620,11621,60,38,Bachelor,IT,10,2.7,34,15,41.7,No,Tier 3,1,2.5,High
1621,11622,31,7,Master,Marketing,2,3.4,6,4,45.0,No,Tier 1,3,1.29,Low
1622,11623,23,1,High School,Marketing,2,4.7,4,3,39.7,No,Tier 3,4,0.79,Low
1623,11624,26,2,Bachelor,Operations,1,4.3,7,3,41.1,No,Tier 1,1,0.95,Low
1624,11625,29,8,Bachelor,Finance,4,4.8,11,3,45.7,Yes,Tier 2,5,1.58,Low
1625,11626,26,6,Bachelor,IT,3,3.8,9,2,50.2,No,Tier 2,5,1.3,Low
1626,11627,29,7,Bachelor,HR,3,3.6,9,4,36.4,Yes,Tier 3,2,1.22,Low
1627,11628,59,37,Diploma,IT,10,2.9,33,12,45.6,Yes,Tier 1,1,2.5,High
1628,11629,51,27,Bachelor,Operations,8,3.7,21,11,49.1,Yes,Tier 1,4,2.5,High
1629,11630,52,25,Master,Marketing,8,3.4,22,10,46.5,No,Tier 1,4,2.5,High
1630,11631,32,11,Bachelor,Finance,3,4.0,12,7,48.8,No,Tier 1,2,1.77,Low
1631,11632,28,7,Diploma,Finance,2,2.8,6,4,40.3,No,Tier 3,5,1.02,Low
1632,11633,28,2,Diploma,HR,2,3.5,1,3,49.2,Yes,Tier 2,1,0.94,Low
1633,11634,48,21,Diploma,Finance,7,2.5,23,8,39.4,No,Tier 2,5,2.36,High
1634,11635,40,16,Bachelor,Operations,5,3.7,16,9,43.3,No,Tier 2,1,2.01,Low
1635,11636,27,6,Bachelor,Operations,3,3.9,8,5,40.5,Yes,Tier 3,1,1.2,Low
1636,11637,31,4,Bachelor,Operations,3,2.4,8,3,40.7,Yes,Tier 1,1,1.18,Low
1637,11638,40,15,Master,Finance,5,2.6,13,4,34.4,Yes,Tier 1,5,1.79,Low
1638,11639,36,9,Bachelor,Finance,4,2.7,9,6,33.1,No,Tier 3,5,1.37,Low
1639,11640,24,1,Master,Operations,1,3.4,8,4,48.9,No,Tier 1,5,1.06,Low
1640,11641,26,0,Diploma,Finance,2,2.6,2,2,34.0,No,Tier 1,3,0.7,Low
1641,11642,42,17,Bachelor,Finance,5,4.4,16,7,44.3,No,Tier 1,5,2.19,High
1642,11643,46,26,Master,Marketing,8,3.8,22,10,36.5,Yes,Tier 2,2,2.5,High
1643,11644,23,1,Diploma,IT,1,3.9,2,0,38.8,No,Tier 2,3,0.67,Low
1644,11645,34,8,Diploma,Sales,4,2.5,12,3,46.4,Yes,Tier 1,1,1.35,Low
1645,11646,31,11,Master,Finance,3,4.3,6,7,43.8,Yes,Tier 2,4,1.67,Low
1646,11647,38,16,Bachelor,Sales,6,3.9,15,8,42.4,No,Tier 2,3,2.07,Low
1647,11648,32,9,Master,Sales,3,3.1,11,4,48.7,No,Tier 3,3,1.43,Low
1648,11649,43,16,High School,Marketing,6,2.5,20,6,41.6,No,Tier 2,1,1.92,Low
1649,11650,32,11,Master,Finance,4,3.5,9,8,49.1,No,Tier 2,5,1.84,Low
1650,11651,33,8,Bachelor,Operations,3,3.2,6,3,37.7,Yes,Tier 2,5,1.26,Low
1651,11652,45,21,High School,Sales,6,3.2,18,8,37.1,Yes,Tier 1,3,2.08,Low
1652,11653,39,14,Bachelor,Finance,4,3.0,16,6,42.3,Yes,Tier 1,5,1.72,Low
1653,11654,56,33,Diploma,HR,9,4.0,30,11,43.0,No,Tier 2,3,2.5,High
1654,11655,28,8,Bachelor,Operations,3,1.8,6,4,38.7,No,Tier 1,4,1.28,Low
1655,11656,49,25,High School,HR,8,4.4,23,9,41.6,No,Tier 1,4,2.5,High
1656,11657,52,31,Diploma,HR,8,4.1,32,11,49.8,Yes,Tier 2,1,2.5,High
1657,11658,38,15,Bachelor,Sales,4,3.6,16,8,41.0,No,Tier 1,2,1.83,Low
1658,11659,26,2,High School,HR,2,3.4,5,1,33.3,No,Tier 1,2,0.77,Low
1659,11660,38,15,Master,Marketing,4,4.2,16,6,34.3,No,Tier 2,5,1.94,Low
1660,11661,39,12,High School,Marketing,4,3.5,14,4,53.4,No,Tier 2,2,1.46,Low
1661,11662,42,19,Bachelor,Sales,5,3.3,15,8,50.3,No,Tier 3,4,2.11,High
1662,11663,57,36,Diploma,Finance,10,4.2,31,12,40.8,Yes,Tier 2,1,2.5,High
1663,11664,52,26,Bachelor,IT,7,4.9,23,10,47.1,Yes,Tier 2,4,2.5,High
1664,11665,23,1,Master,Finance,2,2.9,3,2,44.3,Yes,Tier 1,3,0.94,Low
1665,11666,48,24,Diploma,Finance,8,3.8,24,11,49.4,Yes,Tier 1,5,2.5,High
1666,11667,30,3,PhD,Finance,1,2.8,4,2,37.6,Yes,Tier 1,5,1.04,Low
1667,11668,55,34,Diploma,Finance,10,3.8,29,15,37.8,Yes,Tier 2,2,2.5,High
1668,11669,49,26,Master,Operations,7,3.0,21,9,49.6,Yes,Tier 2,3,2.5,High
1669,11670,35,8,Bachelor,IT,3,4.3,10,4,35.5,No,Tier 2,2,1.3,Low
1670,11671,53,32,Master,Operations,9,3.4,31,14,43.3,No,Tier 2,2,2.5,High
1671,11672,27,1,Bachelor,HR,1,3.5,3,5,42.8,No,Tier 1,2,0.8,Low
1672,11673,32,5,Bachelor,Finance,2,4.6,9,5,46.9,Yes,Tier 2,3,1.2,Low
1673,11674,50,23,Diploma,Marketing,7,3.0,21,9,43.7,Yes,Tier 1,2,2.48,High
1674,11675,41,19,Diploma,Sales,6,3.9,12,8,42.3,Yes,Tier 1,5,2.19,High
1675,11676,51,26,Master,Sales,8,3.1,24,11,41.1,No,Tier 2,2,2.5,High
1676,11677,44,20,Bachelor,Operations,7,4.3,19,9,38.0,No,Tier 3,3,2.31,High
1677,11678,40,18,Bachelor,Operations,5,4.7,18,6,42.2,Yes,Tier 3,3,2.1,High
1678,11679,57,37,Master,Marketing,10,3.3,33,14,48.8,No,Tier 3,4,2.5,High
1679,11680,24,0,Bachelor,Finance,2,2.1,1,1,41.6,Yes,Tier 1,2,0.84,Low
1680,11681,48,26,PhD,IT,7,3.1,27,9,50.0,No,Tier 1,3,2.5,High
1681,11682,40,17,Master,HR,6,5.0,16,7,46.7,Yes,Tier 1,2,2.27,High
1682,11683,44,20,Bachelor,Sales,7,3.1,19,9,45.4,Yes,Tier 1,1,2.4,High
1683,11684,52,28,Master,HR,9,4.7,27,12,42.2,No,Tier 1,5,2.5,High
1684,11685,56,35,High School,IT,10,3.1,31,13,39.9,No,Tier 2,5,2.5,High
1685,11686,54,31,Bachelor,Operations,8,3.1,34,12,51.4,No,Tier 2,2,2.5,High
1686,11687,56,36,Bachelor,Sales,10,4.0,31,14,47.0,No,Tier 3,5,2.5,High
1687,11688,22,0,Diploma,HR,2,3.9,4,2,42.3,Yes,Tier 3,5,0.77,Low
1688,11689,35,8,Master,Operations,4,4.1,8,5,51.5,Yes,Tier 1,1,1.66,Low
1689,11690,54,28,Master,IT,9,3.5,28,11,46.1,No,Tier 3,5,2.5,High
1690,11691,56,34,Bachelor,HR,10,4.2,31,13,35.9,No,Tier 2,5,2.5,High
1691,11692,26,5,Bachelor,Finance,3,4.1,6,2,40.9,No,Tier 2,3,1.14,Low
1692,11693,59,37,PhD,Operations,10,4.2,30,14,46.6,Yes,Tier 2,5,2.5,High
1693,11694,32,12,Bachelor,IT,5,3.1,9,7,50.5,No,Tier 1,2,1.84,Low
1694,11695,23,0,Bachelor,HR,2,4.2,4,2,54.8,Yes,Tier 3,5,1.0,Low
1695,11696,38,18,Bachelor,Finance,5,3.2,14,6,43.1,No,Tier 2,2,2.0,Low
1696,11697,60,36,Master,Finance,10,3.4,35,15,46.1,No,Tier 3,5,2.5,High
1697,11698,41,15,Bachelor,IT,4,3.4,12,7,39.9,No,Tier 3,2,1.7,Low
1698,11699,35,15,Master,Marketing,4,2.9,15,7,38.6,No,Tier 2,5,1.91,Low
1699,11700,53,31,Master,Sales,8,2.4,26,13,34.6,Yes,Tier 1,2,2.5,High
1700,11701,55,32,Bachelor,IT,9,4.3,29,11,44.9,Yes,Tier 1,5,2.5,High
1701,11702,46,23,Bachelor,Finance,6,3.0,21,10,49.3,No,Tier 1,1,2.5,High
1702,11703,28,4,Master,Finance,2,3.3,7,4,46.9,Yes,Tier 1,3,1.21,Low
1703,11704,56,31,Bachelor,IT,8,3.0,24,11,43.4,No,Tier 3,3,2.5,High
1704,11705,50,28,Master,Marketing,9,3.3,23,9,49.1,No,Tier 1,3,2.5,High
1705,11706,43,21,PhD,Sales,6,3.2,22,9,57.8,No,Tier 3,3,2.5,High
1706,11707,34,14,Bachelor,HR,5,4.3,16,6,38.8,No,Tier 2,1,1.87,Low
1707,11708,34,8,Master,IT,4,3.1,3,2,30.9,No,Tier 1,1,1.43,Low
1708,11709,22,0,Master,Sales,2,4.6,4,2,44.7,No,Tier 2,5,1.03,Low
1709,11710,57,36,Master,Sales,10,4.2,29,14,48.4,Yes,Tier 2,1,2.5,High
1710,11711,25,0,Bachelor,Operations,2,3.2,2,0,35.3,No,Tier 2,3,0.73,Low
1711,11712,58,38,High School,Finance,10,3.7,33,16,47.2,No,Tier 2,4,2.5,High
1712,11713,34,13,Bachelor,HR,5,3.8,17,7,41.3,Yes,Tier 1,5,1.93,Low
1713,11714,59,35,Master,IT,10,4.0,28,11,44.7,No,Tier 2,2,2.5,High
1714,11715,45,22,Bachelor,Finance,6,4.1,17,10,38.4,No,Tier 2,3,2.4,High
1715,11716,40,16,Master,Operations,6,3.6,17,8,38.1,No,Tier 2,3,2.13,High
1716,11717,22,0,Bachelor,Operations,2,2.9,3,3,37.5,Yes,Tier 3,3,0.74,Low
1717,11718,59,35,Bachelor,Finance,10,3.9,34,12,46.3,No,Tier 1,1,2.5,High
1718,11719,26,4,Diploma,Marketing,3,3.3,5,4,39.9,Yes,Tier 1,2,1.13,Low
1719,11720,37,16,Master,Sales,5,1.7,19,7,44.3,No,Tier 2,5,1.95,Low
1720,11721,45,22,Bachelor,IT,7,3.8,21,8,43.1,No,Tier 3,3,2.46,High
1721,11722,48,28,Diploma,IT,8,3.0,27,10,37.1,No,Tier 1,2,2.5,High
1722,11723,22,1,Bachelor,IT,1,3.2,8,0,43.4,Yes,Tier 1,4,0.93,Low
1723,11724,55,35,Master,Finance,10,3.5,31,14,44.2,Yes,Tier 1,1,2.5,High
1724,11725,57,36,Bachelor,Marketing,10,2.5,34,13,48.3,Yes,Tier 1,3,2.5,High
1725,11726,25,4,Diploma,HR,2,3.6,5,0,50.5,Yes,Tier 1,2,1.0,Low
1726,11727,21,0,PhD,Operations,2,3.3,4,2,37.9,No,Tier 1,2,1.0,Low
1727,11728,60,37,Master,Finance,10,2.9,29,15,44.8,No,Tier 2,3,2.5,High
1728,11729,32,9,PhD,HR,3,3.5,9,3,31.9,Yes,Tier 1,2,1.43,Low
1729,11730,56,30,Bachelor,Operations,8,2.4,24,11,47.3,Yes,Tier 1,2,2.5,High
1730,11731,43,22,Bachelor,Operations,7,3.5,24,9,48.5,No,Tier 1,5,2.5,High
1731,11732,51,29,Master,Marketing,9,3.8,31,8,30.0,No,Tier 3,1,2.5,High
1732,11733,31,9,Bachelor,Sales,4,3.7,9,4,41.3,Yes,Tier 2,5,1.52,Low
1733,11734,30,10,Master,IT,3,4.0,9,5,38.5,Yes,Tier 3,1,1.55,Low
1734,11735,23,3,Bachelor,HR,2,4.3,2,2,41.3,Yes,Tier 2,1,0.93,Low
1735,11736,34,10,Bachelor,Finance,3,3.4,12,3,40.3,Yes,Tier 1,5,1.47,Low
1736,11737,36,15,Diploma,HR,4,4.2,13,5,42.8,Yes,Tier 1,3,1.76,Low
1737,11738,30,10,Diploma,Sales,4,3.4,10,3,47.9,Yes,Tier 2,2,1.49,Low
1738,11739,49,29,High School,IT,8,3.0,30,10,41.4,No,Tier 2,4,2.5,High
1739,11740,30,5,High School,HR,3,3.2,6,4,38.1,No,Tier 2,5,1.0,Low
1740,11741,32,11,PhD,Sales,4,3.7,13,8,42.0,Yes,Tier 2,5,1.75,Low
1741,11742,50,23,Diploma,Finance,6,4.2,22,9,41.7,No,Tier 2,3,2.44,High
1742,11743,21,0,Master,Marketing,2,3.5,1,2,42.6,No,Tier 1,2,0.87,Low
1743,11744,25,5,Master,Operations,2,3.1,2,2,39.9,No,Tier 3,5,1.06,Low
1744,11745,40,16,Bachelor,Finance,5,4.4,17,4,44.8,Yes,Tier 2,4,2.0,Low
1745,11746,28,5,Diploma,IT,3,2.6,11,5,49.5,No,Tier 1,2,1.26,Low
1746,11747,32,8,Master,Operations,4,3.1,10,3,36.7,No,Tier 2,5,1.51,Low
1747,11748,21,0,Bachelor,Finance,2,4.1,5,2,45.3,Yes,Tier 2,5,1.08,Low
1748,11749,40,18,Master,Finance,6,4.6,15,8,47.8,No,Tier 1,1,2.26,High
1749,11750,48,21,Master,Finance,6,3.8,22,10,40.8,No,Tier 1,1,2.5,High
1750,11751,57,35,PhD,Finance,9,3.7,34,14,49.3,No,Tier 1,5,2.5,High
1751,11752,57,33,Bachelor,Operations,9,3.3,28,13,42.7,Yes,Tier 1,3,2.5,High
1752,11753,32,10,Bachelor,IT,4,3.9,12,5,37.4,Yes,Tier 1,1,1.66,Low
1753,11754,57,34,Bachelor,Sales,9,3.6,26,14,36.6,No,Tier 1,5,2.5,High
1754,11755,48,27,High School,HR,7,3.0,26,10,46.9,Yes,Tier 1,2,2.5,High
1755,11756,35,13,Master,Marketing,5,3.3,12,8,46.5,No,Tier 1,4,1.9,Low
1756,11757,26,4,Diploma,HR,3,2.9,3,2,50.8,Yes,Tier 3,1,1.05,Low
1757,11758,40,16,Bachelor,HR,6,3.5,17,7,46.4,No,Tier 1,5,2.12,High
1758,11759,34,11,Master,Marketing,3,3.6,7,6,42.5,No,Tier 1,1,1.57,Low
1759,11760,22,0,Bachelor,Operations,2,4.6,4,0,45.4,Yes,Tier 1,2,0.89,Low
1760,11761,29,3,Bachelor,IT,1,3.1,3,4,43.4,No,Tier 2,3,0.99,Low
1761,11762,57,31,Bachelor,Marketing,8,3.4,24,12,41.3,Yes,Tier 1,5,2.5,High
1762,11763,40,14,Master,IT,4,4.3,14,10,40.3,Yes,Tier 1,2,1.94,Low
1763,11764,46,25,Bachelor,Operations,7,4.7,23,12,34.4,Yes,Tier 1,4,2.5,High
1764,11765,49,22,Master,HR,6,3.8,24,9,39.3,Yes,Tier 3,5,2.41,High
1765,11766,21,0,High School,IT,2,3.3,1,4,42.9,Yes,Tier 2,4,0.72,Low
1766,11767,55,31,Master,Operations,8,3.2,31,13,30.0,No,Tier 1,3,2.5,High
1767,11768,26,1,Master,Operations,2,2.3,1,2,40.4,Yes,Tier 1,5,0.87,Low
1768,11769,57,34,Diploma,Sales,9,2.9,32,11,47.6,Yes,Tier 1,5,2.5,High
1769,11770,25,0,Bachelor,Marketing,1,3.6,6,0,49.7,Yes,Tier 1,2,0.79,Low
1770,11771,53,32,Diploma,Sales,10,3.4,29,12,40.4,Yes,Tier 2,1,2.5,High
1771,11772,34,11,Master,HR,3,3.9,10,5,40.2,No,Tier 2,5,1.53,Low
1772,11773,32,6,Bachelor,Marketing,2,3.4,4,4,39.4,Yes,Tier 2,3,1.06,Low
1773,11774,40,19,Bachelor,HR,6,3.0,13,9,40.2,No,Tier 1,5,2.17,High
1774,11775,44,21,Diploma,Sales,7,3.7,24,10,48.7,Yes,Tier 2,5,2.43,High
1775,11776,54,30,Diploma,Operations,8,5.0,26,11,51.1,No,Tier 1,5,2.5,High
1776,11777,45,21,High School,HR,6,3.3,17,10,34.6,Yes,Tier 1,5,2.2,High
1777,11778,49,22,Bachelor,Marketing,6,3.6,18,8,38.9,No,Tier 2,3,2.32,High
1778,11779,59,39,Bachelor,Marketing,10,4.1,35,13,33.7,No,Tier 1,2,2.5,High
1779,11780,51,24,Master,HR,7,3.1,21,10,42.9,Yes,Tier 2,1,2.5,High
1780,11781,43,21,Master,Marketing,7,4.3,15,8,40.6,No,Tier 3,3,2.38,High
1781,11782,58,31,Bachelor,Operations,9,2.5,30,11,44.8,No,Tier 1,3,2.5,High
1782,11783,40,14,PhD,Operations,4,3.2,15,7,46.3,Yes,Tier 3,4,1.92,Low
1783,11784,43,18,Master,Marketing,6,3.3,22,8,45.8,No,Tier 1,1,2.2,High
1784,11785,36,13,PhD,HR,4,3.6,16,5,34.8,No,Tier 1,2,1.8,Low
1785,11786,28,3,Bachelor,Sales,1,2.2,1,1,42.9,No,Tier 2,2,0.76,Low
1786,11787,41,21,Bachelor,Marketing,7,4.4,23,8,34.5,No,Tier 2,4,2.43,High
1787,11788,21,0,High School,Marketing,2,3.8,6,4,51.7,Yes,Tier 1,4,0.83,Low
1788,11789,28,5,Master,Marketing,3,4.2,5,4,41.2,No,Tier 2,3,1.28,Low
1789,11790,49,28,Diploma,Marketing,9,4.5,24,13,36.2,No,Tier 3,2,2.5,High
1790,11791,52,26,Bachelor,HR,8,3.0,25,10,40.3,Yes,Tier 1,2,2.5,High
1791,11792,58,36,Bachelor,Sales,10,1.9,29,13,44.0,No,Tier 3,2,2.5,High
1792,11793,25,1,Bachelor,Sales,1,4.2,3,3,46.7,Yes,Tier 2,3,0.88,Low
1793,11794,42,22,Bachelor,IT,6,3.3,23,10,49.5,No,Tier 3,2,2.46,High
1794,11795,54,32,Diploma,Marketing,9,2.8,30,12,43.3,Yes,Tier 1,5,2.5,High
1795,11796,21,0,Bachelor,Marketing,2,3.9,1,1,41.3,Yes,Tier 2,4,0.86,Low
1796,11797,46,19,Bachelor,IT,6,5.0,21,6,46.4,No,Tier 1,4,2.32,High
1797,11798,30,8,PhD,Sales,4,3.4,10,3,46.3,Yes,Tier 3,4,1.48,Low
1798,11799,50,23,Master,Finance,6,4.1,22,10,43.6,Yes,Tier 2,4,2.5,High
1799,11800,38,12,Master,Operations,4,2.9,11,5,47.0,Yes,Tier 1,5,1.69,Low
1800,11801,37,13,Master,Finance,5,2.4,13,7,39.9,No,Tier 1,1,1.8,Low
1801,11802,46,23,Bachelor,Sales,7,4.1,19,12,42.9,No,Tier 3,2,2.5,High
1802,11803,28,7,Diploma,Marketing,3,3.9,4,4,32.8,Yes,Tier 2,4,1.18,Low
1803,11804,60,36,Master,Finance,10,3.2,31,13,49.9,No,Tier 1,2,2.5,High
1804,11805,32,5,Bachelor,HR,2,4.6,7,4,40.5,Yes,Tier 1,2,1.15,Low
1805,11806,47,20,Bachelor,HR,6,2.4,19,7,50.0,No,Tier 3,5,2.22,High
1806,11807,28,7,Bachelor,IT,2,2.7,12,3,39.7,Yes,Tier 1,2,1.24,Low
1807,11808,45,22,Bachelor,Sales,7,3.1,19,8,44.5,Yes,Tier 1,4,2.42,High
1808,11809,24,2,Bachelor,Sales,1,3.3,4,1,43.3,Yes,Tier 3,2,0.7,Low
1809,11810,53,32,Bachelor,Finance,10,4.5,31,13,40.0,No,Tier 1,5,2.5,High
1810,11811,21,1,Diploma,Marketing,2,3.5,2,1,45.4,No,Tier 1,4,0.8,Low
1811,11812,39,19,Master,Sales,6,3.4,19,9,49.4,No,Tier 1,5,2.41,High
1812,11813,51,25,Diploma,Finance,7,2.7,22,10,51.9,Yes,Tier 3,3,2.5,High
1813,11814,36,12,High School,Finance,4,4.2,12,5,46.7,No,Tier 1,1,1.61,Low
1814,11815,34,7,Bachelor,Operations,3,2.8,10,5,36.9,No,Tier 2,2,1.21,Low
1815,11816,25,2,Master,Operations,1,2.7,4,1,36.0,Yes,Tier 3,2,0.7,Low
1816,11817,46,20,Bachelor,Sales,7,3.2,21,7,48.7,Yes,Tier 1,2,2.34,High
1817,11818,48,24,Bachelor,Finance,8,3.6,17,10,38.0,Yes,Tier 3,3,2.5,High
1818,11819,22,0,Bachelor,IT,2,3.0,1,0,46.1,No,Tier 1,1,0.92,Low
1819,11820,26,0,Bachelor,IT,1,4.0,1,2,43.7,No,Tier 2,5,0.81,Low
1820,11821,29,4,PhD,Operations,2,3.3,3,4,49.6,No,Tier 1,3,1.21,Low
1821,11822,53,29,Master,Sales,9,4.2,31,13,45.5,Yes,Tier 2,3,2.5,High
1822,11823,45,20,Bachelor,Marketing,6,3.8,19,10,42.8,Yes,Tier 1,4,2.32,High
1823,11824,33,13,Bachelor,IT,4,4.7,12,6,53.3,No,Tier 1,3,1.92,Low
1824,11825,29,9,Master,IT,3,3.2,12,5,47.1,Yes,Tier 3,3,1.52,Low
1825,11826,33,9,High School,Operations,3,4.0,13,4,45.8,No,Tier 1,2,1.33,Low
1826,11827,51,31,Bachelor,Operations,9,2.3,25,11,39.6,No,Tier 3,4,2.5,High
1827,11828,31,8,Bachelor,Sales,3,5.0,16,6,37.3,Yes,Tier 1,5,1.6,Low
1828,11829,24,0,Master,Operations,2,4.0,4,1,41.7,No,Tier 1,1,0.95,Low
1829,11830,54,29,High School,HR,9,3.3,27,11,35.5,No,Tier 3,5,2.5,High
1830,11831,58,34,Bachelor,Finance,9,3.3,31,12,41.4,Yes,Tier 1,4,2.5,High
1831,11832,24,4,Master,IT,3,3.3,7,3,47.0,No,Tier 3,2,1.28,Low
1832,11833,58,37,Bachelor,HR,10,4.7,31,15,47.9,Yes,Tier 2,1,2.5,High
1833,11834,39,12,High School,Marketing,4,4.1,18,6,41.3,No,Tier 1,5,1.56,Low
1834,11835,26,0,PhD,HR,2,3.2,2,0,57.7,No,Tier 2,1,1.01,Low
1835,11836,54,28,Bachelor,Sales,9,2.7,28,12,49.4,No,Tier 1,1,2.5,High
1836,11837,38,13,Bachelor,Marketing,4,4.3,12,5,42.9,No,Tier 1,1,1.67,Low
1837,11838,33,9,Diploma,Marketing,3,4.0,9,4,48.7,No,Tier 2,3,1.39,Low
1838,11839,43,19,Bachelor,Operations,5,4.0,23,6,40.1,Yes,Tier 1,4,2.19,High
1839,11840,39,16,Bachelor,HR,5,3.4,16,7,44.3,Yes,Tier 1,4,2.01,Low
1840,11841,31,9,High School,Sales,3,3.3,10,3,41.2,Yes,Tier 3,2,1.19,Low
1841,11842,21,0,Diploma,IT,2,4.6,4,1,36.9,Yes,Tier 3,5,0.8,Low
1842,11843,44,22,Master,Operations,7,4.7,27,9,45.7,Yes,Tier 2,2,2.5,High
1843,11844,27,2,Diploma,HR,1,3.9,10,3,43.0,Yes,Tier 2,5,0.81,Low
1844,11845,45,19,Diploma,IT,5,4.1,21,9,43.3,No,Tier 2,1,2.19,High
1845,11846,41,18,Bachelor,HR,6,3.7,25,5,42.9,No,Tier 2,5,2.17,High
1846,11847,35,12,Master,Operations,4,2.6,10,6,38.5,Yes,Tier 1,5,1.65,Low
1847,11848,21,0,High School,IT,1,2.9,5,2,50.9,No,Tier 3,1,0.65,Low
1848,11849,32,7,Bachelor,Operations,3,4.2,9,3,44.2,Yes,Tier 1,2,1.3,Low
1849,11850,27,5,Diploma,HR,3,4.3,3,2,41.7,No,Tier 2,5,1.08,Low
1850,11851,35,9,High School,Marketing,4,4.2,11,4,36.5,No,Tier 3,2,1.31,Low
1851,11852,41,18,High School,Finance,5,3.7,16,8,50.0,Yes,Tier 2,2,1.94,Low
1852,11853,39,13,Master,Marketing,5,4.2,17,6,47.6,No,Tier 3,4,1.94,Low
1853,11854,49,29,Diploma,Operations,8,3.5,25,11,43.0,Yes,Tier 1,1,2.5,High
1854,11855,45,21,High School,Operations,7,3.9,19,5,36.6,Yes,Tier 1,1,2.14,High
1855,11856,53,29,Bachelor,Operations,8,3.4,30,11,51.3,Yes,Tier 3,3,2.5,High
1856,11857,52,26,Master,IT,7,2.8,24,9,41.2,No,Tier 1,2,2.5,High
1857,11858,55,34,Bachelor,Sales,9,4.1,33,15,39.6,No,Tier 2,3,2.5,High
1858,11859,58,37,Bachelor,Operations,10,4.3,34,14,42.8,No,Tier 1,1,2.5,High
1859,11860,46,21,High School,Marketing,7,5.0,21,9,44.9,No,Tier 2,1,2.33,High
1860,11861,31,6,Bachelor,Finance,3,3.7,7,4,42.2,Yes,Tier 2,3,1.26,Low
1861,11862,55,31,Bachelor,Operations,8,2.8,29,12,30.0,No,Tier 1,1,2.5,High
1862,11863,28,8,Bachelor,Operations,4,3.3,9,4,44.2,Yes,Tier 2,1,1.45,Low
1863,11864,34,7,Bachelor,Operations,3,3.4,7,3,47.6,Yes,Tier 2,4,1.28,Low
1864,11865,30,8,Bachelor,IT,3,3.6,9,2,38.5,No,Tier 1,5,1.31,Low
1865,11866,22,0,Diploma,Operations,1,3.8,6,2,50.8,Yes,Tier 2,4,0.81,Low
1866,11867,29,4,Bachelor,Marketing,3,3.7,8,3,47.4,Yes,Tier 2,5,1.24,Low
1867,11868,23,3,High School,HR,2,4.0,7,2,45.3,No,Tier 1,4,0.92,Low
1868,11869,41,16,Master,Sales,6,3.6,16,7,37.9,No,Tier 2,4,2.12,High
1869,11870,46,19,PhD,Operations,5,2.1,13,6,44.4,No,Tier 1,2,2.12,High
1870,11871,28,6,PhD,IT,3,3.6,5,3,44.8,Yes,Tier 1,3,1.41,Low
1871,11872,22,0,Master,Marketing,1,3.6,2,1,42.6,Yes,Tier 2,4,0.81,Low
1872,11873,26,1,Bachelor,Operations,1,3.9,1,3,47.5,No,Tier 2,2,0.86,Low
1873,11874,48,25,Master,IT,8,3.3,22,10,41.2,No,Tier 3,4,2.5,High
1874,11875,49,23,Bachelor,HR,7,3.6,20,8,41.6,No,Tier 1,3,2.5,High
1875,11876,46,19,Bachelor,Finance,5,3.9,17,8,39.7,No,Tier 1,2,2.12,High
1876,11877,45,18,Bachelor,Operations,5,3.4,21,6,40.7,No,Tier 1,5,2.15,High
1877,11878,32,7,Bachelor,Marketing,3,3.9,8,3,42.3,Yes,Tier 2,3,1.29,Low
1878,11879,25,1,Master,IT,2,3.5,6,3,42.1,No,Tier 1,1,1.04,Low
1879,11880,54,29,Bachelor,IT,9,3.6,27,10,41.8,No,Tier 2,2,2.5,High
1880,11881,57,33,Bachelor,Operations,9,1.6,33,12,47.6,No,Tier 1,1,2.5,High
1881,11882,35,8,Master,IT,3,2.8,12,3,50.5,Yes,Tier 3,2,1.46,Low
1882,11883,56,36,High School,Finance,10,2.8,30,12,36.6,No,Tier 2,5,2.5,High
1883,11884,35,8,Bachelor,IT,3,3.6,14,6,50.4,No,Tier 3,2,1.54,Low
1884,11885,43,21,Master,Sales,6,4.3,19,10,46.4,No,Tier 1,4,2.5,High
1885,11886,26,0,Bachelor,Sales,2,3.4,4,1,38.5,No,Tier 2,1,0.8,Low
1886,11887,41,15,Bachelor,IT,4,4.1,16,6,41.4,Yes,Tier 2,1,1.85,Low
1887,11888,43,22,Diploma,Operations,7,3.9,22,6,44.4,Yes,Tier 2,2,2.34,High
1888,11889,36,15,Bachelor,Sales,5,3.6,17,5,34.7,Yes,Tier 1,4,1.94,Low
1889,11890,35,8,Master,Marketing,3,3.9,8,3,42.6,Yes,Tier 3,4,1.42,Low
1890,11891,45,23,Bachelor,Sales,6,3.7,23,9,45.6,No,Tier 1,2,2.43,High
1891,11892,56,35,Bachelor,IT,10,3.4,32,13,39.3,Yes,Tier 1,3,2.5,High
1892,11893,31,5,High School,Operations,2,3.8,7,4,35.6,No,Tier 2,5,0.99,Low
1893,11894,35,10,High School,HR,4,4.4,11,6,44.0,Yes,Tier 2,2,1.43,Low
1894,11895,24,4,PhD,Operations,2,3.8,4,3,54.0,Yes,Tier 2,4,1.29,Low
1895,11896,41,21,Bachelor,Operations,6,3.6,21,7,39.4,Yes,Tier 1,5,2.28,High
1896,11897,33,11,Bachelor,Operations,3,2.9,10,6,39.6,No,Tier 1,2,1.37,Low
1897,11898,42,15,High School,Marketing,5,4.4,16,7,42.0,Yes,Tier 2,5,1.84,Low
1898,11899,39,18,Master,Finance,5,2.6,17,7,50.8,Yes,Tier 1,3,2.2,High
1899,11900,54,29,PhD,IT,9,2.4,23,9,34.7,No,Tier 3,4,2.5,High
1900,11901,34,14,Bachelor,Finance,5,3.7,12,8,46.8,No,Tier 3,3,2.01,Low
1901,11902,24,4,Diploma,HR,3,2.9,7,3,40.6,No,Tier 2,3,1.04,Low
1902,11903,47,24,Bachelor,Finance,7,4.2,21,6,41.1,Yes,Tier 1,4,2.5,High
1903,11904,49,22,Master,IT,7,2.4,19,11,37.9,Yes,Tier 3,3,2.5,High
1904,11905,48,25,Bachelor,IT,8,4.1,21,9,41.8,No,Tier 1,2,2.5,High
1905,11906,55,29,Master,HR,8,4.0,24,14,38.1,No,Tier 1,2,2.5,High
1906,11907,28,8,Bachelor,IT,4,3.6,14,5,40.3,No,Tier 1,5,1.58,Low
1907,11908,36,14,Master,HR,5,2.1,11,6,30.7,Yes,Tier 1,2,1.78,Low
1908,11909,56,32,Bachelor,HR,9,2.4,32,12,34.3,Yes,Tier 3,2,2.5,High
1909,11910,50,26,Diploma,IT,8,3.7,23,9,44.7,Yes,Tier 2,5,2.5,High
1910,11911,38,13,Bachelor,Sales,4,3.3,12,6,49.3,No,Tier 3,1,1.66,Low
1911,11912,22,2,Diploma,HR,2,4.0,6,5,59.1,Yes,Tier 1,4,1.12,Low
1912,11913,33,13,Master,IT,5,3.5,14,5,47.6,No,Tier 2,2,1.9,Low
1913,11914,24,0,Master,Sales,1,3.4,3,2,40.4,Yes,Tier 3,5,0.8,Low
1914,11915,46,26,Master,HR,8,1.9,24,9,33.1,No,Tier 3,3,2.5,High
1915,11916,45,23,Bachelor,Sales,7,4.0,21,9,45.7,Yes,Tier 2,3,2.5,High
1916,11917,50,27,Diploma,Marketing,8,3.1,24,13,35.7,No,Tier 1,2,2.5,High
1917,11918,31,11,Master,Operations,3,3.2,14,6,39.0,Yes,Tier 2,4,1.58,Low
1918,11919,27,7,Bachelor,Marketing,2,2.8,5,5,47.4,No,Tier 1,5,1.22,Low
1919,11920,51,25,Diploma,Sales,7,2.5,21,10,44.5,No,Tier 2,5,2.45,High
1920,11921,30,3,Bachelor,HR,1,4.5,3,6,38.4,Yes,Tier 2,5,0.98,Low
1921,11922,59,38,High School,IT,10,4.0,31,13,34.5,No,Tier 2,5,2.5,High
1922,11923,33,6,Bachelor,Finance,3,4.0,8,2,44.1,No,Tier 2,5,1.22,Low
1923,11924,51,25,Bachelor,IT,7,3.4,24,12,44.7,No,Tier 2,4,2.5,High
1924,11925,27,0,Diploma,Finance,1,2.4,1,1,50.5,No,Tier 1,5,0.75,Low
1925,11926,56,30,PhD,Finance,8,4.9,26,12,30.5,No,Tier 2,4,2.5,High
1926,11927,40,18,Diploma,HR,6,3.8,17,10,43.6,Yes,Tier 2,4,2.13,High
1927,11928,24,0,Diploma,Sales,2,3.6,2,2,47.6,Yes,Tier 1,4,0.83,Low
1928,11929,27,7,Diploma,IT,2,3.3,5,7,40.9,No,Tier 1,3,1.18,Low
1929,11930,21,0,Master,Sales,2,2.2,2,2,35.0,No,Tier 1,1,0.86,Low
1930,11931,33,7,Bachelor,Marketing,3,4.2,6,3,38.4,Yes,Tier 1,2,1.27,Low
1931,11932,42,21,Bachelor,HR,7,2.8,19,6,43.2,No,Tier 3,3,2.25,High
1932,11933,41,15,High School,HR,5,3.9,11,7,40.6,Yes,Tier 1,1,1.7,Low
1933,11934,42,18,High School,Marketing,5,4.0,17,5,44.5,No,Tier 2,3,1.96,Low
1934,11935,48,23,Bachelor,IT,6,3.7,20,10,49.4,No,Tier 2,4,2.5,High
1935,11936,29,9,Master,Operations,4,3.8,10,6,41.0,No,Tier 1,4,1.66,Low
1936,11937,46,26,Master,Marketing,8,4.4,25,10,49.1,Yes,Tier 3,5,2.5,High
1937,11938,29,8,High School,IT,4,3.0,9,4,42.4,Yes,Tier 1,4,1.4,Low
1938,11939,35,13,Bachelor,Finance,5,3.6,15,7,44.7,Yes,Tier 3,3,1.76,Low
1939,11940,30,10,Master,HR,3,3.4,10,6,42.4,No,Tier 1,2,1.55,Low
1940,11941,44,20,Bachelor,IT,7,2.3,21,10,44.8,Yes,Tier 1,4,2.45,High
1941,11942,28,8,Master,Sales,3,3.7,12,4,45.7,No,Tier 1,1,1.49,Low
1942,11943,44,20,Diploma,Sales,7,4.3,20,5,46.2,No,Tier 1,3,2.36,High
1943,11944,36,11,PhD,HR,3,4.4,12,7,43.0,No,Tier 3,1,1.66,Low
1944,11945,46,21,Master,Marketing,7,4.7,21,8,30.0,No,Tier 1,5,2.4,High
1945,11946,47,24,PhD,Operations,7,2.3,23,8,46.0,No,Tier 2,5,2.5,High
1946,11947,57,34,Master,Marketing,9,4.6,33,13,33.1,Yes,Tier 1,2,2.5,High
1947,11948,24,0,Bachelor,IT,1,3.6,5,2,40.0,No,Tier 3,3,0.72,Low
1948,11949,44,22,PhD,Marketing,7,4.5,23,8,31.0,No,Tier 2,2,2.48,High
1949,11950,39,19,Bachelor,HR,5,3.2,18,6,51.5,Yes,Tier 2,1,2.17,High
1950,11951,56,30,Bachelor,IT,9,3.2,28,12,45.1,No,Tier 1,2,2.5,High
1951,11952,59,39,Master,Finance,10,2.7,35,13,41.4,Yes,Tier 2,1,2.5,High
1952,11953,30,7,Master,Marketing,2,4.0,6,4,50.1,Yes,Tier 1,2,1.33,Low
1953,11954,45,18,Master,Marketing,6,3.8,20,8,45.7,No,Tier 1,5,2.21,High
1954,11955,38,12,Diploma,Operations,4,2.8,8,7,43.6,No,Tier 2,3,1.58,Low
1955,11956,39,15,Master,IT,5,2.1,17,9,45.0,No,Tier 3,2,1.99,Low
1956,11957,56,30,Master,Sales,9,3.8,28,12,41.1,No,Tier 3,1,2.5,High
1957,11958,30,3,High School,Marketing,2,3.8,5,2,36.8,No,Tier 2,3,0.88,Low
1958,11959,53,33,Bachelor,HR,10,2.9,30,14,47.8,No,Tier 2,5,2.5,High
1959,11960,25,5,Bachelor,Marketing,2,2.7,8,4,42.6,No,Tier 3,5,1.06,Low
1960,11961,55,33,Bachelor,Operations,9,3.9,26,13,34.2,No,Tier 2,4,2.5,High
1961,11962,54,33,PhD,Finance,10,4.7,33,13,45.5,Yes,Tier 1,3,2.5,High
1962,11963,53,27,Bachelor,Operations,7,3.2,25,11,43.2,Yes,Tier 3,2,2.5,High
1963,11964,41,18,Master,Marketing,5,2.9,23,8,51.5,Yes,Tier 1,5,2.22,High
1964,11965,37,10,PhD,Sales,4,3.7,13,5,44.3,No,Tier 1,2,1.76,Low
1965,11966,42,15,Bachelor,Marketing,4,3.9,15,5,37.1,No,Tier 2,2,1.72,Low
1966,11967,57,30,Master,IT,9,3.3,25,12,34.0,No,Tier 1,1,2.5,High
1967,11968,35,12,Bachelor,Marketing,4,4.8,12,8,49.3,Yes,Tier 1,2,1.86,Low
1968,11969,55,34,Master,Sales,9,4.1,31,12,42.7,No,Tier 1,4,2.5,High
1969,11970,48,28,Diploma,IT,9,3.3,29,11,38.7,Yes,Tier 2,3,2.5,High
1970,11971,27,5,PhD,HR,2,2.5,10,2,39.4,Yes,Tier 3,3,1.08,Low
1971,11972,52,30,Diploma,IT,8,4.4,28,13,49.5,No,Tier 1,1,2.5,High
1972,11973,31,8,Bachelor,Operations,4,4.3,14,5,45.4,No,Tier 1,4,1.65,Low
1973,11974,30,8,Master,Finance,3,3.3,4,3,48.5,No,Tier 1,4,1.48,Low
1974,11975,29,2,Bachelor,Operations,2,3.7,6,0,44.2,Yes,Tier 2,3,1.0,Low
1975,11976,34,9,Bachelor,IT,3,3.4,13,6,38.8,Yes,Tier 2,4,1.48,Low
1976,11977,33,12,Bachelor,HR,5,3.8,14,4,51.9,No,Tier 2,5,1.83,Low
1977,11978,45,25,Master,Marketing,8,2.8,20,11,41.0,Yes,Tier 1,2,2.5,High
1978,11979,22,0,Diploma,IT,2,2.7,6,1,47.0,Yes,Tier 2,2,0.81,Low
1979,11980,55,34,High School,Operations,10,4.0,32,14,48.4,Yes,Tier 2,3,2.5,High
1980,11981,27,3,Bachelor,IT,2,4.1,6,3,43.0,No,Tier 1,3,1.16,Low
1981,11982,41,15,Bachelor,IT,4,3.2,15,6,37.4,No,Tier 1,4,1.87,Low
1982,11983,38,15,Diploma,IT,4,3.0,20,5,39.6,No,Tier 1,1,1.74,Low
1983,11984,23,0,Bachelor,HR,2,4.2,4,2,46.4,No,Tier 3,3,0.76,Low
1984,11985,59,37,Bachelor,Sales,10,3.0,32,13,45.7,No,Tier 3,3,2.5,High
1985,11986,31,7,High School,Sales,3,3.5,7,5,49.5,No,Tier 2,3,1.13,Low
1986,11987,59,37,Bachelor,IT,10,3.5,34,13,48.7,No,Tier 3,4,2.5,High
1987,11988,44,19,Master,HR,5,2.5,21,8,38.2,No,Tier 2,5,2.08,Low
1988,11989,39,19,Diploma,HR,6,3.6,18,7,50.2,Yes,Tier 3,3,2.11,High
1989,11990,24,4,Bachelor,IT,3,3.6,5,3,37.9,No,Tier 1,5,1.23,Low
1990,11991,46,26,Master,Operations,7,3.7,27,9,46.0,Yes,Tier 2,4,2.5,High
1991,11992,58,31,Bachelor,Operations,8,3.6,26,12,55.1,Yes,Tier 2,1,2.5,High
1992,11993,52,30,Master,Finance,9,4.9,32,8,44.6,No,Tier 2,2,2.5,High
1993,11994,59,35,Bachelor,IT,9,4.3,29,12,34.1,Yes,Tier 1,2,2.5,High
1994,11995,56,36,Bachelor,Finance,10,3.5,29,13,41.4,No,Tier 1,2,2.5,High
1995,11996,60,36,High School,Operations,10,3.6,29,13,53.9,No,Tier 1,2,2.5,High
1996,11997,57,35,Master,Operations,9,4.6,28,15,42.0,Yes,Tier 1,4,2.5,High
1997,11998,53,26,Master,IT,8,4.1,23,9,49.6,No,Tier 1,2,2.5,High
1998,11999,56,31,High School,Finance,9,2.7,27,14,38.2,No,Tier 2,4,2.5,High
1999,12000,23,0,Bachelor,Finance,2,4.1,6,0,41.2,Yes,Tier 3,1,0.82,Low
2000,12001,29,5,PhD,IT,2,4.3,9,2,41.9,No,Tier 2,3,1.32,Low
2001,12002,28,1,Bachelor,Finance,1,4.6,3,0,52.8,No,Tier 3,3,0.81,Low
2002,12003,53,26,Bachelor,Marketing,8,3.2,32,11,41.5,Yes,Tier 3,3,2.5,High
2003,12004,26,1,Master,Operations,2,3.2,3,2,33.6,Yes,Tier 1,4,0.94,Low
2004,12005,59,37,Master,Sales,10,2.9,32,14,54.9,Yes,Tier 1,4,2.5,High
2005,12006,24,2,Bachelor,HR,1,3.7,1,2,44.1,Yes,Tier 1,4,0.91,Low
2006,12007,33,10,Master,Finance,3,4.0,11,5,46.3,Yes,Tier 3,1,1.53,Low
2007,12008,22,0,Master,Finance,2,3.2,4,2,35.0,No,Tier 1,5,0.92,Low
2008,12009,25,3,Bachelor,HR,2,3.4,2,5,44.3,Yes,Tier 2,4,1.03,Low
2009,12010,47,25,Bachelor,Finance,7,2.2,22,9,43.1,No,Tier 1,4,2.5,High
2010,12011,52,31,Bachelor,HR,8,4.5,29,14,38.2,Yes,Tier 3,3,2.5,High
2011,12012,41,21,PhD,IT,6,2.5,18,10,46.3,No,Tier 1,2,2.44,High
2012,12013,28,5,Master,Marketing,3,3.7,5,4,34.5,No,Tier 3,2,1.15,Low
2013,12014,58,32,High School,Marketing,10,3.7,31,13,38.1,No,Tier 1,1,2.5,High
2014,12015,28,5,Master,Operations,2,3.5,4,0,49.1,No,Tier 1,2,1.12,Low
2015,12016,23,0,Bachelor,Sales,1,3.5,1,1,39.4,Yes,Tier 2,5,0.76,Low
2016,12017,23,0,High School,Finance,2,2.8,3,1,40.5,No,Tier 3,3,0.57,Low
2017,12018,42,21,Bachelor,Sales,7,3.3,22,11,43.5,Yes,Tier 2,1,2.45,High
2018,12019,26,0,Bachelor,IT,1,4.1,4,1,41.1,Yes,Tier 3,2,0.82,Low
2019,12020,22,0,Master,Marketing,1,4.3,2,1,46.5,Yes,Tier 2,2,0.9,Low
2020,12021,43,21,Diploma,IT,6,3.2,19,8,43.9,No,Tier 2,3,2.32,High
2021,12022,22,2,Master,IT,2,2.5,7,1,35.5,Yes,Tier 1,1,0.95,Low
2022,12023,58,34,Bachelor,Finance,9,3.0,32,12,39.3,No,Tier 1,3,2.5,High
2023,12024,37,10,High School,IT,4,4.7,11,6,38.8,No,Tier 1,1,1.49,Low
2024,12025,55,29,PhD,Marketing,9,3.0,26,9,40.7,No,Tier 3,2,2.5,High
2025,12026,54,29,Bachelor,Sales,8,3.4,26,12,43.6,Yes,Tier 3,3,2.5,High
2026,12027,43,16,Bachelor,Marketing,5,4.4,14,6,44.5,Yes,Tier 2,3,1.97,Low
2027,12028,50,24,Bachelor,Finance,8,3.2,22,11,31.2,Yes,Tier 1,5,2.5,High
2028,12029,28,6,Master,Marketing,2,3.4,7,4,48.1,Yes,Tier 1,3,1.27,Low
2029,12030,42,21,Bachelor,HR,7,4.0,20,7,42.5,No,Tier 3,1,2.29,High
2030,12031,56,29,Diploma,Sales,8,4.6,25,11,37.4,No,Tier 1,5,2.5,High
2031,12032,25,0,Diploma,HR,1,3.1,4,2,47.8,No,Tier 3,3,0.65,Low
2032,12033,33,11,Bachelor,HR,3,4.4,14,5,32.5,No,Tier 1,3,1.53,Low
2033,12034,49,27,Master,Operations,7,3.3,24,11,35.1,No,Tier 1,5,2.5,High
2034,12035,51,30,Bachelor,Finance,9,2.9,25,11,53.6,Yes,Tier 3,2,2.5,High
2035,12036,36,13,Diploma,IT,5,3.7,15,7,43.7,No,Tier 1,3,1.86,Low
2036,12037,50,23,Diploma,HR,7,2.7,22,10,39.3,Yes,Tier 1,4,2.42,High
2037,12038,36,9,Bachelor,Marketing,3,3.8,9,4,43.5,No,Tier 3,2,1.42,Low
2038,12039,32,9,PhD,IT,4,5.0,14,5,42.1,No,Tier 2,3,1.8,Low
2039,12040,37,17,Bachelor,Marketing,6,4.2,15,6,43.2,No,Tier 2,2,2.1,High
2040,12041,36,16,PhD,Marketing,6,3.4,11,9,45.4,No,Tier 2,1,2.16,High
2041,12042,32,9,Bachelor,IT,3,4.2,8,8,42.0,No,Tier 1,2,1.55,Low
2042,12043,28,3,Diploma,IT,2,2.9,9,2,44.8,No,Tier 1,5,1.04,Low
2043,12044,40,16,Master,Marketing,5,3.0,15,7,42.2,No,Tier 2,3,2.05,Low
2044,12045,23,1,Bachelor,Finance,1,3.4,3,3,38.9,No,Tier 1,2,0.77,Low
2045,12046,36,12,Master,Sales,5,3.6,13,7,37.5,Yes,Tier 1,4,1.89,Low
2046,12047,50,28,PhD,Operations,8,2.7,28,11,49.6,Yes,Tier 2,1,2.5,High
2047,12048,43,20,High School,Sales,7,3.3,19,7,46.2,No,Tier 1,1,2.16,High
2048,12049,48,28,High School,Finance,9,3.4,27,13,48.2,No,Tier 2,2,2.5,High
2049,12050,60,35,Master,Operations,10,4.5,31,14,43.0,No,Tier 1,5,2.5,High
2050,12051,25,5,Bachelor,IT,3,2.7,8,3,44.1,Yes,Tier 1,1,1.25,Low
2051,12052,40,16,Diploma,Operations,6,2.6,16,6,42.1,Yes,Tier 1,2,1.93,Low
2052,12053,60,40,High School,Marketing,10,3.6,34,15,48.8,Yes,Tier 3,2,2.5,High
2053,12054,21,0,High School,Sales,2,4.2,4,0,41.3,No,Tier 1,1,0.71,Low
2054,12055,50,25,Master,Operations,7,3.9,22,11,38.1,Yes,Tier 2,2,2.5,High
2055,12056,41,17,Diploma,Marketing,6,3.7,13,8,45.6,Yes,Tier 2,2,2.06,Low
2056,12057,40,15,Bachelor,Finance,5,3.3,15,7,42.2,No,Tier 1,4,1.97,Low
2057,12058,26,0,Bachelor,Operations,2,3.9,1,0,44.2,No,Tier 2,2,0.82,Low
2058,12059,42,20,Bachelor,Marketing,6,4.0,20,9,46.6,Yes,Tier 3,2,2.32,High
2059,12060,38,18,High School,Finance,5,3.3,17,8,40.1,No,Tier 2,5,1.93,Low
2060,12061,28,3,Master,IT,1,2.9,9,2,41.9,No,Tier 1,1,1.09,Low
2061,12062,59,38,High School,Finance,10,2.9,33,15,41.4,No,Tier 2,5,2.5,High
2062,12063,52,25,Master,Finance,8,4.1,23,10,49.4,No,Tier 2,3,2.5,High
2063,12064,53,33,Master,Sales,10,2.5,26,12,43.1,No,Tier 1,5,2.5,High
2064,12065,36,14,Bachelor,Marketing,4,4.6,11,5,43.8,Yes,Tier 1,3,1.73,Low
2065,12066,32,7,Bachelor,Operations,2,3.2,4,4,37.2,Yes,Tier 1,3,1.2,Low
2066,12067,58,34,Bachelor,Sales,9,3.7,33,12,46.7,No,Tier 1,5,2.5,High
2067,12068,54,32,Bachelor,HR,10,4.0,27,12,45.1,No,Tier 1,4,2.5,High
2068,12069,34,13,Master,Finance,4,3.1,17,7,38.8,Yes,Tier 2,5,1.76,Low
2069,12070,56,31,Master,HR,8,3.2,21,13,52.6,Yes,Tier 1,1,2.5,High
2070,12071,53,27,Bachelor,Sales,8,3.6,28,11,44.7,No,Tier 3,5,2.5,High
2071,12072,43,17,Bachelor,Marketing,5,2.9,16,8,39.9,Yes,Tier 2,4,1.99,Low
2072,12073,22,0,Master,Sales,2,2.8,4,1,43.0,No,Tier 3,5,0.87,Low
2073,12074,41,21,PhD,Marketing,7,2.9,17,7,41.2,Yes,Tier 2,4,2.43,High
2074,12075,22,0,Bachelor,Marketing,2,4.3,4,1,50.7,No,Tier 1,1,1.06,Low
2075,12076,47,24,Bachelor,IT,8,3.8,21,11,47.7,Yes,Tier 2,2,2.5,High
2076,12077,29,4,Bachelor,Finance,3,3.0,3,4,45.3,Yes,Tier 3,4,1.1,Low
2077,12078,21,0,PhD,Sales,1,4.1,1,2,51.6,Yes,Tier 1,4,0.96,Low
2078,12079,31,5,Diploma,Marketing,2,3.0,4,1,37.8,No,Tier 1,4,0.95,Low
2079,12080,23,0,Bachelor,Sales,2,2.2,4,2,46.9,Yes,Tier 1,1,0.85,Low
2080,12081,43,18,Bachelor,Sales,6,4.0,16,6,45.7,No,Tier 1,3,2.24,High
2081,12082,46,20,Bachelor,Marketing,6,4.6,15,7,41.8,No,Tier 1,4,2.25,High
2082,12083,24,2,Bachelor,Operations,1,3.9,6,1,41.9,No,Tier 1,1,0.88,Low
2083,12084,38,11,PhD,HR,4,2.3,6,4,47.6,Yes,Tier 1,2,1.6,Low
2084,12085,26,1,High School,Finance,1,3.5,7,3,47.2,No,Tier 2,4,0.78,Low
2085,12086,55,31,Bachelor,Finance,8,3.3,33,12,35.9,No,Tier 1,3,2.5,High
2086,12087,42,15,High School,Operations,5,3.7,12,5,52.1,Yes,Tier 2,1,1.87,Low
2087,12088,35,12,Diploma,IT,4,2.9,15,5,48.7,No,Tier 2,2,1.57,Low
2088,12089,42,18,Bachelor,Operations,5,3.3,18,8,41.6,No,Tier 2,3,2.11,High
2089,12090,57,30,Bachelor,IT,8,2.6,26,12,39.0,No,Tier 1,2,2.5,High
2090,12091,32,11,Bachelor,IT,3,3.6,11,5,48.6,Yes,Tier 2,3,1.54,Low
2091,12092,58,32,Bachelor,Operations,10,2.6,30,11,45.5,No,Tier 1,5,2.5,High
2092,12093,38,17,High School,Finance,5,3.8,17,7,46.6,Yes,Tier 1,5,2.0,Low
2093,12094,55,35,Bachelor,HR,10,3.0,25,16,45.9,Yes,Tier 2,5,2.5,High
2094,12095,50,30,PhD,Finance,8,1.5,32,10,49.1,Yes,Tier 1,2,2.5,High
2095,12096,44,17,PhD,Finance,6,4.0,18,8,47.3,Yes,Tier 1,5,2.39,High
2096,12097,50,29,Bachelor,Finance,9,3.8,26,14,40.3,No,Tier 1,1,2.5,High
2097,12098,34,9,Bachelor,Operations,3,4.4,8,4,40.0,No,Tier 1,1,1.42,Low
2098,12099,26,2,Master,Operations,2,2.1,4,4,44.8,Yes,Tier 1,5,1.02,Low
2099,12100,23,2,High School,Operations,2,3.1,8,1,54.4,Yes,Tier 3,3,0.92,Low
2100,12101,36,16,Master,Finance,6,3.6,16,4,42.3,Yes,Tier 1,3,2.13,High
2101,12102,27,6,PhD,HR,3,3.9,9,3,44.8,No,Tier 2,2,1.42,Low
2102,12103,34,9,High School,IT,4,2.5,7,4,47.5,No,Tier 2,3,1.36,Low
2103,12104,29,8,Diploma,Sales,3,3.8,9,2,40.9,Yes,Tier 2,4,1.21,Low
2104,12105,35,11,PhD,IT,4,3.1,12,5,47.0,No,Tier 3,3,1.77,Low
2105,12106,41,18,Bachelor,IT,6,2.3,19,9,43.1,Yes,Tier 3,1,2.1,High
2106,12107,55,30,High School,Sales,8,3.0,26,11,49.2,No,Tier 2,3,2.5,High
2107,12108,22,2,Bachelor,Finance,1,3.8,7,2,38.3,No,Tier 3,2,0.84,Low
2108,12109,47,23,Bachelor,HR,7,2.3,19,11,54.6,Yes,Tier 1,3,2.49,High
2109,12110,22,1,Master,HR,1,3.9,4,1,41.4,No,Tier 2,2,0.77,Low
2110,12111,55,34,Master,IT,9,3.7,30,14,45.6,Yes,Tier 3,4,2.5,High
2111,12112,38,15,PhD,Sales,4,3.3,11,4,43.0,Yes,Tier 2,5,1.86,Low
2112,12113,34,14,Bachelor,Marketing,4,2.4,14,5,37.6,No,Tier 3,4,1.59,Low
2113,12114,40,20,Bachelor,Finance,6,2.5,18,8,47.2,No,Tier 1,1,2.27,High
2114,12115,38,16,Bachelor,IT,5,3.2,19,8,41.7,No,Tier 1,4,2.04,Low
2115,12116,30,10,Bachelor,HR,4,2.8,10,4,45.6,No,Tier 3,4,1.49,Low
2116,12117,45,22,Diploma,Operations,7,3.3,21,8,39.0,No,Tier 1,1,2.35,High
2117,12118,22,0,PhD,Operations,1,4.1,1,2,41.7,Yes,Tier 2,1,0.89,Low
2118,12119,45,23,Master,Sales,6,3.3,22,10,41.5,Yes,Tier 1,5,2.5,High
2119,12120,53,31,Bachelor,Sales,9,3.3,27,11,45.8,No,Tier 2,5,2.5,High
2120,12121,56,35,Bachelor,IT,9,3.3,29,13,44.5,No,Tier 3,3,2.5,High
2121,12122,51,30,Diploma,Marketing,9,4.2,34,13,42.1,Yes,Tier 1,2,2.5,High
2122,12123,34,14,Bachelor,HR,4,4.3,13,5,41.2,No,Tier 1,1,1.81,Low
2123,12124,21,0,Master,IT,2,3.8,2,2,44.6,No,Tier 1,4,1.01,Low
2124,12125,36,9,Bachelor,Marketing,4,3.6,12,4,44.0,Yes,Tier 3,4,1.52,Low
2125,12126,23,2,PhD,Sales,1,3.6,3,4,43.6,No,Tier 2,5,1.03,Low
2126,12127,55,32,Bachelor,Operations,9,4.4,30,13,52.8,Yes,Tier 1,2,2.5,High
2127,12128,26,0,Bachelor,Finance,1,3.8,4,3,45.8,No,Tier 1,1,0.87,Low
2128,12129,45,24,Master,Operations,7,4.5,23,9,52.6,No,Tier 3,5,2.5,High
2129,12130,33,8,Diploma,HR,4,3.2,15,5,42.7,No,Tier 3,2,1.37,Low
2130,12131,54,29,Bachelor,HR,8,2.6,24,12,42.8,Yes,Tier 1,1,2.5,High
2131,12132,28,7,Bachelor,Operations,3,3.1,12,4,40.5,No,Tier 1,4,1.3,Low
2132,12133,41,19,Bachelor,Operations,5,3.1,19,7,44.5,No,Tier 2,4,2.17,High
2133,12134,54,28,Master,Marketing,9,4.5,28,11,41.4,Yes,Tier 2,5,2.5,High
2134,12135,24,0,Bachelor,IT,1,4.0,4,0,40.7,Yes,Tier 3,2,0.75,Low
2135,12136,45,23,Master,Sales,6,3.1,26,11,33.5,No,Tier 2,4,2.47,High
2136,12137,35,11,Bachelor,Marketing,4,4.0,11,4,50.3,No,Tier 2,2,1.68,Low
2137,12138,24,0,Bachelor,Finance,1,3.4,4,1,41.1,Yes,Tier 2,5,0.74,Low
2138,12139,32,7,Master,Operations,2,4.6,12,2,50.4,Yes,Tier 3,3,1.25,Low
2139,12140,52,29,Diploma,Finance,8,3.3,25,12,42.5,Yes,Tier 1,2,2.5,High
2140,12141,52,30,Diploma,Finance,8,2.5,30,12,46.2,Yes,Tier 1,2,2.5,High
2141,12142,48,28,Bachelor,Marketing,8,3.4,25,10,43.4,No,Tier 1,5,2.5,High
2142,12143,33,8,Bachelor,Sales,4,3.3,6,1,45.1,Yes,Tier 3,3,1.34,Low
2143,12144,51,28,High School,HR,8,2.6,22,10,38.0,Yes,Tier 2,4,2.5,High
2144,12145,34,11,Bachelor,IT,4,3.9,12,6,48.9,No,Tier 1,1,1.76,Low
2145,12146,40,18,Bachelor,HR,5,4.4,20,8,41.2,Yes,Tier 2,5,2.12,High
2146,12147,38,15,Bachelor,Sales,4,2.8,10,6,47.6,No,Tier 1,1,1.81,Low
2147,12148,49,27,PhD,HR,8,4.1,25,10,35.7,No,Tier 1,3,2.5,High
2148,12149,26,0,Bachelor,Operations,2,3.1,5,0,39.2,No,Tier 1,3,0.85,Low
2149,12150,52,31,Master,Operations,9,3.5,25,13,44.9,No,Tier 2,2,2.5,High
2150,12151,49,24,Diploma,Marketing,8,3.4,21,8,42.2,Yes,Tier 2,1,2.5,High
2151,12152,22,0,Bachelor,Finance,2,3.5,4,1,45.3,Yes,Tier 3,1,0.82,Low
2152,12153,43,22,Master,Sales,6,3.8,23,8,44.0,No,Tier 3,3,2.5,High
2153,12154,39,14,Bachelor,Sales,5,2.8,18,7,52.1,No,Tier 1,1,1.96,Low
2154,12155,51,29,Master,HR,9,4.3,25,12,45.7,Yes,Tier 2,4,2.5,High
2155,12156,25,0,Bachelor,Marketing,1,3.8,1,1,40.8,No,Tier 1,3,0.72,Low
2156,12157,39,13,High School,HR,4,4.0,18,7,41.0,No,Tier 1,2,1.65,Low
2157,12158,54,32,Bachelor,HR,10,3.0,27,10,49.0,Yes,Tier 1,2,2.5,High
2158,12159,30,9,Bachelor,Sales,4,2.8,11,4,35.4,No,Tier 1,2,1.4,Low
2159,12160,45,25,Master,HR,8,4.3,28,9,45.8,No,Tier 1,1,2.5,High
2160,12161,22,2,Diploma,Finance,1,2.7,6,3,37.4,No,Tier 1,3,0.78,Low
2161,12162,31,4,PhD,HR,3,3.6,8,3,48.5,No,Tier 2,2,1.31,Low
2162,12163,51,24,PhD,Finance,7,4.2,25,10,40.8,No,Tier 1,3,2.5,High
2163,12164,35,10,Diploma,Sales,3,3.4,12,4,45.6,Yes,Tier 2,1,1.39,Low
2164,12165,29,9,Bachelor,Marketing,3,4.3,12,5,43.2,Yes,Tier 1,4,1.5,Low
2165,12166,43,21,Master,Operations,6,3.3,19,7,36.1,Yes,Tier 1,4,2.33,High
2166,12167,39,16,PhD,Finance,6,2.7,19,6,46.2,No,Tier 1,4,2.27,High
2167,12168,29,7,Bachelor,Marketing,2,3.7,10,4,39.4,No,Tier 1,1,1.32,Low
2168,12169,55,32,Bachelor,Marketing,9,3.6,25,11,47.0,No,Tier 1,2,2.5,High
2169,12170,41,20,Bachelor,Finance,7,5.0,20,9,38.0,No,Tier 2,1,2.36,High
2170,12171,29,5,Master,Sales,2,2.9,2,3,44.2,No,Tier 2,3,1.09,Low
2171,12172,48,25,Bachelor,IT,8,3.3,25,9,43.2,No,Tier 1,4,2.5,High
2172,12173,27,7,Master,Marketing,2,3.0,8,2,40.0,Yes,Tier 1,3,1.25,Low
2173,12174,36,14,High School,Marketing,5,3.4,19,7,49.9,No,Tier 3,1,1.8,Low
2174,12175,36,15,High School,Sales,4,3.4,16,3,43.2,No,Tier 1,5,1.67,Low
2175,12176,53,33,Bachelor,Sales,9,2.9,32,11,40.9,No,Tier 1,5,2.5,High
2176,12177,24,3,Bachelor,HR,2,3.8,3,4,44.5,Yes,Tier 2,1,1.09,Low
2177,12178,24,0,Bachelor,Sales,1,3.4,5,1,35.7,No,Tier 2,2,0.69,Low
2178,12179,59,33,Bachelor,Marketing,9,4.4,28,13,55.3,No,Tier 2,3,2.5,High
2179,12180,60,38,Bachelor,Finance,10,3.1,36,15,37.6,Yes,Tier 2,1,2.5,High
2180,12181,37,12,Diploma,IT,4,4.7,10,5,45.8,Yes,Tier 1,1,1.65,Low
2181,12182,57,35,Bachelor,HR,9,3.7,31,11,43.3,Yes,Tier 1,5,2.5,High
2182,12183,59,32,PhD,Finance,10,4.3,26,11,48.9,No,Tier 1,4,2.5,High
2183,12184,49,25,Bachelor,IT,8,3.6,23,8,43.9,Yes,Tier 2,4,2.5,High
2184,12185,56,34,Bachelor,IT,10,3.0,35,13,39.8,Yes,Tier 3,2,2.5,High
2185,12186,58,31,Bachelor,IT,9,3.3,30,13,33.7,No,Tier 1,2,2.5,High
2186,12187,59,34,PhD,Operations,10,2.6,30,12,34.1,No,Tier 1,2,2.5,High
2187,12188,57,34,Diploma,Finance,9,3.4,24,13,41.8,No,Tier 1,5,2.5,High
2188,12189,55,34,Master,HR,10,3.6,29,13,49.9,Yes,Tier 1,1,2.5,High
2189,12190,27,2,Master,HR,1,3.5,6,2,34.6,No,Tier 1,2,0.95,Low
2190,12191,47,27,Bachelor,IT,8,4.4,23,10,52.2,Yes,Tier 2,5,2.5,High
2191,12192,48,24,High School,Finance,7,3.4,26,11,48.4,No,Tier 3,3,2.5,High
2192,12193,42,19,Master,Operations,5,2.3,18,9,36.3,Yes,Tier 1,1,2.17,High
2193,12194,34,14,High School,IT,5,5.0,17,6,37.6,No,Tier 1,3,1.87,Low
2194,12195,27,7,Bachelor,Sales,2,3.1,9,3,38.1,No,Tier 1,4,1.24,Low
2195,12196,57,33,Master,HR,9,4.1,29,11,44.5,No,Tier 1,4,2.5,High
2196,12197,42,19,Diploma,Marketing,6,2.5,17,8,42.7,No,Tier 1,1,2.12,High
2197,12198,25,0,Master,IT,2,3.7,1,1,42.5,Yes,Tier 2,2,0.95,Low
2198,12199,22,2,High School,Sales,2,3.0,7,2,40.5,Yes,Tier 1,1,0.84,Low
2199,12200,47,27,Master,HR,8,1.7,24,8,43.9,No,Tier 3,2,2.5,High
2200,12201,41,18,Bachelor,Operations,5,3.3,19,7,47.2,No,Tier 2,4,2.02,Low
2201,12202,58,36,Diploma,Finance,10,3.5,30,13,42.4,Yes,Tier 2,1,2.5,High
2202,12203,35,15,Diploma,HR,4,3.4,12,8,39.7,Yes,Tier 1,1,1.8,Low
2203,12204,41,20,PhD,Finance,6,3.7,20,7,48.0,No,Tier 2,2,2.44,High
2204,12205,30,7,High School,Finance,2,3.3,7,2,41.9,No,Tier 2,4,1.02,Low
2205,12206,43,23,Diploma,Operations,6,3.5,20,10,45.8,No,Tier 1,4,2.34,High
2206,12207,59,35,Bachelor,Operations,10,3.6,28,13,42.5,No,Tier 1,2,2.5,High
2207,12208,25,0,Bachelor,IT,1,3.5,2,0,48.4,No,Tier 3,2,0.69,Low
2208,12209,21,0,Bachelor,IT,1,3.4,3,0,49.2,Yes,Tier 1,2,0.77,Low
2209,12210,33,6,Diploma,HR,2,2.9,7,3,49.0,Yes,Tier 1,4,1.12,Low
2210,12211,41,14,Bachelor,Operations,5,3.9,16,6,40.2,No,Tier 1,4,1.86,Low
2211,12212,46,21,Diploma,Sales,7,3.3,20,10,40.2,No,Tier 1,1,2.38,High
2212,12213,41,14,Diploma,HR,5,3.3,22,5,47.4,No,Tier 1,4,1.85,Low
2213,12214,38,13,Bachelor,Marketing,5,3.8,14,6,42.7,No,Tier 1,3,1.82,Low
2214,12215,57,37,Master,Finance,10,3.6,28,11,42.8,No,Tier 2,3,2.5,High
2215,12216,52,31,Diploma,Finance,8,3.0,27,12,39.5,No,Tier 1,2,2.5,High
2216,12217,56,35,Bachelor,IT,9,4.3,31,15,50.0,Yes,Tier 2,2,2.5,High
2217,12218,37,15,Bachelor,Sales,5,2.7,13,7,48.2,Yes,Tier 2,2,1.84,Low
2218,12219,55,30,PhD,Operations,8,2.8,27,11,42.4,No,Tier 1,1,2.5,High
2219,12220,31,10,PhD,Operations,3,3.9,9,6,39.8,No,Tier 2,3,1.53,Low
2220,12221,41,19,Master,IT,5,4.6,19,8,39.6,Yes,Tier 2,3,2.27,High
2221,12222,46,23,Diploma,Marketing,7,3.1,17,9,43.7,No,Tier 2,4,2.41,High
2222,12223,24,2,High School,HR,2,3.8,7,1,44.9,No,Tier 2,3,0.78,Low
2223,12224,54,30,Bachelor,HR,9,2.7,23,12,38.7,No,Tier 2,4,2.5,High
2224,12225,38,12,Bachelor,Sales,4,2.9,12,5,36.8,Yes,Tier 1,1,1.54,Low
2225,12226,60,40,Bachelor,IT,10,4.2,33,15,43.4,Yes,Tier 2,2,2.5,High
2226,12227,55,32,Master,IT,9,3.7,29,12,47.3,Yes,Tier 1,2,2.5,High
2227,12228,49,23,Master,Marketing,6,4.3,21,10,43.4,Yes,Tier 2,4,2.5,High
2228,12229,49,23,Master,HR,7,4.2,22,8,41.8,No,Tier 1,5,2.5,High
2229,12230,58,35,Bachelor,IT,9,2.1,34,13,37.3,Yes,Tier 3,4,2.5,High
2230,12231,41,17,Master,Operations,6,2.7,19,8,39.8,No,Tier 2,1,2.1,High
2231,12232,33,11,Bachelor,Sales,3,3.7,12,5,47.4,Yes,Tier 2,3,1.55,Low
2232,12233,37,17,High School,HR,6,2.4,18,7,36.7,Yes,Tier 2,4,1.84,Low
2233,12234,29,7,Master,Marketing,2,2.8,14,3,51.9,No,Tier 3,1,1.21,Low
2234,12235,21,0,High School,Sales,1,4.4,5,1,43.4,No,Tier 2,2,0.67,Low
2235,12236,22,0,Bachelor,Finance,2,3.1,2,2,35.1,No,Tier 1,5,0.8,Low
2236,12237,49,22,Bachelor,Operations,7,4.0,24,11,45.5,No,Tier 3,5,2.5,High
2237,12238,53,30,Master,Marketing,8,3.5,28,9,45.3,No,Tier 2,4,2.5,High
2238,12239,30,10,Master,Sales,3,3.1,9,3,40.8,No,Tier 2,3,1.47,Low
2239,12240,60,38,Bachelor,IT,10,2.4,33,14,47.7,No,Tier 3,4,2.5,High
2240,12241,41,21,Master,Finance,7,3.7,16,9,39.9,Yes,Tier 1,5,2.48,High
2241,12242,48,28,Bachelor,Marketing,8,4.4,20,11,46.2,No,Tier 1,5,2.5,High
2242,12243,31,10,Bachelor,IT,4,3.1,9,4,42.8,Yes,Tier 2,2,1.51,Low
2243,12244,54,33,Master,Operations,9,3.5,30,11,41.6,No,Tier 2,3,2.5,High
2244,12245,28,5,Master,Finance,2,2.5,7,2,49.7,Yes,Tier 1,3,1.16,Low
2245,12246,42,18,PhD,HR,5,3.1,14,8,47.9,No,Tier 2,5,2.27,High
2246,12247,28,1,Diploma,IT,1,3.7,1,2,37.5,No,Tier 2,5,0.72,Low
2247,12248,35,9,Master,Sales,4,4.0,14,5,44.9,Yes,Tier 2,4,1.65,Low
2248,12249,37,17,Bachelor,Marketing,6,3.9,17,6,52.5,No,Tier 3,4,2.12,High
2249,12250,43,19,Master,Finance,5,2.2,22,10,49.8,Yes,Tier 1,2,2.29,High
2250,12251,44,18,Diploma,IT,5,3.2,21,7,38.5,Yes,Tier 2,5,2.01,Low
2251,12252,39,13,Master,HR,4,2.9,15,6,51.0,Yes,Tier 2,4,1.8,Low
2252,12253,25,0,Bachelor,Marketing,2,3.3,3,1,47.7,No,Tier 1,2,0.89,Low
2253,12254,52,29,Bachelor,Marketing,8,3.4,25,11,37.8,No,Tier 1,3,2.5,High
2254,12255,21,0,Bachelor,IT,2,4.2,5,2,44.0,No,Tier 1,5,1.04,Low
2255,12256,43,16,Bachelor,HR,6,3.7,15,8,45.4,No,Tier 2,1,2.11,High
2256,12257,57,31,Bachelor,Operations,9,4.4,26,15,37.6,No,Tier 1,5,2.5,High
2257,12258,28,8,Master,Operations,4,3.0,4,5,46.5,No,Tier 1,4,1.52,Low
2258,12259,33,13,Bachelor,Finance,4,2.6,13,7,55.1,Yes,Tier 1,5,1.7,Low
2259,12260,28,3,Bachelor,IT,1,4.4,8,4,49.8,Yes,Tier 2,1,1.09,Low
2260,12261,43,19,Bachelor,Finance,6,3.8,21,8,43.8,Yes,Tier 2,5,2.27,High
2261,12262,21,0,High School,Operations,1,3.0,3,1,41.6,No,Tier 2,4,0.56,Low
2262,12263,44,17,Diploma,Marketing,5,3.8,14,8,44.6,Yes,Tier 1,3,1.92,Low
2263,12264,55,34,Bachelor,Finance,9,4.0,32,14,38.1,Yes,Tier 2,4,2.5,High
2264,12265,44,17,Bachelor,HR,6,3.6,17,9,40.6,No,Tier 2,2,2.04,Low
2265,12266,37,15,Diploma,Sales,4,3.0,14,5,33.2,Yes,Tier 1,4,1.69,Low
2266,12267,25,1,Bachelor,Operations,1,3.2,1,0,45.2,No,Tier 1,2,0.81,Low
2267,12268,40,19,Bachelor,Operations,5,3.7,23,9,41.3,Yes,Tier 3,5,2.13,High
2268,12269,41,19,Bachelor,HR,5,3.6,20,7,46.1,Yes,Tier 2,2,2.18,High
2269,12270,60,35,Bachelor,Finance,9,4.3,33,11,43.6,Yes,Tier 2,5,2.5,High
2270,12271,51,30,Diploma,IT,8,3.3,25,9,37.9,Yes,Tier 1,2,2.5,High
2271,12272,56,36,Master,Marketing,10,2.9,32,16,44.0,No,Tier 3,4,2.5,High
2272,12273,31,9,Master,Sales,3,5.0,10,6,39.4,Yes,Tier 2,1,1.59,Low
2273,12274,35,8,Master,IT,3,3.6,11,3,51.3,Yes,Tier 3,5,1.53,Low
2274,12275,39,18,Diploma,IT,5,4.0,21,7,38.8,No,Tier 3,2,2.03,Low
2275,12276,27,2,Master,HR,2,3.8,1,2,40.6,No,Tier 3,1,0.9,Low
2276,12277,48,21,Master,Finance,6,3.6,17,10,37.9,No,Tier 3,2,2.27,High
2277,12278,25,0,Master,Operations,2,3.4,5,1,37.5,No,Tier 1,2,0.87,Low
2278,12279,25,4,Diploma,Operations,2,1.7,5,2,43.2,No,Tier 3,2,0.87,Low
2279,12280,50,29,Bachelor,HR,9,2.8,28,13,36.8,Yes,Tier 1,4,2.5,High
2280,12281,52,27,Master,Finance,8,3.7,24,10,42.1,No,Tier 3,2,2.5,High
2281,12282,28,2,Bachelor,HR,1,1.7,1,2,45.2,No,Tier 1,1,0.71,Low
2282,12283,30,8,Bachelor,Operations,4,3.5,5,5,40.9,Yes,Tier 2,2,1.46,Low
2283,12284,58,35,Bachelor,IT,10,3.9,32,11,32.0,Yes,Tier 1,3,2.5,High
2284,12285,52,30,Bachelor,Marketing,9,4.0,28,12,49.7,Yes,Tier 2,5,2.5,High
2285,12286,48,22,High School,Finance,6,3.9,23,9,44.3,Yes,Tier 1,4,2.27,High
2286,12287,37,13,Bachelor,Sales,5,4.1,14,4,44.4,Yes,Tier 1,3,1.83,Low
2287,12288,51,24,High School,Sales,8,4.5,13,7,41.8,Yes,Tier 3,3,2.35,High
2288,12289,28,3,Bachelor,IT,1,4.2,7,2,47.1,No,Tier 2,1,0.99,Low
2289,12290,60,38,Bachelor,HR,10,3.6,30,14,47.7,No,Tier 1,1,2.5,High
2290,12291,45,24,Bachelor,HR,8,3.4,18,10,48.2,No,Tier 1,4,2.5,High
2291,12292,29,4,Diploma,Operations,3,3.6,1,5,44.3,No,Tier 1,4,1.12,Low
2292,12293,22,2,Master,IT,1,3.3,1,2,36.1,Yes,Tier 2,5,0.96,Low
2293,12294,35,9,Master,Operations,4,4.2,11,3,45.0,No,Tier 3,2,1.57,Low
2294,12295,23,0,Diploma,Operations,1,3.9,1,1,44.3,No,Tier 2,4,0.68,Low
2295,12296,56,34,Diploma,Sales,10,3.3,26,11,40.3,Yes,Tier 1,4,2.5,High
2296,12297,24,0,Diploma,Operations,2,4.4,3,1,39.0,Yes,Tier 1,2,0.76,Low
2297,12298,34,7,Master,Operations,3,3.3,6,6,45.7,Yes,Tier 3,5,1.36,Low
2298,12299,45,23,Bachelor,Sales,7,2.9,24,10,42.6,Yes,Tier 1,1,2.5,High
2299,12300,30,5,Bachelor,HR,2,3.5,11,2,41.0,Yes,Tier 2,5,1.15,Low
2300,12301,41,20,Diploma,Finance,7,3.0,18,9,51.4,Yes,Tier 1,2,2.35,High
2301,12302,56,36,Bachelor,Marketing,10,4.1,35,13,46.4,Yes,Tier 2,1,2.5,High
2302,12303,32,12,Master,Operations,5,3.0,16,2,45.2,Yes,Tier 3,1,1.67,Low
2303,12304,47,23,Master,Finance,6,3.4,22,8,49.1,No,Tier 1,1,2.5,High
2304,12305,60,35,Bachelor,Sales,10,4.1,35,14,44.7,Yes,Tier 2,5,2.5,High
2305,12306,22,0,High School,Finance,2,3.0,1,2,39.5,Yes,Tier 2,2,0.7,Low
2306,12307,33,13,Diploma,Marketing,4,3.8,9,8,41.1,No,Tier 1,5,1.65,Low
2307,12308,52,26,High School,Finance,7,2.9,20,11,46.7,No,Tier 1,5,2.5,High
2308,12309,51,31,Bachelor,Finance,8,3.7,26,13,46.1,Yes,Tier 2,3,2.5,High
2309,12310,36,13,Diploma,Finance,4,3.9,15,7,45.2,No,Tier 1,4,1.81,Low
2310,12311,52,29,Bachelor,Finance,9,3.5,23,12,37.3,Yes,Tier 3,5,2.5,High
2311,12312,52,32,Bachelor,IT,9,3.5,27,13,47.1,Yes,Tier 1,3,2.5,High
2312,12313,54,29,PhD,Operations,8,3.8,23,12,42.7,Yes,Tier 1,2,2.5,High
2313,12314,31,7,Bachelor,Sales,2,3.3,7,5,46.0,No,Tier 1,3,1.29,Low
2314,12315,30,10,Master,Marketing,4,4.1,14,4,38.8,Yes,Tier 1,5,1.69,Low
2315,12316,35,14,Master,Sales,5,4.4,15,3,52.8,No,Tier 2,2,1.94,Low
2316,12317,37,10,Diploma,IT,4,2.9,10,6,44.2,Yes,Tier 1,3,1.53,Low
2317,12318,60,38,Master,IT,10,4.6,36,15,40.9,No,Tier 2,5,2.5,High
2318,12319,38,14,Bachelor,IT,4,3.3,14,5,46.2,Yes,Tier 3,2,1.74,Low
2319,12320,29,8,Bachelor,Operations,4,4.8,10,3,47.3,No,Tier 2,2,1.46,Low
2320,12321,45,21,Bachelor,IT,6,3.3,23,9,46.2,No,Tier 1,4,2.48,High
2321,12322,60,39,PhD,Finance,10,4.0,33,15,38.0,No,Tier 3,5,2.5,High
2322,12323,34,12,Bachelor,Sales,4,4.0,15,6,48.7,Yes,Tier 1,4,1.8,Low
2323,12324,45,23,Bachelor,HR,6,3.2,24,8,41.3,No,Tier 2,2,2.37,High
2324,12325,42,19,PhD,Marketing,5,3.5,18,7,42.9,No,Tier 1,2,2.3,High
2325,12326,50,25,High School,IT,7,4.4,20,11,32.0,Yes,Tier 1,3,2.5,High
2326,12327,40,19,Master,Sales,5,3.3,18,8,40.7,No,Tier 3,4,2.16,High
2327,12328,41,14,Master,IT,5,3.2,17,7,40.6,No,Tier 1,1,2.0,Low
2328,12329,52,29,Master,Operations,8,2.8,28,11,45.3,No,Tier 2,5,2.5,High
2329,12330,41,20,PhD,IT,6,4.5,23,9,40.4,Yes,Tier 1,4,2.5,High
2330,12331,55,32,PhD,IT,9,3.2,27,12,34.9,No,Tier 2,2,2.5,High
2331,12332,52,30,High School,IT,8,4.3,29,11,44.2,Yes,Tier 2,3,2.5,High
2332,12333,50,26,Master,IT,8,3.1,21,11,41.7,Yes,Tier 1,5,2.5,High
2333,12334,59,33,Bachelor,Marketing,10,4.3,30,11,39.4,Yes,Tier 2,5,2.5,High
2334,12335,32,9,Bachelor,Sales,3,4.0,13,5,43.4,No,Tier 2,3,1.51,Low
2335,12336,38,17,Diploma,Operations,5,3.4,19,7,34.1,Yes,Tier 2,2,1.86,Low
2336,12337,41,20,Master,IT,6,3.0,19,8,46.1,No,Tier 2,1,2.35,High
2337,12338,33,7,PhD,IT,2,3.1,8,5,42.1,Yes,Tier 2,3,1.38,Low
2338,12339,41,16,Master,IT,6,3.1,13,8,41.7,Yes,Tier 1,1,2.14,High
2339,12340,28,1,Bachelor,IT,2,4.2,3,2,47.8,No,Tier 2,4,0.98,Low
2340,12341,60,38,High School,Finance,10,3.6,30,14,40.3,No,Tier 2,5,2.5,High
2341,12342,27,6,Bachelor,Finance,2,2.8,7,6,44.3,Yes,Tier 1,2,1.22,Low
2342,12343,43,23,Master,HR,6,3.3,17,11,42.4,Yes,Tier 3,1,2.42,High
2343,12344,52,28,Master,IT,8,3.4,22,12,59.1,Yes,Tier 1,2,2.5,High
2344,12345,31,8,Bachelor,HR,3,2.1,12,5,45.4,No,Tier 1,4,1.39,Low
2345,12346,42,17,High School,Marketing,6,3.4,18,6,37.3,Yes,Tier 1,1,1.9,Low
2346,12347,42,15,Bachelor,HR,5,4.0,14,6,51.8,No,Tier 1,2,2.01,Low
2347,12348,45,19,Bachelor,Sales,5,3.4,18,9,48.2,No,Tier 1,2,2.22,High
2348,12349,42,18,Master,Finance,6,3.7,18,9,43.2,Yes,Tier 3,4,2.24,High
2349,12350,48,26,Bachelor,Finance,8,3.8,25,11,40.8,Yes,Tier 1,3,2.5,High
2350,12351,49,24,Bachelor,IT,8,3.3,23,10,36.4,Yes,Tier 2,4,2.5,High
2351,12352,33,6,Bachelor,IT,2,4.0,4,6,45.2,Yes,Tier 1,1,1.29,Low
2352,12353,38,15,High School,Marketing,5,4.4,9,6,39.6,No,Tier 2,1,1.73,Low
2353,12354,22,0,PhD,Operations,2,2.5,1,3,38.6,No,Tier 3,5,0.87,Low
2354,12355,49,23,Bachelor,Marketing,6,3.3,21,10,46.9,No,Tier 1,2,2.48,High
2355,12356,41,21,Bachelor,Sales,7,5.0,22,9,50.7,Yes,Tier 3,1,2.5,High
2356,12357,35,9,Bachelor,IT,3,3.6,11,5,40.6,No,Tier 3,3,1.36,Low
2357,12358,47,25,Master,IT,8,3.5,24,10,47.0,Yes,Tier 2,3,2.5,High
2358,12359,51,26,Master,Marketing,7,3.3,22,9,44.1,Yes,Tier 1,4,2.5,High
2359,12360,35,10,Master,Marketing,3,4.3,11,5,44.8,No,Tier 2,1,1.56,Low
2360,12361,43,22,Bachelor,Marketing,7,2.9,21,10,38.9,No,Tier 3,1,2.41,High
2361,12362,44,24,Bachelor,Finance,8,4.1,20,10,41.9,Yes,Tier 1,5,2.5,High
2362,12363,33,13,Diploma,HR,4,3.3,11,4,37.5,No,Tier 2,5,1.51,Low
2363,12364,42,17,Master,HR,5,3.0,16,5,36.9,No,Tier 1,5,2.0,Low
2364,12365,57,32,High School,IT,10,3.3,30,11,45.6,No,Tier 1,1,2.5,High
2365,12366,53,29,Bachelor,Finance,9,3.5,24,11,40.4,Yes,Tier 3,4,2.5,High
2366,12367,23,0,Master,Marketing,2,3.2,2,1,38.4,No,Tier 1,4,0.88,Low
2367,12368,39,15,Master,IT,5,4.2,18,7,37.0,No,Tier 1,4,2.1,High
2368,12369,43,19,Bachelor,Finance,5,3.0,17,9,35.4,No,Tier 2,4,2.09,Low
2369,12370,49,29,Bachelor,Sales,8,3.6,26,13,33.2,No,Tier 1,3,2.5,High
2370,12371,50,29,High School,Operations,8,3.8,26,12,43.6,No,Tier 1,1,2.5,High
2371,12372,59,36,Master,Finance,10,3.6,31,15,30.0,Yes,Tier 2,2,2.5,High
2372,12373,45,21,Master,IT,7,4.0,24,8,45.4,Yes,Tier 1,1,2.5,High
2373,12374,57,36,Diploma,HR,10,3.2,33,13,45.3,No,Tier 1,4,2.5,High
2374,12375,28,2,Bachelor,Marketing,1,3.9,1,1,42.5,Yes,Tier 1,3,0.79,Low
2375,12376,36,14,Master,Operations,4,3.9,18,8,43.4,Yes,Tier 2,3,1.85,Low
2376,12377,28,4,Master,Sales,2,4.1,7,5,41.6,No,Tier 3,1,1.13,Low
2377,12378,21,0,Diploma,Operations,1,2.3,2,1,44.1,Yes,Tier 3,2,0.61,Low
2378,12379,25,2,Bachelor,Operations,1,3.8,8,0,44.1,No,Tier 1,4,0.95,Low
2379,12380,23,1,Diploma,Finance,2,4.1,2,1,49.5,No,Tier 2,3,0.88,Low
2380,12381,21,0,Diploma,IT,1,3.2,7,1,50.7,Yes,Tier 3,4,0.8,Low
2381,12382,24,1,Master,IT,1,3.1,4,0,50.5,No,Tier 1,4,0.95,Low
2382,12383,60,36,Master,Operations,10,3.0,34,12,39.0,Yes,Tier 3,4,2.5,High
2383,12384,55,35,Master,Marketing,9,2.8,39,13,46.8,No,Tier 3,5,2.5,High
2384,12385,52,29,High School,IT,8,3.9,27,12,45.5,No,Tier 1,4,2.5,High
2385,12386,54,31,Master,Operations,8,5.0,28,9,39.8,Yes,Tier 1,4,2.5,High
2386,12387,45,22,Bachelor,IT,6,3.1,18,8,38.6,Yes,Tier 1,2,2.36,High
2387,12388,30,8,Bachelor,Marketing,4,3.2,9,4,41.1,Yes,Tier 1,2,1.39,Low
2388,12389,41,14,Bachelor,Sales,4,3.5,12,5,37.7,No,Tier 3,5,1.6,Low
2389,12390,59,38,High School,Operations,10,2.5,33,14,36.1,No,Tier 3,5,2.5,High
2390,12391,47,21,Master,HR,7,3.0,27,8,45.5,Yes,Tier 1,4,2.43,High
2391,12392,47,27,Bachelor,HR,8,3.5,25,10,43.2,No,Tier 2,3,2.5,High
2392,12393,22,0,Diploma,Operations,1,2.9,2,0,43.1,Yes,Tier 2,3,0.63,Low
2393,12394,33,9,Diploma,Finance,3,4.3,10,5,47.6,No,Tier 1,1,1.41,Low
2394,12395,29,3,Diploma,Sales,1,2.7,4,2,42.0,No,Tier 2,3,0.82,Low
2395,12396,56,35,High School,Finance,9,4.1,34,11,47.2,Yes,Tier 3,3,2.5,High
2396,12397,42,19,Bachelor,HR,5,4.5,18,8,39.3,No,Tier 1,2,2.11,High
2397,12398,46,19,Master,Marketing,5,3.7,22,6,39.3,No,Tier 1,1,2.16,High
2398,12399,32,12,High School,Operations,4,3.4,12,4,43.1,No,Tier 1,1,1.55,Low
2399,12400,37,13,High School,IT,4,3.7,13,6,53.6,Yes,Tier 1,2,1.74,Low
2400,12401,34,8,Bachelor,HR,3,3.2,7,4,49.4,Yes,Tier 1,3,1.33,Low
2401,12402,34,9,Master,Sales,3,2.2,9,3,48.5,Yes,Tier 1,3,1.45,Low
2402,12403,54,27,Bachelor,HR,8,2.9,20,11,36.1,No,Tier 2,1,2.5,High
2403,12404,40,14,Bachelor,Sales,4,3.5,9,7,43.7,No,Tier 2,3,1.8,Low
2404,12405,31,4,Bachelor,Sales,2,2.9,8,3,47.1,Yes,Tier 1,1,1.12,Low
2405,12406,36,12,Bachelor,Operations,4,3.2,8,6,53.4,No,Tier 1,3,1.7,Low
2406,12407,51,28,High School,Sales,9,3.8,26,9,34.6,Yes,Tier 3,4,2.5,High
2407,12408,26,1,Master,Finance,1,3.6,3,3,46.7,Yes,Tier 3,2,0.83,Low
2408,12409,39,18,Bachelor,Marketing,5,4.2,20,8,48.3,Yes,Tier 1,5,2.18,High
2409,12410,57,37,Bachelor,HR,10,3.7,28,13,45.3,Yes,Tier 1,4,2.5,High
2410,12411,24,3,Master,Marketing,1,3.7,7,2,36.2,Yes,Tier 3,3,0.91,Low
2411,12412,24,3,Master,IT,2,3.0,6,3,44.3,Yes,Tier 1,5,1.2,Low
2412,12413,40,14,Diploma,HR,5,2.6,15,6,45.1,No,Tier 1,4,1.8,Low
2413,12414,30,3,Bachelor,Marketing,2,3.2,8,5,43.9,No,Tier 1,2,1.13,Low
2414,12415,44,24,Diploma,Marketing,8,3.0,22,7,39.6,Yes,Tier 1,5,2.46,High
2415,12416,55,35,Diploma,Operations,9,3.4,25,11,39.0,No,Tier 1,5,2.5,High
2416,12417,46,22,Master,Operations,7,2.8,22,6,45.3,No,Tier 1,2,2.5,High
2417,12418,57,33,Master,IT,10,4.0,30,13,39.6,Yes,Tier 2,4,2.5,High
2418,12419,58,38,PhD,Sales,10,3.0,33,15,39.7,No,Tier 3,5,2.5,High
2419,12420,41,16,Bachelor,HR,5,3.3,14,7,42.3,No,Tier 3,2,1.88,Low
2420,12421,60,38,Diploma,Operations,10,3.5,32,14,43.8,No,Tier 1,4,2.5,High
2421,12422,59,35,Diploma,HR,10,4.2,35,14,48.2,No,Tier 1,3,2.5,High
2422,12423,41,19,Master,IT,5,4.6,16,7,37.0,No,Tier 2,1,2.15,High
2423,12424,30,4,Bachelor,Operations,3,4.7,2,4,36.5,Yes,Tier 2,3,1.19,Low
2424,12425,58,33,Bachelor,Operations,10,2.7,26,14,41.1,No,Tier 1,3,2.5,High
2425,12426,24,4,Master,Sales,2,3.3,6,2,34.0,Yes,Tier 1,1,1.06,Low
2426,12427,40,15,Master,HR,4,3.1,19,6,45.9,No,Tier 1,3,1.94,Low
2427,12428,37,13,Master,HR,4,3.7,19,6,33.0,Yes,Tier 1,3,1.79,Low
2428,12429,27,6,High School,HR,2,3.7,9,5,46.5,Yes,Tier 1,2,1.16,Low
2429,12430,24,0,Master,Sales,1,3.1,1,1,48.5,No,Tier 3,2,0.81,Low
2430,12431,49,29,Master,Operations,8,3.1,24,12,44.3,Yes,Tier 1,4,2.5,High
2431,12432,34,11,Bachelor,IT,4,2.9,14,3,33.7,No,Tier 3,5,1.52,Low
2432,12433,23,0,Bachelor,HR,2,1.8,6,3,43.5,Yes,Tier 3,4,0.69,Low
2433,12434,44,17,Bachelor,Marketing,5,2.7,15,8,39.0,No,Tier 1,2,1.98,Low
2434,12435,57,35,PhD,Sales,10,4.1,35,13,37.0,Yes,Tier 2,2,2.5,High
2435,12436,36,11,High School,Finance,4,4.5,11,6,45.9,Yes,Tier 2,1,1.5,Low
2436,12437,24,4,Bachelor,IT,3,4.4,8,2,46.8,Yes,Tier 1,1,1.26,Low
2437,12438,44,18,Diploma,Marketing,6,4.1,20,6,49.4,No,Tier 1,2,2.17,High
2438,12439,54,29,Master,HR,9,2.8,22,13,41.6,No,Tier 2,3,2.5,High
2439,12440,50,30,Diploma,Finance,9,2.7,28,11,43.9,No,Tier 2,4,2.5,High
2440,12441,38,14,Diploma,IT,4,2.3,18,7,51.3,No,Tier 2,2,1.71,Low
2441,12442,39,13,Bachelor,Sales,4,3.1,12,7,53.5,No,Tier 2,2,1.76,Low
2442,12443,51,27,Master,Finance,7,3.6,22,11,48.4,No,Tier 1,1,2.5,High
2443,12444,39,13,Diploma,Operations,5,2.8,15,7,41.3,Yes,Tier 2,4,1.72,Low
2444,12445,39,15,Diploma,Finance,4,3.8,15,7,43.0,Yes,Tier 1,4,1.82,Low
2445,12446,42,15,Master,Marketing,4,3.9,14,8,42.1,Yes,Tier 2,5,1.93,Low
2446,12447,44,19,Bachelor,IT,5,3.2,18,8,46.5,Yes,Tier 3,2,2.11,High
2447,12448,32,9,Master,Marketing,4,2.6,6,4,38.9,No,Tier 2,5,1.39,Low
2448,12449,50,24,Diploma,Marketing,7,4.4,23,8,44.6,No,Tier 2,1,2.5,High
2449,12450,58,31,Bachelor,HR,9,3.5,32,12,44.6,No,Tier 2,5,2.5,High
2450,12451,51,25,Diploma,Sales,7,4.8,21,11,44.9,No,Tier 2,3,2.5,High
2451,12452,56,32,Diploma,Finance,9,3.6,27,11,37.9,No,Tier 2,2,2.5,High
2452,12453,39,19,Master,IT,5,3.6,19,8,44.2,No,Tier 1,2,2.35,High
2453,12454,56,30,Bachelor,Operations,9,2.9,34,12,51.8,Yes,Tier 3,4,2.5,High
2454,12455,50,23,Master,Sales,7,3.2,24,11,40.7,Yes,Tier 1,5,2.5,High
2455,12456,53,29,Bachelor,Sales,9,2.5,26,10,44.3,Yes,Tier 1,4,2.5,High
2456,12457,38,17,Bachelor,IT,6,2.6,17,8,33.8,Yes,Tier 1,5,2.11,High
2457,12458,48,24,Bachelor,Sales,8,4.0,25,9,44.3,No,Tier 1,5,2.5,High
2458,12459,31,6,PhD,HR,2,3.3,6,3,44.1,No,Tier 2,1,1.34,Low
2459,12460,53,30,Bachelor,Sales,8,3.2,29,10,43.6,Yes,Tier 1,5,2.5,High
2460,12461,37,16,Bachelor,HR,6,3.0,13,6,46.7,No,Tier 3,4,1.94,Low
2461,12462,26,1,Bachelor,Finance,2,3.2,6,2,41.6,No,Tier 1,5,1.02,Low
2462,12463,24,0,Bachelor,Finance,1,4.2,2,1,48.9,Yes,Tier 1,5,0.85,Low
2463,12464,40,15,Bachelor,Marketing,5,3.6,16,7,38.6,Yes,Tier 1,2,1.95,Low
2464,12465,47,27,Master,HR,7,2.7,24,9,50.2,No,Tier 2,2,2.5,High
2465,12466,35,10,Bachelor,Operations,4,4.2,13,6,44.1,No,Tier 3,2,1.6,Low
2466,12467,26,6,Master,Finance,2,4.6,7,4,42.6,Yes,Tier 2,3,1.31,Low
2467,12468,34,9,Diploma,Sales,4,3.8,16,3,35.8,Yes,Tier 1,2,1.49,Low
2468,12469,31,9,Master,IT,4,4.1,14,6,37.5,Yes,Tier 3,3,1.58,Low
2469,12470,59,32,Master,IT,9,4.3,25,13,44.8,Yes,Tier 1,3,2.5,High
2470,12471,29,8,Diploma,HR,3,2.4,10,5,39.4,No,Tier 2,4,1.24,Low
2471,12472,46,24,PhD,Operations,8,4.7,24,11,48.0,Yes,Tier 1,2,2.5,High
2472,12473,36,11,Bachelor,Marketing,4,4.2,11,6,44.4,Yes,Tier 1,5,1.77,Low
2473,12474,25,4,PhD,Sales,2,3.8,9,3,35.9,Yes,Tier 1,1,1.21,Low
2474,12475,30,9,Master,HR,4,3.4,13,5,46.8,No,Tier 1,5,1.65,Low
2475,12476,23,0,Bachelor,IT,1,2.6,3,0,42.2,Yes,Tier 3,2,0.6,Low
2476,12477,33,10,Diploma,HR,3,3.3,13,5,42.8,Yes,Tier 2,5,1.35,Low
2477,12478,50,28,Bachelor,Sales,9,3.8,19,13,48.2,No,Tier 3,2,2.5,High
2478,12479,26,3,High School,Operations,1,2.8,9,2,36.0,Yes,Tier 2,2,0.74,Low
2479,12480,37,16,Diploma,Operations,5,3.5,18,8,37.4,Yes,Tier 2,5,1.81,Low
2480,12481,39,19,Diploma,Finance,6,2.7,15,10,44.6,Yes,Tier 2,3,2.19,High
2481,12482,55,34,Bachelor,Sales,9,3.2,31,14,34.5,No,Tier 3,4,2.5,High
2482,12483,46,23,Master,Finance,6,2.6,16,10,40.0,No,Tier 1,4,2.45,High
2483,12484,25,3,Diploma,Finance,1,2.6,3,1,47.9,Yes,Tier 1,4,0.86,Low
2484,12485,49,24,Diploma,Finance,7,3.7,25,8,42.5,Yes,Tier 2,4,2.5,High
2485,12486,57,31,Bachelor,HR,9,3.1,28,14,36.1,Yes,Tier 3,1,2.5,High
2486,12487,40,14,Diploma,IT,4,3.2,14,7,43.9,No,Tier 3,2,1.73,Low
2487,12488,41,15,High School,Operations,5,3.1,15,7,41.0,No,Tier 2,1,1.62,Low
2488,12489,30,5,Diploma,HR,2,5.0,7,3,39.5,No,Tier 1,4,1.09,Low
2489,12490,25,0,Master,IT,2,3.9,5,2,60.0,No,Tier 1,4,1.14,Low
2490,12491,56,34,Master,Operations,9,4.0,29,15,45.9,No,Tier 3,5,2.5,High
2491,12492,26,1,Bachelor,Sales,2,3.0,5,2,41.6,No,Tier 1,4,0.83,Low
2492,12493,46,20,Master,Operations,6,3.8,16,9,47.5,No,Tier 1,2,2.42,High
2493,12494,24,0,Bachelor,Operations,1,3.4,5,2,41.5,No,Tier 3,4,0.66,Low
2494,12495,59,36,Master,Operations,10,3.0,31,13,40.4,Yes,Tier 1,4,2.5,High
2495,12496,59,32,Master,Marketing,9,4.8,28,11,44.5,No,Tier 2,1,2.5,High
2496,12497,55,28,Bachelor,Sales,9,3.9,24,13,45.5,No,Tier 2,2,2.5,High
2497,12498,21,0,Bachelor,HR,2,3.8,2,2,47.6,No,Tier 1,3,0.96,Low
2498,12499,44,20,High School,HR,6,2.9,16,7,50.1,Yes,Tier 1,5,2.15,High
2499,12500,56,36,Bachelor,IT,10,2.7,33,13,48.9,No,Tier 1,3,2.5,High
